Matrix_Size,Start_X,Start_Y,End_X,End_Y,Path,obstacles
10,1,9,6,0,"[(1, 9), (1, 8), (1, 7), (1, 6), (2, 6), (3, 6), (4, 6), (5, 6), (6, 6), (7, 6), (7, 5), (7, 4), (7, 3), (7, 2), (6, 2), (6, 1), (6, 0)]","[{'top_left': (1, 0), 'bottom_right': (3, 2)}, {'top_left': (4, 3), 'bottom_right': (6, 5)}]"
10,8,9,0,8,"[(8, 9), (7, 9), (6, 9), (5, 9), (4, 9), (3, 9), (2, 9), (1, 9), (0, 9), (0, 8)]","[{'top_left': (1, 0), 'bottom_right': (3, 2)}, {'top_left': (4, 3), 'bottom_right': (6, 5)}]"
10,7,9,4,0,"[(7, 9), (7, 8), (7, 7), (7, 6), (7, 5), (7, 4), (7, 3), (7, 2), (6, 2), (5, 2), (4, 2), (4, 1), (4, 0)]","[{'top_left': (1, 0), 'bottom_right': (3, 2)}, {'top_left': (4, 3), 'bottom_right': (6, 5)}]"
10,5,9,4,0,"[(5, 9), (5, 8), (5, 7), (5, 6), (6, 6), (7, 6), (7, 5), (7, 4), (7, 3), (7, 2), (6, 2), (5, 2), (4, 2), (4, 1), (4, 0)]","[{'top_left': (1, 0), 'bottom_right': (3, 2)}, {'top_left': (4, 3), 'bottom_right': (6, 5)}]"
10,7,8,1,6,"[(7, 8), (6, 8), (5, 8), (4, 8), (3, 8), (2, 8), (1, 8), (1, 7), (1, 6)]","[{'top_left': (1, 0), 'bottom_right': (3, 2)}, {'top_left': (4, 3), 'bottom_right': (6, 5)}]"
10,4,7,5,2,"[(4, 7), (4, 6), (4, 5), (4, 4), (4, 3), (4, 2), (5, 2)]","[{'top_left': (1, 4), 'bottom_right': (3, 6)}, {'top_left': (5, 3), 'bottom_right': (7, 5)}]"
10,3,2,7,6,"[(3, 2), (3, 3), (4, 3), (4, 4), (4, 5), (4, 6), (5, 6), (6, 6), (7, 6)]","[{'top_left': (1, 4), 'bottom_right': (3, 6)}, {'top_left': (5, 3), 'bottom_right': (7, 5)}]"
10,9,5,3,7,"[(9, 5), (8, 5), (8, 6), (7, 6), (6, 6), (5, 6), (4, 6), (4, 7), (3, 7)]","[{'top_left': (1, 4), 'bottom_right': (3, 6)}, {'top_left': (5, 3), 'bottom_right': (7, 5)}]"
10,2,3,8,8,"[(2, 3), (3, 3), (4, 3), (4, 4), (4, 5), (4, 6), (4, 7), (4, 8), (5, 8), (6, 8), (7, 8), (8, 8)]","[{'top_left': (1, 4), 'bottom_right': (3, 6)}, {'top_left': (5, 3), 'bottom_right': (7, 5)}]"
10,8,7,1,0,"[(8, 7), (7, 7), (6, 7), (5, 7), (4, 7), (4, 6), (4, 5), (4, 4), (4, 3), (3, 3), (2, 3), (1, 3), (1, 2), (1, 1), (1, 0)]","[{'top_left': (1, 4), 'bottom_right': (3, 6)}, {'top_left': (5, 3), 'bottom_right': (7, 5)}]"
10,9,1,6,6,"[(9, 1), (8, 1), (7, 1), (6, 1), (6, 2), (6, 3), (6, 4), (6, 5), (6, 6)]","[{'top_left': (1, 2), 'bottom_right': (3, 4)}, {'top_left': (2, 6), 'bottom_right': (4, 8)}]"
10,8,0,1,8,"[(8, 0), (7, 0), (6, 0), (5, 0), (4, 0), (4, 1), (4, 2), (4, 3), (4, 4), (4, 5), (3, 5), (2, 5), (1, 5), (1, 6), (1, 7), (1, 8)]","[{'top_left': (1, 2), 'bottom_right': (3, 4)}, {'top_left': (2, 6), 'bottom_right': (4, 8)}]"
10,8,8,0,9,"[(8, 8), (7, 8), (6, 8), (5, 8), (5, 9), (4, 9), (3, 9), (2, 9), (1, 9), (0, 9)]","[{'top_left': (1, 2), 'bottom_right': (3, 4)}, {'top_left': (2, 6), 'bottom_right': (4, 8)}]"
10,5,7,0,1,"[(5, 7), (5, 6), (5, 5), (4, 5), (3, 5), (2, 5), (1, 5), (0, 5), (0, 4), (0, 3), (0, 2), (0, 1)]","[{'top_left': (1, 2), 'bottom_right': (3, 4)}, {'top_left': (2, 6), 'bottom_right': (4, 8)}]"
10,5,4,3,0,"[(5, 4), (4, 4), (4, 3), (4, 2), (4, 1), (3, 1), (3, 0)]","[{'top_left': (1, 2), 'bottom_right': (3, 4)}, {'top_left': (2, 6), 'bottom_right': (4, 8)}]"
10,7,8,2,4,"[(7, 8), (6, 8), (5, 8), (4, 8), (4, 7), (4, 6), (3, 6), (2, 6), (2, 5), (2, 4)]","[{'top_left': (3, 1), 'bottom_right': (5, 3)}, {'top_left': (1, 7), 'bottom_right': (3, 9)}]"
10,8,9,6,3,"[(8, 9), (7, 9), (6, 9), (6, 8), (6, 7), (6, 6), (6, 5), (6, 4), (6, 3)]","[{'top_left': (3, 1), 'bottom_right': (5, 3)}, {'top_left': (1, 7), 'bottom_right': (3, 9)}]"
10,8,3,4,6,"[(8, 3), (7, 3), (6, 3), (6, 4), (5, 4), (4, 4), (4, 5), (4, 6)]","[{'top_left': (3, 1), 'bottom_right': (5, 3)}, {'top_left': (1, 7), 'bottom_right': (3, 9)}]"
10,5,0,9,8,"[(5, 0), (6, 0), (6, 1), (6, 2), (6, 3), (6, 4), (6, 5), (6, 6), (6, 7), (6, 8), (7, 8), (8, 8), (9, 8)]","[{'top_left': (3, 1), 'bottom_right': (5, 3)}, {'top_left': (1, 7), 'bottom_right': (3, 9)}]"
10,3,4,7,3,"[(3, 4), (4, 4), (5, 4), (6, 4), (6, 3), (7, 3)]","[{'top_left': (3, 1), 'bottom_right': (5, 3)}, {'top_left': (1, 7), 'bottom_right': (3, 9)}]"
10,6,6,7,0,"[(6, 6), (5, 6), (5, 5), (5, 4), (5, 3), (5, 2), (5, 1), (5, 0), (6, 0), (7, 0)]","[{'top_left': (2, 7), 'bottom_right': (4, 9)}, {'top_left': (6, 3), 'bottom_right': (8, 5)}]"
10,8,7,2,6,"[(8, 7), (7, 7), (6, 7), (5, 7), (5, 6), (4, 6), (3, 6), (2, 6)]","[{'top_left': (2, 7), 'bottom_right': (4, 9)}, {'top_left': (6, 3), 'bottom_right': (8, 5)}]"
10,1,7,8,1,"[(1, 7), (1, 6), (1, 5), (1, 4), (1, 3), (1, 2), (1, 1), (2, 1), (3, 1), (4, 1), (5, 1), (6, 1), (7, 1), (8, 1)]","[{'top_left': (2, 7), 'bottom_right': (4, 9)}, {'top_left': (6, 3), 'bottom_right': (8, 5)}]"
10,0,8,0,1,"[(0, 8), (0, 7), (0, 6), (0, 5), (0, 4), (0, 3), (0, 2), (0, 1)]","[{'top_left': (2, 7), 'bottom_right': (4, 9)}, {'top_left': (6, 3), 'bottom_right': (8, 5)}]"
10,3,2,6,7,"[(3, 2), (3, 3), (3, 4), (3, 5), (3, 6), (4, 6), (5, 6), (5, 7), (6, 7)]","[{'top_left': (2, 7), 'bottom_right': (4, 9)}, {'top_left': (6, 3), 'bottom_right': (8, 5)}]"
10,8,7,2,3,"[(8, 7), (7, 7), (6, 7), (5, 7), (4, 7), (3, 7), (2, 7), (2, 6), (2, 5), (2, 4), (2, 3)]","[{'top_left': (7, 3), 'bottom_right': (9, 5)}, {'top_left': (6, 0), 'bottom_right': (8, 2)}]"
10,4,3,0,9,"[(4, 3), (3, 3), (2, 3), (1, 3), (0, 3), (0, 4), (0, 5), (0, 6), (0, 7), (0, 8), (0, 9)]","[{'top_left': (7, 3), 'bottom_right': (9, 5)}, {'top_left': (6, 0), 'bottom_right': (8, 2)}]"
10,0,9,7,8,"[(0, 9), (0, 8), (1, 8), (2, 8), (3, 8), (4, 8), (5, 8), (6, 8), (7, 8)]","[{'top_left': (7, 3), 'bottom_right': (9, 5)}, {'top_left': (6, 0), 'bottom_right': (8, 2)}]"
10,1,2,1,9,"[(1, 2), (1, 3), (1, 4), (1, 5), (1, 6), (1, 7), (1, 8), (1, 9)]","[{'top_left': (7, 3), 'bottom_right': (9, 5)}, {'top_left': (6, 0), 'bottom_right': (8, 2)}]"
10,1,8,2,4,"[(1, 8), (1, 7), (1, 6), (1, 5), (1, 4), (2, 4)]","[{'top_left': (7, 3), 'bottom_right': (9, 5)}, {'top_left': (6, 0), 'bottom_right': (8, 2)}]"
10,4,0,1,6,"[(4, 0), (3, 0), (2, 0), (1, 0), (1, 1), (1, 2), (1, 3), (1, 4), (1, 5), (1, 6)]","[{'top_left': (4, 3), 'bottom_right': (6, 5)}, {'top_left': (4, 7), 'bottom_right': (6, 9)}]"
10,4,0,0,5,"[(4, 0), (3, 0), (2, 0), (1, 0), (0, 0), (0, 1), (0, 2), (0, 3), (0, 4), (0, 5)]","[{'top_left': (4, 3), 'bottom_right': (6, 5)}, {'top_left': (4, 7), 'bottom_right': (6, 9)}]"
10,8,6,8,0,"[(8, 6), (8, 5), (8, 4), (8, 3), (8, 2), (8, 1), (8, 0)]","[{'top_left': (4, 3), 'bottom_right': (6, 5)}, {'top_left': (4, 7), 'bottom_right': (6, 9)}]"
10,1,1,2,8,"[(1, 1), (1, 2), (1, 3), (1, 4), (1, 5), (1, 6), (1, 7), (1, 8), (2, 8)]","[{'top_left': (4, 3), 'bottom_right': (6, 5)}, {'top_left': (4, 7), 'bottom_right': (6, 9)}]"
10,0,5,9,8,"[(0, 5), (0, 6), (1, 6), (2, 6), (3, 6), (4, 6), (5, 6), (6, 6), (7, 6), (7, 7), (7, 8), (8, 8), (9, 8)]","[{'top_left': (4, 3), 'bottom_right': (6, 5)}, {'top_left': (4, 7), 'bottom_right': (6, 9)}]"
10,4,5,0,5,"[(4, 5), (3, 5), (2, 5), (1, 5), (0, 5)]","[{'top_left': (2, 6), 'bottom_right': (4, 8)}, {'top_left': (2, 0), 'bottom_right': (4, 2)}]"
10,8,6,9,2,"[(8, 6), (8, 5), (8, 4), (8, 3), (8, 2), (9, 2)]","[{'top_left': (2, 6), 'bottom_right': (4, 8)}, {'top_left': (2, 0), 'bottom_right': (4, 2)}]"
10,0,2,5,6,"[(0, 2), (0, 3), (0, 4), (0, 5), (1, 5), (2, 5), (3, 5), (4, 5), (5, 5), (5, 6)]","[{'top_left': (2, 6), 'bottom_right': (4, 8)}, {'top_left': (2, 0), 'bottom_right': (4, 2)}]"
10,4,5,8,6,"[(4, 5), (5, 5), (5, 6), (6, 6), (7, 6), (8, 6)]","[{'top_left': (2, 6), 'bottom_right': (4, 8)}, {'top_left': (2, 0), 'bottom_right': (4, 2)}]"
10,8,5,0,1,"[(8, 5), (7, 5), (6, 5), (5, 5), (4, 5), (3, 5), (2, 5), (1, 5), (0, 5), (0, 4), (0, 3), (0, 2), (0, 1)]","[{'top_left': (2, 6), 'bottom_right': (4, 8)}, {'top_left': (2, 0), 'bottom_right': (4, 2)}]"
10,5,5,6,9,"[(5, 5), (5, 6), (5, 7), (5, 8), (5, 9), (6, 9)]","[{'top_left': (4, 2), 'bottom_right': (6, 4)}, {'top_left': (1, 6), 'bottom_right': (3, 8)}]"
10,8,1,6,9,"[(8, 1), (7, 1), (7, 2), (7, 3), (7, 4), (7, 5), (6, 5), (6, 6), (6, 7), (6, 8), (6, 9)]","[{'top_left': (4, 2), 'bottom_right': (6, 4)}, {'top_left': (1, 6), 'bottom_right': (3, 8)}]"
10,0,8,8,3,"[(0, 8), (0, 7), (0, 6), (0, 5), (1, 5), (2, 5), (3, 5), (4, 5), (5, 5), (6, 5), (7, 5), (7, 4), (7, 3), (8, 3)]","[{'top_left': (4, 2), 'bottom_right': (6, 4)}, {'top_left': (1, 6), 'bottom_right': (3, 8)}]"
10,5,6,1,5,"[(5, 6), (4, 6), (4, 5), (3, 5), (2, 5), (1, 5)]","[{'top_left': (4, 2), 'bottom_right': (6, 4)}, {'top_left': (1, 6), 'bottom_right': (3, 8)}]"
10,9,5,1,4,"[(9, 5), (8, 5), (7, 5), (6, 5), (5, 5), (4, 5), (3, 5), (2, 5), (1, 5), (1, 4)]","[{'top_left': (4, 2), 'bottom_right': (6, 4)}, {'top_left': (1, 6), 'bottom_right': (3, 8)}]"
10,3,6,9,9,"[(3, 6), (3, 7), (3, 8), (3, 9), (4, 9), (5, 9), (6, 9), (7, 9), (8, 9), (9, 9)]","[{'top_left': (4, 6), 'bottom_right': (6, 8)}, {'top_left': (4, 2), 'bottom_right': (6, 4)}]"
10,3,8,7,2,"[(3, 8), (3, 7), (3, 6), (3, 5), (4, 5), (5, 5), (6, 5), (7, 5), (7, 4), (7, 3), (7, 2)]","[{'top_left': (4, 6), 'bottom_right': (6, 8)}, {'top_left': (4, 2), 'bottom_right': (6, 4)}]"
10,1,4,8,9,"[(1, 4), (1, 5), (1, 6), (1, 7), (1, 8), (1, 9), (2, 9), (3, 9), (4, 9), (5, 9), (6, 9), (7, 9), (8, 9)]","[{'top_left': (4, 6), 'bottom_right': (6, 8)}, {'top_left': (4, 2), 'bottom_right': (6, 4)}]"
10,0,3,7,9,"[(0, 3), (0, 4), (0, 5), (0, 6), (0, 7), (0, 8), (0, 9), (1, 9), (2, 9), (3, 9), (4, 9), (5, 9), (6, 9), (7, 9)]","[{'top_left': (4, 6), 'bottom_right': (6, 8)}, {'top_left': (4, 2), 'bottom_right': (6, 4)}]"
10,1,7,6,9,"[(1, 7), (1, 8), (1, 9), (2, 9), (3, 9), (4, 9), (5, 9), (6, 9)]","[{'top_left': (4, 6), 'bottom_right': (6, 8)}, {'top_left': (4, 2), 'bottom_right': (6, 4)}]"
10,6,3,2,8,"[(6, 3), (5, 3), (4, 3), (3, 3), (2, 3), (2, 4), (2, 5), (2, 6), (2, 7), (2, 8)]","[{'top_left': (3, 6), 'bottom_right': (5, 8)}, {'top_left': (7, 6), 'bottom_right': (9, 8)}]"
10,7,4,3,4,"[(7, 4), (6, 4), (5, 4), (4, 4), (3, 4)]","[{'top_left': (3, 6), 'bottom_right': (5, 8)}, {'top_left': (7, 6), 'bottom_right': (9, 8)}]"
10,6,6,9,0,"[(6, 6), (6, 5), (6, 4), (6, 3), (6, 2), (6, 1), (6, 0), (7, 0), (8, 0), (9, 0)]","[{'top_left': (3, 6), 'bottom_right': (5, 8)}, {'top_left': (7, 6), 'bottom_right': (9, 8)}]"
10,7,0,6,5,"[(7, 0), (6, 0), (6, 1), (6, 2), (6, 3), (6, 4), (6, 5)]","[{'top_left': (3, 6), 'bottom_right': (5, 8)}, {'top_left': (7, 6), 'bottom_right': (9, 8)}]"
10,9,9,0,1,"[(9, 9), (8, 9), (7, 9), (6, 9), (5, 9), (4, 9), (3, 9), (2, 9), (1, 9), (0, 9), (0, 8), (0, 7), (0, 6), (0, 5), (0, 4), (0, 3), (0, 2), (0, 1)]","[{'top_left': (3, 6), 'bottom_right': (5, 8)}, {'top_left': (7, 6), 'bottom_right': (9, 8)}]"
10,3,3,0,9,"[(3, 3), (3, 4), (3, 5), (3, 6), (3, 7), (2, 7), (1, 7), (0, 7), (0, 8), (0, 9)]","[{'top_left': (6, 2), 'bottom_right': (8, 4)}, {'top_left': (0, 4), 'bottom_right': (2, 6)}]"
10,2,3,2,7,"[(2, 3), (3, 3), (3, 4), (3, 5), (3, 6), (3, 7), (2, 7)]","[{'top_left': (6, 2), 'bottom_right': (8, 4)}, {'top_left': (0, 4), 'bottom_right': (2, 6)}]"
10,4,5,2,9,"[(4, 5), (3, 5), (3, 6), (3, 7), (2, 7), (2, 8), (2, 9)]","[{'top_left': (6, 2), 'bottom_right': (8, 4)}, {'top_left': (0, 4), 'bottom_right': (2, 6)}]"
10,1,9,3,1,"[(1, 9), (1, 8), (1, 7), (2, 7), (3, 7), (3, 6), (3, 5), (3, 4), (3, 3), (3, 2), (3, 1)]","[{'top_left': (6, 2), 'bottom_right': (8, 4)}, {'top_left': (0, 4), 'bottom_right': (2, 6)}]"
10,5,1,8,5,"[(5, 1), (5, 2), (5, 3), (5, 4), (5, 5), (6, 5), (7, 5), (8, 5)]","[{'top_left': (6, 2), 'bottom_right': (8, 4)}, {'top_left': (0, 4), 'bottom_right': (2, 6)}]"
10,6,9,4,5,"[(6, 9), (5, 9), (4, 9), (4, 8), (4, 7), (4, 6), (4, 5)]","[{'top_left': (0, 6), 'bottom_right': (2, 8)}, {'top_left': (7, 1), 'bottom_right': (9, 3)}]"
10,3,1,4,7,"[(3, 1), (3, 2), (3, 3), (3, 4), (3, 5), (3, 6), (3, 7), (4, 7)]","[{'top_left': (0, 6), 'bottom_right': (2, 8)}, {'top_left': (7, 1), 'bottom_right': (9, 3)}]"
10,3,7,9,9,"[(3, 7), (3, 8), (3, 9), (4, 9), (5, 9), (6, 9), (7, 9), (8, 9), (9, 9)]","[{'top_left': (0, 6), 'bottom_right': (2, 8)}, {'top_left': (7, 1), 'bottom_right': (9, 3)}]"
10,9,4,8,0,"[(9, 4), (8, 4), (7, 4), (6, 4), (6, 3), (6, 2), (6, 1), (6, 0), (7, 0), (8, 0)]","[{'top_left': (0, 6), 'bottom_right': (2, 8)}, {'top_left': (7, 1), 'bottom_right': (9, 3)}]"
10,7,7,7,0,"[(7, 7), (6, 7), (6, 6), (6, 5), (6, 4), (6, 3), (6, 2), (6, 1), (6, 0), (7, 0)]","[{'top_left': (0, 6), 'bottom_right': (2, 8)}, {'top_left': (7, 1), 'bottom_right': (9, 3)}]"
10,1,3,5,1,"[(1, 3), (1, 2), (1, 1), (2, 1), (3, 1), (4, 1), (5, 1)]","[{'top_left': (1, 4), 'bottom_right': (3, 6)}, {'top_left': (5, 7), 'bottom_right': (7, 9)}]"
10,8,2,3,3,"[(8, 2), (7, 2), (6, 2), (5, 2), (4, 2), (3, 2), (3, 3)]","[{'top_left': (1, 4), 'bottom_right': (3, 6)}, {'top_left': (5, 7), 'bottom_right': (7, 9)}]"
10,7,4,9,8,"[(7, 4), (7, 5), (7, 6), (8, 6), (8, 7), (8, 8), (9, 8)]","[{'top_left': (1, 4), 'bottom_right': (3, 6)}, {'top_left': (5, 7), 'bottom_right': (7, 9)}]"
10,9,4,1,3,"[(9, 4), (8, 4), (7, 4), (6, 4), (5, 4), (4, 4), (4, 3), (3, 3), (2, 3), (1, 3)]","[{'top_left': (1, 4), 'bottom_right': (3, 6)}, {'top_left': (5, 7), 'bottom_right': (7, 9)}]"
10,4,0,8,2,"[(4, 0), (4, 1), (4, 2), (5, 2), (6, 2), (7, 2), (8, 2)]","[{'top_left': (1, 4), 'bottom_right': (3, 6)}, {'top_left': (5, 7), 'bottom_right': (7, 9)}]"
10,2,7,1,0,"[(2, 7), (3, 7), (3, 6), (3, 5), (3, 4), (3, 3), (2, 3), (1, 3), (1, 2), (1, 1), (1, 0)]","[{'top_left': (4, 0), 'bottom_right': (6, 2)}, {'top_left': (0, 4), 'bottom_right': (2, 6)}]"
10,7,5,2,0,"[(7, 5), (6, 5), (5, 5), (4, 5), (3, 5), (3, 4), (3, 3), (2, 3), (2, 2), (2, 1), (2, 0)]","[{'top_left': (4, 0), 'bottom_right': (6, 2)}, {'top_left': (0, 4), 'bottom_right': (2, 6)}]"
10,4,7,1,1,"[(4, 7), (3, 7), (3, 6), (3, 5), (3, 4), (3, 3), (2, 3), (1, 3), (1, 2), (1, 1)]","[{'top_left': (4, 0), 'bottom_right': (6, 2)}, {'top_left': (0, 4), 'bottom_right': (2, 6)}]"
10,6,7,1,9,"[(6, 7), (5, 7), (4, 7), (3, 7), (2, 7), (1, 7), (1, 8), (1, 9)]","[{'top_left': (4, 0), 'bottom_right': (6, 2)}, {'top_left': (0, 4), 'bottom_right': (2, 6)}]"
10,0,2,2,9,"[(0, 2), (0, 3), (1, 3), (2, 3), (3, 3), (3, 4), (3, 5), (3, 6), (3, 7), (2, 7), (2, 8), (2, 9)]","[{'top_left': (4, 0), 'bottom_right': (6, 2)}, {'top_left': (0, 4), 'bottom_right': (2, 6)}]"
10,4,9,9,0,"[(4, 9), (4, 8), (4, 7), (4, 6), (4, 5), (4, 4), (5, 4), (6, 4), (7, 4), (7, 3), (7, 2), (7, 1), (7, 0), (8, 0), (9, 0)]","[{'top_left': (4, 1), 'bottom_right': (6, 3)}, {'top_left': (6, 7), 'bottom_right': (8, 9)}]"
10,9,1,3,3,"[(9, 1), (8, 1), (7, 1), (7, 0), (6, 0), (5, 0), (4, 0), (3, 0), (3, 1), (3, 2), (3, 3)]","[{'top_left': (4, 1), 'bottom_right': (6, 3)}, {'top_left': (6, 7), 'bottom_right': (8, 9)}]"
10,2,8,1,2,"[(2, 8), (1, 8), (1, 7), (1, 6), (1, 5), (1, 4), (1, 3), (1, 2)]","[{'top_left': (4, 1), 'bottom_right': (6, 3)}, {'top_left': (6, 7), 'bottom_right': (8, 9)}]"
10,7,4,0,3,"[(7, 4), (6, 4), (5, 4), (4, 4), (3, 4), (2, 4), (1, 4), (0, 4), (0, 3)]","[{'top_left': (4, 1), 'bottom_right': (6, 3)}, {'top_left': (6, 7), 'bottom_right': (8, 9)}]"
10,4,4,7,1,"[(4, 4), (5, 4), (6, 4), (7, 4), (7, 3), (7, 2), (7, 1)]","[{'top_left': (4, 1), 'bottom_right': (6, 3)}, {'top_left': (6, 7), 'bottom_right': (8, 9)}]"
10,0,2,4,9,"[(0, 2), (0, 3), (0, 4), (0, 5), (0, 6), (0, 7), (0, 8), (0, 9), (1, 9), (2, 9), (3, 9), (4, 9)]","[{'top_left': (3, 4), 'bottom_right': (5, 6)}, {'top_left': (2, 1), 'bottom_right': (4, 3)}]"
10,5,9,4,0,"[(5, 9), (5, 8), (5, 7), (6, 7), (6, 6), (6, 5), (6, 4), (6, 3), (5, 3), (5, 2), (5, 1), (5, 0), (4, 0)]","[{'top_left': (3, 4), 'bottom_right': (5, 6)}, {'top_left': (2, 1), 'bottom_right': (4, 3)}]"
10,1,3,9,9,"[(1, 3), (1, 4), (1, 5), (1, 6), (1, 7), (1, 8), (1, 9), (2, 9), (3, 9), (4, 9), (5, 9), (6, 9), (7, 9), (8, 9), (9, 9)]","[{'top_left': (3, 4), 'bottom_right': (5, 6)}, {'top_left': (2, 1), 'bottom_right': (4, 3)}]"
10,0,4,9,0,"[(0, 4), (0, 3), (0, 2), (0, 1), (0, 0), (1, 0), (2, 0), (3, 0), (4, 0), (5, 0), (6, 0), (7, 0), (8, 0), (9, 0)]","[{'top_left': (3, 4), 'bottom_right': (5, 6)}, {'top_left': (2, 1), 'bottom_right': (4, 3)}]"
10,2,7,8,7,"[(2, 7), (3, 7), (4, 7), (5, 7), (6, 7), (7, 7), (8, 7)]","[{'top_left': (3, 4), 'bottom_right': (5, 6)}, {'top_left': (2, 1), 'bottom_right': (4, 3)}]"
10,1,7,5,6,"[(1, 7), (1, 6), (2, 6), (3, 6), (4, 6), (5, 6)]","[{'top_left': (4, 2), 'bottom_right': (6, 4)}, {'top_left': (6, 7), 'bottom_right': (8, 9)}]"
10,5,5,1,2,"[(5, 5), (4, 5), (3, 5), (2, 5), (1, 5), (1, 4), (1, 3), (1, 2)]","[{'top_left': (4, 2), 'bottom_right': (6, 4)}, {'top_left': (6, 7), 'bottom_right': (8, 9)}]"
10,1,6,8,0,"[(1, 6), (1, 5), (1, 4), (1, 3), (1, 2), (1, 1), (1, 0), (2, 0), (3, 0), (4, 0), (5, 0), (6, 0), (7, 0), (8, 0)]","[{'top_left': (4, 2), 'bottom_right': (6, 4)}, {'top_left': (6, 7), 'bottom_right': (8, 9)}]"
10,4,8,2,4,"[(4, 8), (3, 8), (2, 8), (2, 7), (2, 6), (2, 5), (2, 4)]","[{'top_left': (4, 2), 'bottom_right': (6, 4)}, {'top_left': (6, 7), 'bottom_right': (8, 9)}]"
10,9,3,2,4,"[(9, 3), (8, 3), (7, 3), (7, 4), (7, 5), (6, 5), (5, 5), (4, 5), (3, 5), (2, 5), (2, 4)]","[{'top_left': (4, 2), 'bottom_right': (6, 4)}, {'top_left': (6, 7), 'bottom_right': (8, 9)}]"
10,6,7,7,3,"[(6, 7), (6, 6), (6, 5), (6, 4), (6, 3), (7, 3)]","[{'top_left': (0, 6), 'bottom_right': (2, 8)}, {'top_left': (1, 3), 'bottom_right': (3, 5)}]"
10,3,9,8,2,"[(3, 9), (3, 8), (3, 7), (3, 6), (4, 6), (4, 5), (4, 4), (4, 3), (4, 2), (5, 2), (6, 2), (7, 2), (8, 2)]","[{'top_left': (0, 6), 'bottom_right': (2, 8)}, {'top_left': (1, 3), 'bottom_right': (3, 5)}]"
10,8,4,0,4,"[(8, 4), (7, 4), (6, 4), (5, 4), (4, 4), (4, 3), (4, 2), (3, 2), (2, 2), (1, 2), (0, 2), (0, 3), (0, 4)]","[{'top_left': (0, 6), 'bottom_right': (2, 8)}, {'top_left': (1, 3), 'bottom_right': (3, 5)}]"
10,4,9,9,7,"[(4, 9), (4, 8), (4, 7), (5, 7), (6, 7), (7, 7), (8, 7), (9, 7)]","[{'top_left': (0, 6), 'bottom_right': (2, 8)}, {'top_left': (1, 3), 'bottom_right': (3, 5)}]"
10,5,5,8,8,"[(5, 5), (5, 6), (5, 7), (5, 8), (6, 8), (7, 8), (8, 8)]","[{'top_left': (0, 6), 'bottom_right': (2, 8)}, {'top_left': (1, 3), 'bottom_right': (3, 5)}]"
10,6,0,5,7,"[(6, 0), (5, 0), (4, 0), (4, 1), (4, 2), (4, 3), (4, 4), (4, 5), (4, 6), (4, 7), (5, 7)]","[{'top_left': (6, 7), 'bottom_right': (8, 9)}, {'top_left': (5, 3), 'bottom_right': (7, 5)}]"
10,6,6,2,7,"[(6, 6), (5, 6), (4, 6), (3, 6), (2, 6), (2, 7)]","[{'top_left': (6, 7), 'bottom_right': (8, 9)}, {'top_left': (5, 3), 'bottom_right': (7, 5)}]"
10,6,2,1,7,"[(6, 2), (5, 2), (4, 2), (3, 2), (2, 2), (1, 2), (1, 3), (1, 4), (1, 5), (1, 6), (1, 7)]","[{'top_left': (6, 7), 'bottom_right': (8, 9)}, {'top_left': (5, 3), 'bottom_right': (7, 5)}]"
10,4,5,9,6,"[(4, 5), (4, 6), (5, 6), (6, 6), (7, 6), (8, 6), (9, 6)]","[{'top_left': (6, 7), 'bottom_right': (8, 9)}, {'top_left': (5, 3), 'bottom_right': (7, 5)}]"
10,1,5,8,6,"[(1, 5), (1, 6), (2, 6), (3, 6), (4, 6), (5, 6), (6, 6), (7, 6), (8, 6)]","[{'top_left': (6, 7), 'bottom_right': (8, 9)}, {'top_left': (5, 3), 'bottom_right': (7, 5)}]"
10,6,1,1,7,"[(6, 1), (5, 1), (4, 1), (3, 1), (3, 2), (3, 3), (3, 4), (2, 4), (1, 4), (1, 5), (1, 6), (1, 7)]","[{'top_left': (5, 7), 'bottom_right': (7, 9)}, {'top_left': (0, 1), 'bottom_right': (2, 3)}]"
10,2,4,0,0,"[(2, 4), (3, 4), (3, 3), (3, 2), (3, 1), (3, 0), (2, 0), (1, 0), (0, 0)]","[{'top_left': (5, 7), 'bottom_right': (7, 9)}, {'top_left': (0, 1), 'bottom_right': (2, 3)}]"
10,5,0,4,5,"[(5, 0), (4, 0), (4, 1), (4, 2), (4, 3), (4, 4), (4, 5)]","[{'top_left': (5, 7), 'bottom_right': (7, 9)}, {'top_left': (0, 1), 'bottom_right': (2, 3)}]"
10,8,6,9,2,"[(8, 6), (8, 5), (8, 4), (8, 3), (8, 2), (9, 2)]","[{'top_left': (5, 7), 'bottom_right': (7, 9)}, {'top_left': (0, 1), 'bottom_right': (2, 3)}]"
10,9,2,3,7,"[(9, 2), (8, 2), (7, 2), (6, 2), (5, 2), (4, 2), (3, 2), (3, 3), (3, 4), (3, 5), (3, 6), (3, 7)]","[{'top_left': (5, 7), 'bottom_right': (7, 9)}, {'top_left': (0, 1), 'bottom_right': (2, 3)}]"
10,9,0,9,7,"[(9, 0), (9, 1), (9, 2), (9, 3), (9, 4), (9, 5), (9, 6), (9, 7)]","[{'top_left': (4, 7), 'bottom_right': (6, 9)}, {'top_left': (4, 0), 'bottom_right': (6, 2)}]"
10,4,3,9,5,"[(4, 3), (4, 4), (4, 5), (5, 5), (6, 5), (7, 5), (8, 5), (9, 5)]","[{'top_left': (4, 7), 'bottom_right': (6, 9)}, {'top_left': (4, 0), 'bottom_right': (6, 2)}]"
10,3,3,9,4,"[(3, 3), (3, 4), (4, 4), (5, 4), (6, 4), (7, 4), (8, 4), (9, 4)]","[{'top_left': (4, 7), 'bottom_right': (6, 9)}, {'top_left': (4, 0), 'bottom_right': (6, 2)}]"
10,7,0,9,5,"[(7, 0), (7, 1), (7, 2), (7, 3), (7, 4), (7, 5), (8, 5), (9, 5)]","[{'top_left': (4, 7), 'bottom_right': (6, 9)}, {'top_left': (4, 0), 'bottom_right': (6, 2)}]"
10,2,1,4,5,"[(2, 1), (2, 2), (2, 3), (2, 4), (2, 5), (3, 5), (4, 5)]","[{'top_left': (4, 7), 'bottom_right': (6, 9)}, {'top_left': (4, 0), 'bottom_right': (6, 2)}]"
10,1,2,3,6,"[(1, 2), (1, 3), (1, 4), (1, 5), (1, 6), (2, 6), (3, 6)]","[{'top_left': (6, 2), 'bottom_right': (8, 4)}, {'top_left': (3, 2), 'bottom_right': (5, 4)}]"
10,8,5,1,6,"[(8, 5), (7, 5), (6, 5), (5, 5), (4, 5), (3, 5), (2, 5), (1, 5), (1, 6)]","[{'top_left': (6, 2), 'bottom_right': (8, 4)}, {'top_left': (3, 2), 'bottom_right': (5, 4)}]"
10,0,4,8,1,"[(0, 4), (0, 3), (0, 2), (0, 1), (1, 1), (2, 1), (3, 1), (4, 1), (5, 1), (6, 1), (7, 1), (8, 1)]","[{'top_left': (6, 2), 'bottom_right': (8, 4)}, {'top_left': (3, 2), 'bottom_right': (5, 4)}]"
10,7,5,4,9,"[(7, 5), (6, 5), (5, 5), (4, 5), (4, 6), (4, 7), (4, 8), (4, 9)]","[{'top_left': (6, 2), 'bottom_right': (8, 4)}, {'top_left': (3, 2), 'bottom_right': (5, 4)}]"
10,6,5,1,3,"[(6, 5), (5, 5), (4, 5), (3, 5), (2, 5), (1, 5), (1, 4), (1, 3)]","[{'top_left': (6, 2), 'bottom_right': (8, 4)}, {'top_left': (3, 2), 'bottom_right': (5, 4)}]"
10,4,7,1,1,"[(4, 7), (3, 7), (2, 7), (1, 7), (1, 6), (1, 5), (1, 4), (1, 3), (1, 2), (1, 1)]","[{'top_left': (7, 0), 'bottom_right': (9, 2)}, {'top_left': (5, 3), 'bottom_right': (7, 5)}]"
10,5,8,5,0,"[(5, 8), (4, 8), (4, 7), (4, 6), (4, 5), (4, 4), (4, 3), (4, 2), (4, 1), (4, 0), (5, 0)]","[{'top_left': (7, 0), 'bottom_right': (9, 2)}, {'top_left': (5, 3), 'bottom_right': (7, 5)}]"
10,2,9,3,1,"[(2, 9), (2, 8), (2, 7), (2, 6), (2, 5), (2, 4), (2, 3), (2, 2), (2, 1), (3, 1)]","[{'top_left': (7, 0), 'bottom_right': (9, 2)}, {'top_left': (5, 3), 'bottom_right': (7, 5)}]"
10,3,5,2,9,"[(3, 5), (2, 5), (2, 6), (2, 7), (2, 8), (2, 9)]","[{'top_left': (7, 0), 'bottom_right': (9, 2)}, {'top_left': (5, 3), 'bottom_right': (7, 5)}]"
10,8,4,2,1,"[(8, 4), (8, 5), (8, 6), (7, 6), (6, 6), (5, 6), (4, 6), (3, 6), (2, 6), (2, 5), (2, 4), (2, 3), (2, 2), (2, 1)]","[{'top_left': (7, 0), 'bottom_right': (9, 2)}, {'top_left': (5, 3), 'bottom_right': (7, 5)}]"
10,3,9,5,0,"[(3, 9), (3, 8), (3, 7), (3, 6), (3, 5), (3, 4), (3, 3), (3, 2), (3, 1), (3, 0), (4, 0), (5, 0)]","[{'top_left': (0, 2), 'bottom_right': (2, 4)}, {'top_left': (0, 5), 'bottom_right': (2, 7)}]"
10,6,8,1,1,"[(6, 8), (5, 8), (4, 8), (3, 8), (3, 7), (3, 6), (3, 5), (3, 4), (3, 3), (3, 2), (3, 1), (2, 1), (1, 1)]","[{'top_left': (0, 2), 'bottom_right': (2, 4)}, {'top_left': (0, 5), 'bottom_right': (2, 7)}]"
10,9,1,7,8,"[(9, 1), (8, 1), (7, 1), (7, 2), (7, 3), (7, 4), (7, 5), (7, 6), (7, 7), (7, 8)]","[{'top_left': (0, 2), 'bottom_right': (2, 4)}, {'top_left': (0, 5), 'bottom_right': (2, 7)}]"
10,4,7,0,0,"[(4, 7), (3, 7), (3, 6), (3, 5), (3, 4), (3, 3), (3, 2), (3, 1), (2, 1), (1, 1), (0, 1), (0, 0)]","[{'top_left': (0, 2), 'bottom_right': (2, 4)}, {'top_left': (0, 5), 'bottom_right': (2, 7)}]"
10,7,6,6,1,"[(7, 6), (6, 6), (6, 5), (6, 4), (6, 3), (6, 2), (6, 1)]","[{'top_left': (0, 2), 'bottom_right': (2, 4)}, {'top_left': (0, 5), 'bottom_right': (2, 7)}]"
10,8,5,6,9,"[(8, 5), (7, 5), (6, 5), (6, 6), (6, 7), (6, 8), (6, 9)]","[{'top_left': (7, 7), 'bottom_right': (9, 9)}, {'top_left': (1, 1), 'bottom_right': (3, 3)}]"
10,8,3,6,7,"[(8, 3), (7, 3), (6, 3), (6, 4), (6, 5), (6, 6), (6, 7)]","[{'top_left': (7, 7), 'bottom_right': (9, 9)}, {'top_left': (1, 1), 'bottom_right': (3, 3)}]"
10,6,6,1,5,"[(6, 6), (5, 6), (4, 6), (3, 6), (2, 6), (1, 6), (1, 5)]","[{'top_left': (7, 7), 'bottom_right': (9, 9)}, {'top_left': (1, 1), 'bottom_right': (3, 3)}]"
10,1,6,5,6,"[(1, 6), (2, 6), (3, 6), (4, 6), (5, 6)]","[{'top_left': (7, 7), 'bottom_right': (9, 9)}, {'top_left': (1, 1), 'bottom_right': (3, 3)}]"
10,0,4,9,4,"[(0, 4), (1, 4), (2, 4), (3, 4), (4, 4), (5, 4), (6, 4), (7, 4), (8, 4), (9, 4)]","[{'top_left': (7, 7), 'bottom_right': (9, 9)}, {'top_left': (1, 1), 'bottom_right': (3, 3)}]"
10,8,5,1,4,"[(8, 5), (7, 5), (6, 5), (5, 5), (4, 5), (4, 4), (3, 4), (2, 4), (1, 4)]","[{'top_left': (5, 1), 'bottom_right': (7, 3)}, {'top_left': (1, 5), 'bottom_right': (3, 7)}]"
10,9,3,6,8,"[(9, 3), (8, 3), (8, 4), (7, 4), (6, 4), (6, 5), (6, 6), (6, 7), (6, 8)]","[{'top_left': (5, 1), 'bottom_right': (7, 3)}, {'top_left': (1, 5), 'bottom_right': (3, 7)}]"
10,9,9,8,0,"[(9, 9), (8, 9), (8, 8), (8, 7), (8, 6), (8, 5), (8, 4), (8, 3), (8, 2), (8, 1), (8, 0)]","[{'top_left': (5, 1), 'bottom_right': (7, 3)}, {'top_left': (1, 5), 'bottom_right': (3, 7)}]"
10,9,4,0,2,"[(9, 4), (8, 4), (7, 4), (6, 4), (5, 4), (4, 4), (3, 4), (2, 4), (1, 4), (0, 4), (0, 3), (0, 2)]","[{'top_left': (5, 1), 'bottom_right': (7, 3)}, {'top_left': (1, 5), 'bottom_right': (3, 7)}]"
10,0,2,2,9,"[(0, 2), (0, 3), (0, 4), (0, 5), (0, 6), (0, 7), (0, 8), (0, 9), (1, 9), (2, 9)]","[{'top_left': (5, 1), 'bottom_right': (7, 3)}, {'top_left': (1, 5), 'bottom_right': (3, 7)}]"
10,6,7,5,2,"[(6, 7), (5, 7), (5, 6), (5, 5), (5, 4), (5, 3), (5, 2)]","[{'top_left': (6, 1), 'bottom_right': (8, 3)}, {'top_left': (2, 0), 'bottom_right': (4, 2)}]"
10,5,4,5,9,"[(5, 4), (5, 5), (5, 6), (5, 7), (5, 8), (5, 9)]","[{'top_left': (6, 1), 'bottom_right': (8, 3)}, {'top_left': (2, 0), 'bottom_right': (4, 2)}]"
10,9,1,0,2,"[(9, 1), (9, 2), (9, 3), (9, 4), (8, 4), (7, 4), (6, 4), (5, 4), (4, 4), (3, 4), (2, 4), (1, 4), (0, 4), (0, 3), (0, 2)]","[{'top_left': (6, 1), 'bottom_right': (8, 3)}, {'top_left': (2, 0), 'bottom_right': (4, 2)}]"
10,2,9,0,1,"[(2, 9), (1, 9), (0, 9), (0, 8), (0, 7), (0, 6), (0, 5), (0, 4), (0, 3), (0, 2), (0, 1)]","[{'top_left': (6, 1), 'bottom_right': (8, 3)}, {'top_left': (2, 0), 'bottom_right': (4, 2)}]"
10,9,7,6,4,"[(9, 7), (8, 7), (7, 7), (6, 7), (6, 6), (6, 5), (6, 4)]","[{'top_left': (6, 1), 'bottom_right': (8, 3)}, {'top_left': (2, 0), 'bottom_right': (4, 2)}]"
10,1,4,9,7,"[(1, 4), (1, 5), (2, 5), (3, 5), (4, 5), (5, 5), (6, 5), (7, 5), (8, 5), (8, 6), (8, 7), (9, 7)]","[{'top_left': (3, 1), 'bottom_right': (5, 3)}, {'top_left': (5, 6), 'bottom_right': (7, 8)}]"
10,8,4,0,3,"[(8, 4), (7, 4), (6, 4), (5, 4), (4, 4), (3, 4), (2, 4), (1, 4), (0, 4), (0, 3)]","[{'top_left': (3, 1), 'bottom_right': (5, 3)}, {'top_left': (5, 6), 'bottom_right': (7, 8)}]"
10,6,9,0,0,"[(6, 9), (5, 9), (4, 9), (3, 9), (2, 9), (1, 9), (0, 9), (0, 8), (0, 7), (0, 6), (0, 5), (0, 4), (0, 3), (0, 2), (0, 1), (0, 0)]","[{'top_left': (3, 1), 'bottom_right': (5, 3)}, {'top_left': (5, 6), 'bottom_right': (7, 8)}]"
10,0,7,6,2,"[(0, 7), (0, 6), (0, 5), (0, 4), (1, 4), (2, 4), (3, 4), (4, 4), (5, 4), (6, 4), (6, 3), (6, 2)]","[{'top_left': (3, 1), 'bottom_right': (5, 3)}, {'top_left': (5, 6), 'bottom_right': (7, 8)}]"
10,2,6,8,3,"[(2, 6), (2, 5), (2, 4), (3, 4), (4, 4), (5, 4), (6, 4), (6, 3), (7, 3), (8, 3)]","[{'top_left': (3, 1), 'bottom_right': (5, 3)}, {'top_left': (5, 6), 'bottom_right': (7, 8)}]"
10,2,9,7,5,"[(2, 9), (2, 8), (2, 7), (2, 6), (2, 5), (3, 5), (4, 5), (5, 5), (6, 5), (7, 5)]","[{'top_left': (5, 1), 'bottom_right': (7, 3)}, {'top_left': (5, 6), 'bottom_right': (7, 8)}]"
10,3,5,2,1,"[(3, 5), (2, 5), (2, 4), (2, 3), (2, 2), (2, 1)]","[{'top_left': (5, 1), 'bottom_right': (7, 3)}, {'top_left': (5, 6), 'bottom_right': (7, 8)}]"
10,8,1,8,8,"[(8, 1), (8, 2), (8, 3), (8, 4), (8, 5), (8, 6), (8, 7), (8, 8)]","[{'top_left': (5, 1), 'bottom_right': (7, 3)}, {'top_left': (5, 6), 'bottom_right': (7, 8)}]"
10,3,2,9,2,"[(3, 2), (3, 1), (3, 0), (4, 0), (5, 0), (6, 0), (7, 0), (8, 0), (8, 1), (8, 2), (9, 2)]","[{'top_left': (5, 1), 'bottom_right': (7, 3)}, {'top_left': (5, 6), 'bottom_right': (7, 8)}]"
10,4,4,9,0,"[(4, 4), (4, 3), (4, 2), (4, 1), (4, 0), (5, 0), (6, 0), (7, 0), (8, 0), (9, 0)]","[{'top_left': (5, 1), 'bottom_right': (7, 3)}, {'top_left': (5, 6), 'bottom_right': (7, 8)}]"
10,7,0,0,5,"[(7, 0), (6, 0), (5, 0), (4, 0), (3, 0), (2, 0), (1, 0), (0, 0), (0, 1), (0, 2), (0, 3), (0, 4), (0, 5)]","[{'top_left': (5, 1), 'bottom_right': (7, 3)}, {'top_left': (4, 7), 'bottom_right': (6, 9)}]"
10,4,1,1,9,"[(4, 1), (3, 1), (2, 1), (1, 1), (1, 2), (1, 3), (1, 4), (1, 5), (1, 6), (1, 7), (1, 8), (1, 9)]","[{'top_left': (5, 1), 'bottom_right': (7, 3)}, {'top_left': (4, 7), 'bottom_right': (6, 9)}]"
10,9,8,0,7,"[(9, 8), (8, 8), (7, 8), (7, 7), (7, 6), (6, 6), (5, 6), (4, 6), (3, 6), (2, 6), (1, 6), (0, 6), (0, 7)]","[{'top_left': (5, 1), 'bottom_right': (7, 3)}, {'top_left': (4, 7), 'bottom_right': (6, 9)}]"
10,7,8,2,0,"[(7, 8), (7, 7), (7, 6), (6, 6), (5, 6), (4, 6), (3, 6), (2, 6), (2, 5), (2, 4), (2, 3), (2, 2), (2, 1), (2, 0)]","[{'top_left': (5, 1), 'bottom_right': (7, 3)}, {'top_left': (4, 7), 'bottom_right': (6, 9)}]"
10,8,2,0,3,"[(8, 2), (8, 3), (8, 4), (7, 4), (6, 4), (5, 4), (4, 4), (3, 4), (2, 4), (1, 4), (0, 4), (0, 3)]","[{'top_left': (5, 1), 'bottom_right': (7, 3)}, {'top_left': (4, 7), 'bottom_right': (6, 9)}]"
10,5,9,0,5,"[(5, 9), (4, 9), (3, 9), (2, 9), (1, 9), (0, 9), (0, 8), (0, 7), (0, 6), (0, 5)]","[{'top_left': (7, 7), 'bottom_right': (9, 9)}, {'top_left': (2, 5), 'bottom_right': (4, 7)}]"
10,6,4,4,9,"[(6, 4), (5, 4), (5, 5), (5, 6), (5, 7), (5, 8), (4, 8), (4, 9)]","[{'top_left': (7, 7), 'bottom_right': (9, 9)}, {'top_left': (2, 5), 'bottom_right': (4, 7)}]"
10,2,9,1,4,"[(2, 9), (1, 9), (1, 8), (1, 7), (1, 6), (1, 5), (1, 4)]","[{'top_left': (7, 7), 'bottom_right': (9, 9)}, {'top_left': (2, 5), 'bottom_right': (4, 7)}]"
10,8,6,5,2,"[(8, 6), (7, 6), (6, 6), (5, 6), (5, 5), (5, 4), (5, 3), (5, 2)]","[{'top_left': (7, 7), 'bottom_right': (9, 9)}, {'top_left': (2, 5), 'bottom_right': (4, 7)}]"
10,8,1,6,8,"[(8, 1), (7, 1), (6, 1), (6, 2), (6, 3), (6, 4), (6, 5), (6, 6), (6, 7), (6, 8)]","[{'top_left': (7, 7), 'bottom_right': (9, 9)}, {'top_left': (2, 5), 'bottom_right': (4, 7)}]"
10,2,3,5,7,"[(2, 3), (2, 4), (2, 5), (2, 6), (2, 7), (3, 7), (4, 7), (5, 7)]","[{'top_left': (5, 0), 'bottom_right': (7, 2)}, {'top_left': (5, 4), 'bottom_right': (7, 6)}]"
10,1,4,1,8,"[(1, 4), (1, 5), (1, 6), (1, 7), (1, 8)]","[{'top_left': (5, 0), 'bottom_right': (7, 2)}, {'top_left': (5, 4), 'bottom_right': (7, 6)}]"
10,8,8,0,5,"[(8, 8), (7, 8), (6, 8), (5, 8), (4, 8), (3, 8), (2, 8), (1, 8), (0, 8), (0, 7), (0, 6), (0, 5)]","[{'top_left': (5, 0), 'bottom_right': (7, 2)}, {'top_left': (5, 4), 'bottom_right': (7, 6)}]"
10,9,2,9,6,"[(9, 2), (9, 3), (9, 4), (9, 5), (9, 6)]","[{'top_left': (5, 0), 'bottom_right': (7, 2)}, {'top_left': (5, 4), 'bottom_right': (7, 6)}]"
10,2,2,2,9,"[(2, 2), (2, 3), (2, 4), (2, 5), (2, 6), (2, 7), (2, 8), (2, 9)]","[{'top_left': (5, 0), 'bottom_right': (7, 2)}, {'top_left': (5, 4), 'bottom_right': (7, 6)}]"
10,8,8,6,2,"[(8, 8), (8, 7), (8, 6), (8, 5), (8, 4), (8, 3), (8, 2), (7, 2), (6, 2)]","[{'top_left': (2, 7), 'bottom_right': (4, 9)}, {'top_left': (5, 3), 'bottom_right': (7, 5)}]"
10,0,7,5,8,"[(0, 7), (0, 6), (1, 6), (2, 6), (3, 6), (4, 6), (5, 6), (5, 7), (5, 8)]","[{'top_left': (2, 7), 'bottom_right': (4, 9)}, {'top_left': (5, 3), 'bottom_right': (7, 5)}]"
10,1,8,1,4,"[(1, 8), (1, 7), (1, 6), (1, 5), (1, 4)]","[{'top_left': (2, 7), 'bottom_right': (4, 9)}, {'top_left': (5, 3), 'bottom_right': (7, 5)}]"
10,6,0,6,8,"[(6, 0), (5, 0), (4, 0), (4, 1), (4, 2), (4, 3), (4, 4), (4, 5), (4, 6), (5, 6), (5, 7), (5, 8), (6, 8)]","[{'top_left': (2, 7), 'bottom_right': (4, 9)}, {'top_left': (5, 3), 'bottom_right': (7, 5)}]"
10,0,4,7,2,"[(0, 4), (0, 3), (0, 2), (1, 2), (2, 2), (3, 2), (4, 2), (5, 2), (6, 2), (7, 2)]","[{'top_left': (2, 7), 'bottom_right': (4, 9)}, {'top_left': (5, 3), 'bottom_right': (7, 5)}]"
10,1,0,3,6,"[(1, 0), (2, 0), (3, 0), (3, 1), (3, 2), (3, 3), (3, 4), (3, 5), (3, 6)]","[{'top_left': (7, 7), 'bottom_right': (9, 9)}, {'top_left': (0, 1), 'bottom_right': (2, 3)}]"
10,4,6,0,9,"[(4, 6), (3, 6), (2, 6), (1, 6), (0, 6), (0, 7), (0, 8), (0, 9)]","[{'top_left': (7, 7), 'bottom_right': (9, 9)}, {'top_left': (0, 1), 'bottom_right': (2, 3)}]"
10,5,3,9,6,"[(5, 3), (5, 4), (5, 5), (5, 6), (6, 6), (7, 6), (8, 6), (9, 6)]","[{'top_left': (7, 7), 'bottom_right': (9, 9)}, {'top_left': (0, 1), 'bottom_right': (2, 3)}]"
10,7,0,6,5,"[(7, 0), (6, 0), (6, 1), (6, 2), (6, 3), (6, 4), (6, 5)]","[{'top_left': (7, 7), 'bottom_right': (9, 9)}, {'top_left': (0, 1), 'bottom_right': (2, 3)}]"
10,5,3,1,9,"[(5, 3), (4, 3), (3, 3), (3, 4), (2, 4), (1, 4), (1, 5), (1, 6), (1, 7), (1, 8), (1, 9)]","[{'top_left': (7, 7), 'bottom_right': (9, 9)}, {'top_left': (0, 1), 'bottom_right': (2, 3)}]"
10,7,0,4,3,"[(7, 0), (6, 0), (5, 0), (4, 0), (4, 1), (4, 2), (4, 3)]","[{'top_left': (5, 2), 'bottom_right': (7, 4)}, {'top_left': (0, 5), 'bottom_right': (2, 7)}]"
10,4,1,5,6,"[(4, 1), (4, 2), (4, 3), (4, 4), (4, 5), (4, 6), (5, 6)]","[{'top_left': (5, 2), 'bottom_right': (7, 4)}, {'top_left': (0, 5), 'bottom_right': (2, 7)}]"
10,8,4,5,1,"[(8, 4), (8, 3), (8, 2), (8, 1), (7, 1), (6, 1), (5, 1)]","[{'top_left': (5, 2), 'bottom_right': (7, 4)}, {'top_left': (0, 5), 'bottom_right': (2, 7)}]"
10,7,5,7,0,"[(7, 5), (8, 5), (8, 4), (8, 3), (8, 2), (8, 1), (7, 1), (7, 0)]","[{'top_left': (5, 2), 'bottom_right': (7, 4)}, {'top_left': (0, 5), 'bottom_right': (2, 7)}]"
10,0,1,6,5,"[(0, 1), (0, 2), (0, 3), (0, 4), (1, 4), (2, 4), (3, 4), (3, 5), (4, 5), (5, 5), (6, 5)]","[{'top_left': (5, 2), 'bottom_right': (7, 4)}, {'top_left': (0, 5), 'bottom_right': (2, 7)}]"
10,5,5,6,9,"[(5, 5), (5, 6), (5, 7), (5, 8), (5, 9), (6, 9)]","[{'top_left': (2, 0), 'bottom_right': (4, 2)}, {'top_left': (2, 7), 'bottom_right': (4, 9)}]"
10,5,5,7,1,"[(5, 5), (5, 4), (5, 3), (5, 2), (5, 1), (6, 1), (7, 1)]","[{'top_left': (2, 0), 'bottom_right': (4, 2)}, {'top_left': (2, 7), 'bottom_right': (4, 9)}]"
10,8,6,8,1,"[(8, 6), (8, 5), (8, 4), (8, 3), (8, 2), (8, 1)]","[{'top_left': (2, 0), 'bottom_right': (4, 2)}, {'top_left': (2, 7), 'bottom_right': (4, 9)}]"
10,1,2,1,7,"[(1, 2), (1, 3), (1, 4), (1, 5), (1, 6), (1, 7)]","[{'top_left': (2, 0), 'bottom_right': (4, 2)}, {'top_left': (2, 7), 'bottom_right': (4, 9)}]"
10,5,1,8,8,"[(5, 1), (5, 2), (5, 3), (5, 4), (5, 5), (5, 6), (5, 7), (5, 8), (6, 8), (7, 8), (8, 8)]","[{'top_left': (2, 0), 'bottom_right': (4, 2)}, {'top_left': (2, 7), 'bottom_right': (4, 9)}]"
10,5,8,9,5,"[(5, 8), (5, 7), (6, 7), (7, 7), (7, 6), (7, 5), (8, 5), (9, 5)]","[{'top_left': (4, 4), 'bottom_right': (6, 6)}, {'top_left': (1, 3), 'bottom_right': (3, 5)}]"
10,7,8,2,9,"[(7, 8), (6, 8), (5, 8), (4, 8), (3, 8), (2, 8), (2, 9)]","[{'top_left': (4, 4), 'bottom_right': (6, 6)}, {'top_left': (1, 3), 'bottom_right': (3, 5)}]"
10,1,7,7,8,"[(1, 7), (1, 8), (2, 8), (3, 8), (4, 8), (5, 8), (6, 8), (7, 8)]","[{'top_left': (4, 4), 'bottom_right': (6, 6)}, {'top_left': (1, 3), 'bottom_right': (3, 5)}]"
10,5,2,8,9,"[(5, 2), (5, 3), (6, 3), (7, 3), (7, 4), (7, 5), (7, 6), (7, 7), (7, 8), (7, 9), (8, 9)]","[{'top_left': (4, 4), 'bottom_right': (6, 6)}, {'top_left': (1, 3), 'bottom_right': (3, 5)}]"
10,2,2,6,8,"[(2, 2), (3, 2), (4, 2), (4, 3), (5, 3), (6, 3), (7, 3), (7, 4), (7, 5), (7, 6), (7, 7), (6, 7), (6, 8)]","[{'top_left': (4, 4), 'bottom_right': (6, 6)}, {'top_left': (1, 3), 'bottom_right': (3, 5)}]"
10,5,8,4,1,"[(5, 8), (5, 7), (5, 6), (5, 5), (5, 4), (5, 3), (4, 3), (4, 2), (4, 1)]","[{'top_left': (0, 1), 'bottom_right': (2, 3)}, {'top_left': (2, 4), 'bottom_right': (4, 6)}]"
10,4,3,8,4,"[(4, 3), (5, 3), (5, 4), (6, 4), (7, 4), (8, 4)]","[{'top_left': (0, 1), 'bottom_right': (2, 3)}, {'top_left': (2, 4), 'bottom_right': (4, 6)}]"
10,9,2,2,9,"[(9, 2), (8, 2), (7, 2), (6, 2), (5, 2), (5, 3), (5, 4), (5, 5), (5, 6), (5, 7), (4, 7), (3, 7), (2, 7), (2, 8), (2, 9)]","[{'top_left': (0, 1), 'bottom_right': (2, 3)}, {'top_left': (2, 4), 'bottom_right': (4, 6)}]"
10,9,5,9,0,"[(9, 5), (9, 4), (9, 3), (9, 2), (9, 1), (9, 0)]","[{'top_left': (0, 1), 'bottom_right': (2, 3)}, {'top_left': (2, 4), 'bottom_right': (4, 6)}]"
10,4,3,9,6,"[(4, 3), (5, 3), (5, 4), (5, 5), (5, 6), (6, 6), (7, 6), (8, 6), (9, 6)]","[{'top_left': (0, 1), 'bottom_right': (2, 3)}, {'top_left': (2, 4), 'bottom_right': (4, 6)}]"
10,7,1,0,2,"[(7, 1), (6, 1), (5, 1), (4, 1), (3, 1), (2, 1), (1, 1), (0, 1), (0, 2)]","[{'top_left': (0, 7), 'bottom_right': (2, 9)}, {'top_left': (4, 4), 'bottom_right': (6, 6)}]"
10,3,5,9,2,"[(3, 5), (3, 4), (3, 3), (3, 2), (4, 2), (5, 2), (6, 2), (7, 2), (8, 2), (9, 2)]","[{'top_left': (0, 7), 'bottom_right': (2, 9)}, {'top_left': (4, 4), 'bottom_right': (6, 6)}]"
10,2,5,8,8,"[(2, 5), (2, 6), (3, 6), (3, 7), (3, 8), (4, 8), (5, 8), (6, 8), (7, 8), (8, 8)]","[{'top_left': (0, 7), 'bottom_right': (2, 9)}, {'top_left': (4, 4), 'bottom_right': (6, 6)}]"
10,1,4,7,3,"[(1, 4), (1, 3), (2, 3), (3, 3), (4, 3), (5, 3), (6, 3), (7, 3)]","[{'top_left': (0, 7), 'bottom_right': (2, 9)}, {'top_left': (4, 4), 'bottom_right': (6, 6)}]"
10,6,9,6,3,"[(6, 9), (6, 8), (6, 7), (7, 7), (7, 6), (7, 5), (7, 4), (7, 3), (6, 3)]","[{'top_left': (0, 7), 'bottom_right': (2, 9)}, {'top_left': (4, 4), 'bottom_right': (6, 6)}]"
10,1,6,8,7,"[(1, 6), (1, 7), (1, 8), (2, 8), (3, 8), (4, 8), (5, 8), (5, 7), (6, 7), (7, 7), (8, 7)]","[{'top_left': (2, 5), 'bottom_right': (4, 7)}, {'top_left': (5, 3), 'bottom_right': (7, 5)}]"
10,3,3,9,5,"[(3, 3), (3, 2), (4, 2), (5, 2), (6, 2), (7, 2), (8, 2), (8, 3), (8, 4), (8, 5), (9, 5)]","[{'top_left': (2, 5), 'bottom_right': (4, 7)}, {'top_left': (5, 3), 'bottom_right': (7, 5)}]"
10,9,7,4,8,"[(9, 7), (8, 7), (7, 7), (6, 7), (5, 7), (5, 8), (4, 8)]","[{'top_left': (2, 5), 'bottom_right': (4, 7)}, {'top_left': (5, 3), 'bottom_right': (7, 5)}]"
10,0,1,6,2,"[(0, 1), (0, 2), (1, 2), (2, 2), (3, 2), (4, 2), (5, 2), (6, 2)]","[{'top_left': (2, 5), 'bottom_right': (4, 7)}, {'top_left': (5, 3), 'bottom_right': (7, 5)}]"
10,8,3,5,8,"[(8, 3), (8, 4), (8, 5), (8, 6), (7, 6), (6, 6), (5, 6), (5, 7), (5, 8)]","[{'top_left': (2, 5), 'bottom_right': (4, 7)}, {'top_left': (5, 3), 'bottom_right': (7, 5)}]"
10,8,4,9,9,"[(8, 4), (8, 5), (8, 6), (9, 6), (9, 7), (9, 8), (9, 9)]","[{'top_left': (4, 1), 'bottom_right': (6, 3)}, {'top_left': (6, 7), 'bottom_right': (8, 9)}]"
10,1,2,1,6,"[(1, 2), (1, 3), (1, 4), (1, 5), (1, 6)]","[{'top_left': (4, 1), 'bottom_right': (6, 3)}, {'top_left': (6, 7), 'bottom_right': (8, 9)}]"
10,2,3,9,8,"[(2, 3), (2, 4), (2, 5), (2, 6), (3, 6), (4, 6), (5, 6), (6, 6), (7, 6), (8, 6), (9, 6), (9, 7), (9, 8)]","[{'top_left': (4, 1), 'bottom_right': (6, 3)}, {'top_left': (6, 7), 'bottom_right': (8, 9)}]"
10,0,2,5,7,"[(0, 2), (0, 3), (0, 4), (0, 5), (0, 6), (0, 7), (1, 7), (2, 7), (3, 7), (4, 7), (5, 7)]","[{'top_left': (4, 1), 'bottom_right': (6, 3)}, {'top_left': (6, 7), 'bottom_right': (8, 9)}]"
10,8,2,5,9,"[(8, 2), (7, 2), (7, 3), (7, 4), (6, 4), (5, 4), (5, 5), (5, 6), (5, 7), (5, 8), (5, 9)]","[{'top_left': (4, 1), 'bottom_right': (6, 3)}, {'top_left': (6, 7), 'bottom_right': (8, 9)}]"
10,9,4,7,0,"[(9, 4), (8, 4), (8, 3), (8, 2), (8, 1), (7, 1), (7, 0)]","[{'top_left': (5, 2), 'bottom_right': (7, 4)}, {'top_left': (5, 7), 'bottom_right': (7, 9)}]"
10,5,5,1,6,"[(5, 5), (4, 5), (3, 5), (2, 5), (1, 5), (1, 6)]","[{'top_left': (5, 2), 'bottom_right': (7, 4)}, {'top_left': (5, 7), 'bottom_right': (7, 9)}]"
10,9,4,0,9,"[(9, 4), (8, 4), (8, 5), (7, 5), (6, 5), (5, 5), (4, 5), (3, 5), (2, 5), (1, 5), (0, 5), (0, 6), (0, 7), (0, 8), (0, 9)]","[{'top_left': (5, 2), 'bottom_right': (7, 4)}, {'top_left': (5, 7), 'bottom_right': (7, 9)}]"
10,3,0,9,7,"[(3, 0), (3, 1), (3, 2), (3, 3), (3, 4), (3, 5), (3, 6), (4, 6), (5, 6), (6, 6), (7, 6), (8, 6), (8, 7), (9, 7)]","[{'top_left': (5, 2), 'bottom_right': (7, 4)}, {'top_left': (5, 7), 'bottom_right': (7, 9)}]"
10,2,8,9,6,"[(2, 8), (2, 7), (2, 6), (3, 6), (4, 6), (5, 6), (6, 6), (7, 6), (8, 6), (9, 6)]","[{'top_left': (5, 2), 'bottom_right': (7, 4)}, {'top_left': (5, 7), 'bottom_right': (7, 9)}]"
10,6,3,6,8,"[(6, 3), (6, 4), (6, 5), (6, 6), (6, 7), (6, 8)]","[{'top_left': (2, 3), 'bottom_right': (4, 5)}, {'top_left': (3, 0), 'bottom_right': (5, 2)}]"
10,9,7,0,2,"[(9, 7), (8, 7), (7, 7), (6, 7), (5, 7), (4, 7), (3, 7), (2, 7), (1, 7), (0, 7), (0, 6), (0, 5), (0, 4), (0, 3), (0, 2)]","[{'top_left': (2, 3), 'bottom_right': (4, 5)}, {'top_left': (3, 0), 'bottom_right': (5, 2)}]"
10,2,7,8,5,"[(2, 7), (2, 6), (3, 6), (4, 6), (5, 6), (5, 5), (6, 5), (7, 5), (8, 5)]","[{'top_left': (2, 3), 'bottom_right': (4, 5)}, {'top_left': (3, 0), 'bottom_right': (5, 2)}]"
10,8,5,4,9,"[(8, 5), (7, 5), (6, 5), (5, 5), (5, 6), (4, 6), (4, 7), (4, 8), (4, 9)]","[{'top_left': (2, 3), 'bottom_right': (4, 5)}, {'top_left': (3, 0), 'bottom_right': (5, 2)}]"
10,8,4,2,1,"[(8, 4), (7, 4), (6, 4), (5, 4), (5, 5), (5, 6), (4, 6), (3, 6), (2, 6), (1, 6), (1, 5), (1, 4), (1, 3), (1, 2), (1, 1), (2, 1)]","[{'top_left': (2, 3), 'bottom_right': (4, 5)}, {'top_left': (3, 0), 'bottom_right': (5, 2)}]"
10,3,0,1,6,"[(3, 0), (3, 1), (3, 2), (4, 2), (5, 2), (6, 2), (6, 3), (6, 4), (6, 5), (6, 6), (5, 6), (4, 6), (3, 6), (2, 6), (1, 6)]","[{'top_left': (3, 3), 'bottom_right': (5, 5)}, {'top_left': (0, 3), 'bottom_right': (2, 5)}]"
10,5,7,1,2,"[(5, 7), (5, 6), (6, 6), (6, 5), (6, 4), (6, 3), (6, 2), (5, 2), (4, 2), (3, 2), (2, 2), (1, 2)]","[{'top_left': (3, 3), 'bottom_right': (5, 5)}, {'top_left': (0, 3), 'bottom_right': (2, 5)}]"
10,2,6,2,0,"[(2, 6), (3, 6), (4, 6), (5, 6), (6, 6), (6, 5), (6, 4), (6, 3), (6, 2), (5, 2), (4, 2), (3, 2), (2, 2), (2, 1), (2, 0)]","[{'top_left': (3, 3), 'bottom_right': (5, 5)}, {'top_left': (0, 3), 'bottom_right': (2, 5)}]"
10,0,0,4,9,"[(0, 0), (0, 1), (0, 2), (1, 2), (2, 2), (3, 2), (4, 2), (5, 2), (6, 2), (6, 3), (6, 4), (6, 5), (6, 6), (5, 6), (4, 6), (4, 7), (4, 8), (4, 9)]","[{'top_left': (3, 3), 'bottom_right': (5, 5)}, {'top_left': (0, 3), 'bottom_right': (2, 5)}]"
10,2,8,7,4,"[(2, 8), (2, 7), (2, 6), (3, 6), (4, 6), (5, 6), (6, 6), (6, 5), (6, 4), (7, 4)]","[{'top_left': (3, 3), 'bottom_right': (5, 5)}, {'top_left': (0, 3), 'bottom_right': (2, 5)}]"
10,2,0,5,4,"[(2, 0), (2, 1), (2, 2), (2, 3), (2, 4), (3, 4), (4, 4), (5, 4)]","[{'top_left': (3, 1), 'bottom_right': (5, 3)}, {'top_left': (7, 4), 'bottom_right': (9, 6)}]"
10,9,3,2,9,"[(9, 3), (8, 3), (7, 3), (6, 3), (6, 4), (5, 4), (4, 4), (3, 4), (2, 4), (2, 5), (2, 6), (2, 7), (2, 8), (2, 9)]","[{'top_left': (3, 1), 'bottom_right': (5, 3)}, {'top_left': (7, 4), 'bottom_right': (9, 6)}]"
10,1,6,1,2,"[(1, 6), (1, 5), (1, 4), (1, 3), (1, 2)]","[{'top_left': (3, 1), 'bottom_right': (5, 3)}, {'top_left': (7, 4), 'bottom_right': (9, 6)}]"
10,0,4,6,3,"[(0, 4), (1, 4), (2, 4), (3, 4), (4, 4), (5, 4), (6, 4), (6, 3)]","[{'top_left': (3, 1), 'bottom_right': (5, 3)}, {'top_left': (7, 4), 'bottom_right': (9, 6)}]"
10,9,9,0,4,"[(9, 9), (8, 9), (7, 9), (6, 9), (5, 9), (4, 9), (3, 9), (2, 9), (1, 9), (0, 9), (0, 8), (0, 7), (0, 6), (0, 5), (0, 4)]","[{'top_left': (3, 1), 'bottom_right': (5, 3)}, {'top_left': (7, 4), 'bottom_right': (9, 6)}]"
10,8,4,1,4,"[(8, 4), (8, 5), (8, 6), (7, 6), (6, 6), (5, 6), (4, 6), (3, 6), (2, 6), (1, 6), (1, 5), (1, 4)]","[{'top_left': (5, 3), 'bottom_right': (7, 5)}, {'top_left': (0, 1), 'bottom_right': (2, 3)}]"
10,5,9,3,3,"[(5, 9), (4, 9), (3, 9), (3, 8), (3, 7), (3, 6), (3, 5), (3, 4), (3, 3)]","[{'top_left': (5, 3), 'bottom_right': (7, 5)}, {'top_left': (0, 1), 'bottom_right': (2, 3)}]"
10,9,5,6,8,"[(9, 5), (8, 5), (8, 6), (7, 6), (6, 6), (6, 7), (6, 8)]","[{'top_left': (5, 3), 'bottom_right': (7, 5)}, {'top_left': (0, 1), 'bottom_right': (2, 3)}]"
10,7,8,3,3,"[(7, 8), (6, 8), (5, 8), (4, 8), (3, 8), (3, 7), (3, 6), (3, 5), (3, 4), (3, 3)]","[{'top_left': (5, 3), 'bottom_right': (7, 5)}, {'top_left': (0, 1), 'bottom_right': (2, 3)}]"
10,9,1,8,7,"[(9, 1), (8, 1), (8, 2), (8, 3), (8, 4), (8, 5), (8, 6), (8, 7)]","[{'top_left': (5, 3), 'bottom_right': (7, 5)}, {'top_left': (0, 1), 'bottom_right': (2, 3)}]"
10,8,8,3,9,"[(8, 8), (7, 8), (6, 8), (5, 8), (4, 8), (3, 8), (3, 9)]","[{'top_left': (5, 1), 'bottom_right': (7, 3)}, {'top_left': (1, 0), 'bottom_right': (3, 2)}]"
10,8,2,2,5,"[(8, 2), (8, 3), (8, 4), (7, 4), (6, 4), (5, 4), (4, 4), (3, 4), (2, 4), (2, 5)]","[{'top_left': (5, 1), 'bottom_right': (7, 3)}, {'top_left': (1, 0), 'bottom_right': (3, 2)}]"
10,8,7,1,3,"[(8, 7), (7, 7), (6, 7), (5, 7), (4, 7), (3, 7), (2, 7), (1, 7), (1, 6), (1, 5), (1, 4), (1, 3)]","[{'top_left': (5, 1), 'bottom_right': (7, 3)}, {'top_left': (1, 0), 'bottom_right': (3, 2)}]"
10,9,7,1,8,"[(9, 7), (8, 7), (7, 7), (6, 7), (5, 7), (4, 7), (3, 7), (2, 7), (1, 7), (1, 8)]","[{'top_left': (5, 1), 'bottom_right': (7, 3)}, {'top_left': (1, 0), 'bottom_right': (3, 2)}]"
10,0,8,7,4,"[(0, 8), (0, 7), (0, 6), (0, 5), (0, 4), (1, 4), (2, 4), (3, 4), (4, 4), (5, 4), (6, 4), (7, 4)]","[{'top_left': (5, 1), 'bottom_right': (7, 3)}, {'top_left': (1, 0), 'bottom_right': (3, 2)}]"
10,3,9,1,0,"[(3, 9), (3, 8), (3, 7), (3, 6), (3, 5), (2, 5), (1, 5), (1, 4), (1, 3), (1, 2), (1, 1), (1, 0)]","[{'top_left': (0, 6), 'bottom_right': (2, 8)}, {'top_left': (4, 0), 'bottom_right': (6, 2)}]"
10,0,1,7,0,"[(0, 1), (0, 2), (0, 3), (1, 3), (2, 3), (3, 3), (4, 3), (5, 3), (6, 3), (7, 3), (7, 2), (7, 1), (7, 0)]","[{'top_left': (0, 6), 'bottom_right': (2, 8)}, {'top_left': (4, 0), 'bottom_right': (6, 2)}]"
10,4,6,2,2,"[(4, 6), (3, 6), (3, 5), (2, 5), (2, 4), (2, 3), (2, 2)]","[{'top_left': (0, 6), 'bottom_right': (2, 8)}, {'top_left': (4, 0), 'bottom_right': (6, 2)}]"
10,8,6,8,2,"[(8, 6), (8, 5), (8, 4), (8, 3), (8, 2)]","[{'top_left': (0, 6), 'bottom_right': (2, 8)}, {'top_left': (4, 0), 'bottom_right': (6, 2)}]"
10,3,0,0,4,"[(3, 0), (2, 0), (1, 0), (0, 0), (0, 1), (0, 2), (0, 3), (0, 4)]","[{'top_left': (0, 6), 'bottom_right': (2, 8)}, {'top_left': (4, 0), 'bottom_right': (6, 2)}]"
10,3,7,5,2,"[(3, 7), (3, 6), (3, 5), (3, 4), (3, 3), (3, 2), (4, 2), (5, 2)]","[{'top_left': (7, 6), 'bottom_right': (9, 8)}, {'top_left': (6, 3), 'bottom_right': (8, 5)}]"
10,4,3,1,0,"[(4, 3), (3, 3), (2, 3), (1, 3), (1, 2), (1, 1), (1, 0)]","[{'top_left': (7, 6), 'bottom_right': (9, 8)}, {'top_left': (6, 3), 'bottom_right': (8, 5)}]"
10,6,9,0,3,"[(6, 9), (5, 9), (4, 9), (3, 9), (2, 9), (1, 9), (0, 9), (0, 8), (0, 7), (0, 6), (0, 5), (0, 4), (0, 3)]","[{'top_left': (7, 6), 'bottom_right': (9, 8)}, {'top_left': (6, 3), 'bottom_right': (8, 5)}]"
10,3,1,1,9,"[(3, 1), (2, 1), (1, 1), (1, 2), (1, 3), (1, 4), (1, 5), (1, 6), (1, 7), (1, 8), (1, 9)]","[{'top_left': (7, 6), 'bottom_right': (9, 8)}, {'top_left': (6, 3), 'bottom_right': (8, 5)}]"
10,0,7,9,0,"[(0, 7), (0, 6), (0, 5), (0, 4), (0, 3), (0, 2), (0, 1), (0, 0), (1, 0), (2, 0), (3, 0), (4, 0), (5, 0), (6, 0), (7, 0), (8, 0), (9, 0)]","[{'top_left': (7, 6), 'bottom_right': (9, 8)}, {'top_left': (6, 3), 'bottom_right': (8, 5)}]"
10,2,8,4,3,"[(2, 8), (2, 7), (2, 6), (2, 5), (2, 4), (2, 3), (3, 3), (4, 3)]","[{'top_left': (3, 0), 'bottom_right': (5, 2)}, {'top_left': (6, 7), 'bottom_right': (8, 9)}]"
10,9,5,9,9,"[(9, 5), (9, 6), (9, 7), (9, 8), (9, 9)]","[{'top_left': (3, 0), 'bottom_right': (5, 2)}, {'top_left': (6, 7), 'bottom_right': (8, 9)}]"
10,5,6,6,2,"[(5, 6), (5, 5), (5, 4), (5, 3), (6, 3), (6, 2)]","[{'top_left': (3, 0), 'bottom_right': (5, 2)}, {'top_left': (6, 7), 'bottom_right': (8, 9)}]"
10,7,3,3,4,"[(7, 3), (6, 3), (5, 3), (4, 3), (3, 3), (3, 4)]","[{'top_left': (3, 0), 'bottom_right': (5, 2)}, {'top_left': (6, 7), 'bottom_right': (8, 9)}]"
10,9,0,1,3,"[(9, 0), (8, 0), (7, 0), (6, 0), (6, 1), (6, 2), (6, 3), (5, 3), (4, 3), (3, 3), (2, 3), (1, 3)]","[{'top_left': (3, 0), 'bottom_right': (5, 2)}, {'top_left': (6, 7), 'bottom_right': (8, 9)}]"
10,3,3,1,7,"[(3, 3), (2, 3), (1, 3), (1, 4), (1, 5), (1, 6), (1, 7)]","[{'top_left': (3, 7), 'bottom_right': (5, 9)}, {'top_left': (4, 0), 'bottom_right': (6, 2)}]"
10,7,7,1,7,"[(7, 7), (6, 7), (6, 6), (5, 6), (4, 6), (3, 6), (2, 6), (1, 6), (1, 7)]","[{'top_left': (3, 7), 'bottom_right': (5, 9)}, {'top_left': (4, 0), 'bottom_right': (6, 2)}]"
10,9,9,6,4,"[(9, 9), (8, 9), (7, 9), (6, 9), (6, 8), (6, 7), (6, 6), (6, 5), (6, 4)]","[{'top_left': (3, 7), 'bottom_right': (5, 9)}, {'top_left': (4, 0), 'bottom_right': (6, 2)}]"
10,7,7,2,5,"[(7, 7), (6, 7), (6, 6), (5, 6), (4, 6), (3, 6), (2, 6), (2, 5)]","[{'top_left': (3, 7), 'bottom_right': (5, 9)}, {'top_left': (4, 0), 'bottom_right': (6, 2)}]"
10,2,2,8,7,"[(2, 2), (2, 3), (2, 4), (2, 5), (2, 6), (3, 6), (4, 6), (5, 6), (6, 6), (6, 7), (7, 7), (8, 7)]","[{'top_left': (3, 7), 'bottom_right': (5, 9)}, {'top_left': (4, 0), 'bottom_right': (6, 2)}]"
10,3,8,7,5,"[(3, 8), (3, 7), (3, 6), (3, 5), (4, 5), (5, 5), (6, 5), (7, 5)]","[{'top_left': (2, 0), 'bottom_right': (4, 2)}, {'top_left': (6, 2), 'bottom_right': (8, 4)}]"
10,0,9,9,7,"[(0, 9), (0, 8), (0, 7), (1, 7), (2, 7), (3, 7), (4, 7), (5, 7), (6, 7), (7, 7), (8, 7), (9, 7)]","[{'top_left': (2, 0), 'bottom_right': (4, 2)}, {'top_left': (6, 2), 'bottom_right': (8, 4)}]"
10,7,0,0,8,"[(7, 0), (6, 0), (5, 0), (5, 1), (5, 2), (5, 3), (4, 3), (3, 3), (2, 3), (1, 3), (0, 3), (0, 4), (0, 5), (0, 6), (0, 7), (0, 8)]","[{'top_left': (2, 0), 'bottom_right': (4, 2)}, {'top_left': (6, 2), 'bottom_right': (8, 4)}]"
10,8,6,0,0,"[(8, 6), (7, 6), (6, 6), (5, 6), (4, 6), (3, 6), (2, 6), (1, 6), (0, 6), (0, 5), (0, 4), (0, 3), (0, 2), (0, 1), (0, 0)]","[{'top_left': (2, 0), 'bottom_right': (4, 2)}, {'top_left': (6, 2), 'bottom_right': (8, 4)}]"
10,3,3,9,8,"[(3, 3), (3, 4), (3, 5), (3, 6), (3, 7), (3, 8), (4, 8), (5, 8), (6, 8), (7, 8), (8, 8), (9, 8)]","[{'top_left': (2, 0), 'bottom_right': (4, 2)}, {'top_left': (6, 2), 'bottom_right': (8, 4)}]"
10,3,4,1,0,"[(3, 4), (2, 4), (1, 4), (1, 3), (1, 2), (1, 1), (1, 0)]","[{'top_left': (4, 5), 'bottom_right': (6, 7)}, {'top_left': (1, 5), 'bottom_right': (3, 7)}]"
10,8,7,0,0,"[(8, 7), (7, 7), (7, 6), (7, 5), (7, 4), (6, 4), (5, 4), (4, 4), (3, 4), (2, 4), (1, 4), (0, 4), (0, 3), (0, 2), (0, 1), (0, 0)]","[{'top_left': (4, 5), 'bottom_right': (6, 7)}, {'top_left': (1, 5), 'bottom_right': (3, 7)}]"
10,2,1,7,6,"[(2, 1), (2, 2), (2, 3), (2, 4), (3, 4), (4, 4), (5, 4), (6, 4), (7, 4), (7, 5), (7, 6)]","[{'top_left': (4, 5), 'bottom_right': (6, 7)}, {'top_left': (1, 5), 'bottom_right': (3, 7)}]"
10,5,9,1,8,"[(5, 9), (4, 9), (3, 9), (2, 9), (1, 9), (1, 8)]","[{'top_left': (4, 5), 'bottom_right': (6, 7)}, {'top_left': (1, 5), 'bottom_right': (3, 7)}]"
10,0,3,3,9,"[(0, 3), (0, 4), (0, 5), (0, 6), (0, 7), (0, 8), (0, 9), (1, 9), (2, 9), (3, 9)]","[{'top_left': (4, 5), 'bottom_right': (6, 7)}, {'top_left': (1, 5), 'bottom_right': (3, 7)}]"
10,4,8,9,0,"[(4, 8), (4, 7), (4, 6), (4, 5), (4, 4), (4, 3), (4, 2), (4, 1), (4, 0), (5, 0), (6, 0), (7, 0), (8, 0), (9, 0)]","[{'top_left': (7, 4), 'bottom_right': (9, 6)}, {'top_left': (0, 1), 'bottom_right': (2, 3)}]"
10,4,2,9,3,"[(4, 2), (4, 3), (5, 3), (6, 3), (7, 3), (8, 3), (9, 3)]","[{'top_left': (7, 4), 'bottom_right': (9, 6)}, {'top_left': (0, 1), 'bottom_right': (2, 3)}]"
10,6,2,1,8,"[(6, 2), (5, 2), (4, 2), (3, 2), (3, 3), (3, 4), (2, 4), (1, 4), (1, 5), (1, 6), (1, 7), (1, 8)]","[{'top_left': (7, 4), 'bottom_right': (9, 6)}, {'top_left': (0, 1), 'bottom_right': (2, 3)}]"
10,5,0,1,6,"[(5, 0), (4, 0), (3, 0), (3, 1), (3, 2), (3, 3), (3, 4), (2, 4), (1, 4), (1, 5), (1, 6)]","[{'top_left': (7, 4), 'bottom_right': (9, 6)}, {'top_left': (0, 1), 'bottom_right': (2, 3)}]"
10,3,1,5,9,"[(3, 1), (3, 2), (3, 3), (3, 4), (3, 5), (3, 6), (3, 7), (3, 8), (3, 9), (4, 9), (5, 9)]","[{'top_left': (7, 4), 'bottom_right': (9, 6)}, {'top_left': (0, 1), 'bottom_right': (2, 3)}]"
10,9,6,1,9,"[(9, 6), (9, 7), (9, 8), (8, 8), (7, 8), (6, 8), (5, 8), (4, 8), (3, 8), (2, 8), (1, 8), (1, 9)]","[{'top_left': (6, 5), 'bottom_right': (8, 7)}, {'top_left': (0, 4), 'bottom_right': (2, 6)}]"
10,1,0,4,7,"[(1, 0), (1, 1), (1, 2), (1, 3), (2, 3), (3, 3), (3, 4), (3, 5), (3, 6), (3, 7), (4, 7)]","[{'top_left': (6, 5), 'bottom_right': (8, 7)}, {'top_left': (0, 4), 'bottom_right': (2, 6)}]"
10,5,4,1,2,"[(5, 4), (4, 4), (3, 4), (3, 3), (2, 3), (1, 3), (1, 2)]","[{'top_left': (6, 5), 'bottom_right': (8, 7)}, {'top_left': (0, 4), 'bottom_right': (2, 6)}]"
10,8,1,9,9,"[(8, 1), (8, 2), (8, 3), (8, 4), (9, 4), (9, 5), (9, 6), (9, 7), (9, 8), (9, 9)]","[{'top_left': (6, 5), 'bottom_right': (8, 7)}, {'top_left': (0, 4), 'bottom_right': (2, 6)}]"
10,3,9,8,2,"[(3, 9), (3, 8), (3, 7), (3, 6), (3, 5), (3, 4), (3, 3), (3, 2), (4, 2), (5, 2), (6, 2), (7, 2), (8, 2)]","[{'top_left': (6, 5), 'bottom_right': (8, 7)}, {'top_left': (0, 4), 'bottom_right': (2, 6)}]"
10,9,9,3,7,"[(9, 9), (8, 9), (7, 9), (6, 9), (5, 9), (4, 9), (3, 9), (3, 8), (3, 7)]","[{'top_left': (6, 2), 'bottom_right': (8, 4)}, {'top_left': (2, 4), 'bottom_right': (4, 6)}]"
10,6,6,1,7,"[(6, 6), (5, 6), (5, 7), (4, 7), (3, 7), (2, 7), (1, 7)]","[{'top_left': (6, 2), 'bottom_right': (8, 4)}, {'top_left': (2, 4), 'bottom_right': (4, 6)}]"
10,0,5,8,9,"[(0, 5), (0, 6), (0, 7), (0, 8), (0, 9), (1, 9), (2, 9), (3, 9), (4, 9), (5, 9), (6, 9), (7, 9), (8, 9)]","[{'top_left': (6, 2), 'bottom_right': (8, 4)}, {'top_left': (2, 4), 'bottom_right': (4, 6)}]"
10,6,5,6,1,"[(6, 5), (5, 5), (5, 4), (5, 3), (5, 2), (5, 1), (6, 1)]","[{'top_left': (6, 2), 'bottom_right': (8, 4)}, {'top_left': (2, 4), 'bottom_right': (4, 6)}]"
10,0,1,4,3,"[(0, 1), (0, 2), (0, 3), (1, 3), (2, 3), (3, 3), (4, 3)]","[{'top_left': (6, 2), 'bottom_right': (8, 4)}, {'top_left': (2, 4), 'bottom_right': (4, 6)}]"
10,4,6,1,1,"[(4, 6), (3, 6), (2, 6), (1, 6), (1, 5), (1, 4), (1, 3), (1, 2), (1, 1)]","[{'top_left': (3, 7), 'bottom_right': (5, 9)}, {'top_left': (7, 2), 'bottom_right': (9, 4)}]"
10,7,5,1,4,"[(7, 5), (6, 5), (5, 5), (4, 5), (3, 5), (2, 5), (1, 5), (1, 4)]","[{'top_left': (3, 7), 'bottom_right': (5, 9)}, {'top_left': (7, 2), 'bottom_right': (9, 4)}]"
10,0,1,0,5,"[(0, 1), (0, 2), (0, 3), (0, 4), (0, 5)]","[{'top_left': (3, 7), 'bottom_right': (5, 9)}, {'top_left': (7, 2), 'bottom_right': (9, 4)}]"
10,6,2,2,6,"[(6, 2), (5, 2), (4, 2), (3, 2), (2, 2), (2, 3), (2, 4), (2, 5), (2, 6)]","[{'top_left': (3, 7), 'bottom_right': (5, 9)}, {'top_left': (7, 2), 'bottom_right': (9, 4)}]"
10,9,6,9,1,"[(9, 6), (8, 6), (7, 6), (6, 6), (6, 5), (6, 4), (6, 3), (6, 2), (6, 1), (7, 1), (8, 1), (9, 1)]","[{'top_left': (3, 7), 'bottom_right': (5, 9)}, {'top_left': (7, 2), 'bottom_right': (9, 4)}]"
10,4,9,9,1,"[(4, 9), (4, 8), (4, 7), (4, 6), (4, 5), (4, 4), (4, 3), (4, 2), (4, 1), (5, 1), (6, 1), (7, 1), (8, 1), (9, 1)]","[{'top_left': (5, 5), 'bottom_right': (7, 7)}, {'top_left': (7, 2), 'bottom_right': (9, 4)}]"
10,4,1,2,5,"[(4, 1), (3, 1), (2, 1), (2, 2), (2, 3), (2, 4), (2, 5)]","[{'top_left': (5, 5), 'bottom_right': (7, 7)}, {'top_left': (7, 2), 'bottom_right': (9, 4)}]"
10,6,2,7,8,"[(6, 2), (5, 2), (4, 2), (4, 3), (4, 4), (4, 5), (4, 6), (4, 7), (4, 8), (5, 8), (6, 8), (7, 8)]","[{'top_left': (5, 5), 'bottom_right': (7, 7)}, {'top_left': (7, 2), 'bottom_right': (9, 4)}]"
10,7,9,0,5,"[(7, 9), (6, 9), (5, 9), (4, 9), (3, 9), (2, 9), (1, 9), (0, 9), (0, 8), (0, 7), (0, 6), (0, 5)]","[{'top_left': (5, 5), 'bottom_right': (7, 7)}, {'top_left': (7, 2), 'bottom_right': (9, 4)}]"
10,0,7,2,3,"[(0, 7), (0, 6), (0, 5), (0, 4), (0, 3), (1, 3), (2, 3)]","[{'top_left': (5, 5), 'bottom_right': (7, 7)}, {'top_left': (7, 2), 'bottom_right': (9, 4)}]"
10,1,9,0,3,"[(1, 9), (0, 9), (0, 8), (0, 7), (0, 6), (0, 5), (0, 4), (0, 3)]","[{'top_left': (6, 7), 'bottom_right': (8, 9)}, {'top_left': (7, 2), 'bottom_right': (9, 4)}]"
10,1,9,1,4,"[(1, 9), (1, 8), (1, 7), (1, 6), (1, 5), (1, 4)]","[{'top_left': (6, 7), 'bottom_right': (8, 9)}, {'top_left': (7, 2), 'bottom_right': (9, 4)}]"
10,8,5,8,0,"[(8, 5), (7, 5), (6, 5), (6, 4), (6, 3), (6, 2), (6, 1), (6, 0), (7, 0), (8, 0)]","[{'top_left': (6, 7), 'bottom_right': (8, 9)}, {'top_left': (7, 2), 'bottom_right': (9, 4)}]"
10,1,3,4,0,"[(1, 3), (1, 2), (1, 1), (1, 0), (2, 0), (3, 0), (4, 0)]","[{'top_left': (6, 7), 'bottom_right': (8, 9)}, {'top_left': (7, 2), 'bottom_right': (9, 4)}]"
10,7,1,3,3,"[(7, 1), (6, 1), (5, 1), (4, 1), (3, 1), (3, 2), (3, 3)]","[{'top_left': (6, 7), 'bottom_right': (8, 9)}, {'top_left': (7, 2), 'bottom_right': (9, 4)}]"
10,1,2,6,0,"[(1, 2), (1, 1), (1, 0), (2, 0), (3, 0), (4, 0), (5, 0), (6, 0)]","[{'top_left': (5, 6), 'bottom_right': (7, 8)}, {'top_left': (2, 2), 'bottom_right': (4, 4)}]"
10,1,6,8,4,"[(1, 6), (1, 5), (2, 5), (3, 5), (4, 5), (5, 5), (5, 4), (6, 4), (7, 4), (8, 4)]","[{'top_left': (5, 6), 'bottom_right': (7, 8)}, {'top_left': (2, 2), 'bottom_right': (4, 4)}]"
10,9,0,1,7,"[(9, 0), (8, 0), (7, 0), (6, 0), (5, 0), (4, 0), (3, 0), (2, 0), (1, 0), (1, 1), (1, 2), (1, 3), (1, 4), (1, 5), (1, 6), (1, 7)]","[{'top_left': (5, 6), 'bottom_right': (7, 8)}, {'top_left': (2, 2), 'bottom_right': (4, 4)}]"
10,5,1,8,6,"[(5, 1), (5, 2), (5, 3), (5, 4), (5, 5), (6, 5), (7, 5), (8, 5), (8, 6)]","[{'top_left': (5, 6), 'bottom_right': (7, 8)}, {'top_left': (2, 2), 'bottom_right': (4, 4)}]"
10,8,9,2,9,"[(8, 9), (7, 9), (6, 9), (5, 9), (4, 9), (3, 9), (2, 9)]","[{'top_left': (5, 6), 'bottom_right': (7, 8)}, {'top_left': (2, 2), 'bottom_right': (4, 4)}]"
10,2,7,7,0,"[(2, 7), (2, 6), (2, 5), (2, 4), (2, 3), (3, 3), (3, 2), (3, 1), (3, 0), (4, 0), (5, 0), (6, 0), (7, 0)]","[{'top_left': (7, 5), 'bottom_right': (9, 7)}, {'top_left': (0, 0), 'bottom_right': (2, 2)}]"
10,6,3,2,4,"[(6, 3), (5, 3), (4, 3), (3, 3), (2, 3), (2, 4)]","[{'top_left': (7, 5), 'bottom_right': (9, 7)}, {'top_left': (0, 0), 'bottom_right': (2, 2)}]"
10,0,6,4,3,"[(0, 6), (0, 5), (0, 4), (0, 3), (1, 3), (2, 3), (3, 3), (4, 3)]","[{'top_left': (7, 5), 'bottom_right': (9, 7)}, {'top_left': (0, 0), 'bottom_right': (2, 2)}]"
10,1,5,5,4,"[(1, 5), (1, 4), (2, 4), (3, 4), (4, 4), (5, 4)]","[{'top_left': (7, 5), 'bottom_right': (9, 7)}, {'top_left': (0, 0), 'bottom_right': (2, 2)}]"
10,1,8,9,0,"[(1, 8), (1, 7), (1, 6), (1, 5), (1, 4), (1, 3), (2, 3), (3, 3), (3, 2), (3, 1), (3, 0), (4, 0), (5, 0), (6, 0), (7, 0), (8, 0), (9, 0)]","[{'top_left': (7, 5), 'bottom_right': (9, 7)}, {'top_left': (0, 0), 'bottom_right': (2, 2)}]"
10,2,6,9,7,"[(2, 6), (3, 6), (4, 6), (5, 6), (5, 7), (6, 7), (7, 7), (8, 7), (9, 7)]","[{'top_left': (2, 7), 'bottom_right': (4, 9)}, {'top_left': (5, 3), 'bottom_right': (7, 5)}]"
10,9,9,9,4,"[(9, 9), (9, 8), (9, 7), (9, 6), (9, 5), (9, 4)]","[{'top_left': (2, 7), 'bottom_right': (4, 9)}, {'top_left': (5, 3), 'bottom_right': (7, 5)}]"
10,9,8,3,6,"[(9, 8), (8, 8), (7, 8), (6, 8), (5, 8), (5, 7), (5, 6), (4, 6), (3, 6)]","[{'top_left': (2, 7), 'bottom_right': (4, 9)}, {'top_left': (5, 3), 'bottom_right': (7, 5)}]"
10,9,6,5,8,"[(9, 6), (8, 6), (7, 6), (6, 6), (5, 6), (5, 7), (5, 8)]","[{'top_left': (2, 7), 'bottom_right': (4, 9)}, {'top_left': (5, 3), 'bottom_right': (7, 5)}]"
10,9,1,0,4,"[(9, 1), (8, 1), (7, 1), (6, 1), (5, 1), (4, 1), (3, 1), (2, 1), (1, 1), (0, 1), (0, 2), (0, 3), (0, 4)]","[{'top_left': (2, 7), 'bottom_right': (4, 9)}, {'top_left': (5, 3), 'bottom_right': (7, 5)}]"
10,8,9,2,4,"[(8, 9), (7, 9), (6, 9), (5, 9), (4, 9), (3, 9), (3, 8), (3, 7), (3, 6), (3, 5), (2, 5), (2, 4)]","[{'top_left': (3, 0), 'bottom_right': (5, 2)}, {'top_left': (0, 6), 'bottom_right': (2, 8)}]"
10,6,9,1,4,"[(6, 9), (5, 9), (4, 9), (3, 9), (3, 8), (3, 7), (3, 6), (3, 5), (2, 5), (1, 5), (1, 4)]","[{'top_left': (3, 0), 'bottom_right': (5, 2)}, {'top_left': (0, 6), 'bottom_right': (2, 8)}]"
10,6,3,0,3,"[(6, 3), (5, 3), (4, 3), (3, 3), (2, 3), (1, 3), (0, 3)]","[{'top_left': (3, 0), 'bottom_right': (5, 2)}, {'top_left': (0, 6), 'bottom_right': (2, 8)}]"
10,9,9,0,4,"[(9, 9), (8, 9), (7, 9), (6, 9), (5, 9), (4, 9), (3, 9), (3, 8), (3, 7), (3, 6), (3, 5), (2, 5), (1, 5), (0, 5), (0, 4)]","[{'top_left': (3, 0), 'bottom_right': (5, 2)}, {'top_left': (0, 6), 'bottom_right': (2, 8)}]"
10,0,2,7,5,"[(0, 2), (0, 3), (0, 4), (0, 5), (1, 5), (2, 5), (3, 5), (4, 5), (5, 5), (6, 5), (7, 5)]","[{'top_left': (3, 0), 'bottom_right': (5, 2)}, {'top_left': (0, 6), 'bottom_right': (2, 8)}]"
10,7,8,5,0,"[(7, 8), (7, 7), (7, 6), (7, 5), (7, 4), (7, 3), (7, 2), (7, 1), (6, 1), (5, 1), (5, 0)]","[{'top_left': (4, 2), 'bottom_right': (6, 4)}, {'top_left': (0, 5), 'bottom_right': (2, 7)}]"
10,2,4,1,9,"[(2, 4), (3, 4), (3, 5), (3, 6), (3, 7), (3, 8), (2, 8), (1, 8), (1, 9)]","[{'top_left': (4, 2), 'bottom_right': (6, 4)}, {'top_left': (0, 5), 'bottom_right': (2, 7)}]"
10,1,3,8,0,"[(1, 3), (1, 2), (1, 1), (1, 0), (2, 0), (3, 0), (4, 0), (5, 0), (6, 0), (7, 0), (8, 0)]","[{'top_left': (4, 2), 'bottom_right': (6, 4)}, {'top_left': (0, 5), 'bottom_right': (2, 7)}]"
10,2,0,8,6,"[(2, 0), (2, 1), (2, 2), (2, 3), (2, 4), (3, 4), (3, 5), (3, 6), (4, 6), (5, 6), (6, 6), (7, 6), (8, 6)]","[{'top_left': (4, 2), 'bottom_right': (6, 4)}, {'top_left': (0, 5), 'bottom_right': (2, 7)}]"
10,2,3,8,0,"[(2, 3), (2, 2), (2, 1), (2, 0), (3, 0), (4, 0), (5, 0), (6, 0), (7, 0), (8, 0)]","[{'top_left': (4, 2), 'bottom_right': (6, 4)}, {'top_left': (0, 5), 'bottom_right': (2, 7)}]"
10,4,5,1,8,"[(4, 5), (3, 5), (2, 5), (1, 5), (1, 6), (1, 7), (1, 8)]","[{'top_left': (6, 1), 'bottom_right': (8, 3)}, {'top_left': (7, 4), 'bottom_right': (9, 6)}]"
10,2,0,6,0,"[(2, 0), (3, 0), (4, 0), (5, 0), (6, 0)]","[{'top_left': (6, 1), 'bottom_right': (8, 3)}, {'top_left': (7, 4), 'bottom_right': (9, 6)}]"
10,3,8,5,0,"[(3, 8), (3, 7), (3, 6), (3, 5), (3, 4), (3, 3), (3, 2), (3, 1), (3, 0), (4, 0), (5, 0)]","[{'top_left': (6, 1), 'bottom_right': (8, 3)}, {'top_left': (7, 4), 'bottom_right': (9, 6)}]"
10,5,0,6,4,"[(5, 0), (5, 1), (5, 2), (5, 3), (5, 4), (6, 4)]","[{'top_left': (6, 1), 'bottom_right': (8, 3)}, {'top_left': (7, 4), 'bottom_right': (9, 6)}]"
10,6,7,0,2,"[(6, 7), (5, 7), (4, 7), (3, 7), (2, 7), (1, 7), (0, 7), (0, 6), (0, 5), (0, 4), (0, 3), (0, 2)]","[{'top_left': (6, 1), 'bottom_right': (8, 3)}, {'top_left': (7, 4), 'bottom_right': (9, 6)}]"
10,2,9,1,2,"[(2, 9), (2, 8), (2, 7), (2, 6), (3, 6), (3, 5), (3, 4), (3, 3), (3, 2), (2, 2), (1, 2)]","[{'top_left': (4, 1), 'bottom_right': (6, 3)}, {'top_left': (0, 3), 'bottom_right': (2, 5)}]"
10,1,2,7,7,"[(1, 2), (2, 2), (3, 2), (3, 3), (3, 4), (3, 5), (3, 6), (3, 7), (4, 7), (5, 7), (6, 7), (7, 7)]","[{'top_left': (4, 1), 'bottom_right': (6, 3)}, {'top_left': (0, 3), 'bottom_right': (2, 5)}]"
10,5,6,1,8,"[(5, 6), (4, 6), (3, 6), (2, 6), (1, 6), (1, 7), (1, 8)]","[{'top_left': (4, 1), 'bottom_right': (6, 3)}, {'top_left': (0, 3), 'bottom_right': (2, 5)}]"
10,7,4,1,1,"[(7, 4), (6, 4), (5, 4), (4, 4), (3, 4), (3, 3), (3, 2), (2, 2), (1, 2), (1, 1)]","[{'top_left': (4, 1), 'bottom_right': (6, 3)}, {'top_left': (0, 3), 'bottom_right': (2, 5)}]"
10,3,5,2,1,"[(3, 5), (3, 4), (3, 3), (3, 2), (2, 2), (2, 1)]","[{'top_left': (4, 1), 'bottom_right': (6, 3)}, {'top_left': (0, 3), 'bottom_right': (2, 5)}]"
10,4,4,2,0,"[(4, 4), (3, 4), (2, 4), (2, 3), (2, 2), (2, 1), (2, 0)]","[{'top_left': (3, 5), 'bottom_right': (5, 7)}, {'top_left': (6, 0), 'bottom_right': (8, 2)}]"
10,5,1,9,9,"[(5, 1), (5, 2), (5, 3), (5, 4), (6, 4), (6, 5), (6, 6), (6, 7), (6, 8), (6, 9), (7, 9), (8, 9), (9, 9)]","[{'top_left': (3, 5), 'bottom_right': (5, 7)}, {'top_left': (6, 0), 'bottom_right': (8, 2)}]"
10,4,1,0,1,"[(4, 1), (3, 1), (2, 1), (1, 1), (0, 1)]","[{'top_left': (3, 5), 'bottom_right': (5, 7)}, {'top_left': (6, 0), 'bottom_right': (8, 2)}]"
10,5,1,0,7,"[(5, 1), (4, 1), (3, 1), (2, 1), (1, 1), (0, 1), (0, 2), (0, 3), (0, 4), (0, 5), (0, 6), (0, 7)]","[{'top_left': (3, 5), 'bottom_right': (5, 7)}, {'top_left': (6, 0), 'bottom_right': (8, 2)}]"
10,0,2,9,6,"[(0, 2), (0, 3), (0, 4), (1, 4), (2, 4), (3, 4), (4, 4), (5, 4), (6, 4), (6, 5), (6, 6), (7, 6), (8, 6), (9, 6)]","[{'top_left': (3, 5), 'bottom_right': (5, 7)}, {'top_left': (6, 0), 'bottom_right': (8, 2)}]"
10,2,0,9,9,"[(2, 0), (2, 1), (2, 2), (2, 3), (2, 4), (2, 5), (3, 5), (3, 6), (4, 6), (5, 6), (6, 6), (7, 6), (8, 6), (9, 6), (9, 7), (9, 8), (9, 9)]","[{'top_left': (6, 7), 'bottom_right': (8, 9)}, {'top_left': (0, 6), 'bottom_right': (2, 8)}]"
10,9,3,4,7,"[(9, 3), (8, 3), (7, 3), (6, 3), (5, 3), (4, 3), (4, 4), (4, 5), (4, 6), (4, 7)]","[{'top_left': (6, 7), 'bottom_right': (8, 9)}, {'top_left': (0, 6), 'bottom_right': (2, 8)}]"
10,1,4,6,2,"[(1, 4), (1, 3), (1, 2), (2, 2), (3, 2), (4, 2), (5, 2), (6, 2)]","[{'top_left': (6, 7), 'bottom_right': (8, 9)}, {'top_left': (0, 6), 'bottom_right': (2, 8)}]"
10,8,0,6,5,"[(8, 0), (7, 0), (6, 0), (6, 1), (6, 2), (6, 3), (6, 4), (6, 5)]","[{'top_left': (6, 7), 'bottom_right': (8, 9)}, {'top_left': (0, 6), 'bottom_right': (2, 8)}]"
10,9,8,5,6,"[(9, 8), (9, 7), (9, 6), (8, 6), (7, 6), (6, 6), (5, 6)]","[{'top_left': (6, 7), 'bottom_right': (8, 9)}, {'top_left': (0, 6), 'bottom_right': (2, 8)}]"
10,9,3,0,4,"[(9, 3), (8, 3), (7, 3), (7, 4), (7, 5), (6, 5), (5, 5), (4, 5), (3, 5), (3, 4), (2, 4), (1, 4), (0, 4)]","[{'top_left': (4, 2), 'bottom_right': (6, 4)}, {'top_left': (0, 5), 'bottom_right': (2, 7)}]"
10,9,3,2,1,"[(9, 3), (8, 3), (7, 3), (7, 2), (7, 1), (6, 1), (5, 1), (4, 1), (3, 1), (2, 1)]","[{'top_left': (4, 2), 'bottom_right': (6, 4)}, {'top_left': (0, 5), 'bottom_right': (2, 7)}]"
10,3,3,4,8,"[(3, 3), (3, 4), (3, 5), (3, 6), (3, 7), (3, 8), (4, 8)]","[{'top_left': (4, 2), 'bottom_right': (6, 4)}, {'top_left': (0, 5), 'bottom_right': (2, 7)}]"
10,0,3,9,6,"[(0, 3), (0, 4), (1, 4), (2, 4), (3, 4), (3, 5), (3, 6), (4, 6), (5, 6), (6, 6), (7, 6), (8, 6), (9, 6)]","[{'top_left': (4, 2), 'bottom_right': (6, 4)}, {'top_left': (0, 5), 'bottom_right': (2, 7)}]"
10,9,5,5,9,"[(9, 5), (8, 5), (7, 5), (6, 5), (5, 5), (5, 6), (5, 7), (5, 8), (5, 9)]","[{'top_left': (4, 2), 'bottom_right': (6, 4)}, {'top_left': (0, 5), 'bottom_right': (2, 7)}]"
10,0,3,9,3,"[(0, 3), (1, 3), (2, 3), (3, 3), (4, 3), (5, 3), (6, 3), (7, 3), (8, 3), (9, 3)]","[{'top_left': (0, 5), 'bottom_right': (2, 7)}, {'top_left': (7, 4), 'bottom_right': (9, 6)}]"
10,0,8,7,0,"[(0, 8), (1, 8), (2, 8), (3, 8), (3, 7), (3, 6), (3, 5), (3, 4), (3, 3), (3, 2), (3, 1), (3, 0), (4, 0), (5, 0), (6, 0), (7, 0)]","[{'top_left': (0, 5), 'bottom_right': (2, 7)}, {'top_left': (7, 4), 'bottom_right': (9, 6)}]"
10,5,9,3,2,"[(5, 9), (4, 9), (3, 9), (3, 8), (3, 7), (3, 6), (3, 5), (3, 4), (3, 3), (3, 2)]","[{'top_left': (0, 5), 'bottom_right': (2, 7)}, {'top_left': (7, 4), 'bottom_right': (9, 6)}]"
10,0,2,9,2,"[(0, 2), (1, 2), (2, 2), (3, 2), (4, 2), (5, 2), (6, 2), (7, 2), (8, 2), (9, 2)]","[{'top_left': (0, 5), 'bottom_right': (2, 7)}, {'top_left': (7, 4), 'bottom_right': (9, 6)}]"
10,1,8,5,1,"[(1, 8), (2, 8), (3, 8), (3, 7), (3, 6), (3, 5), (3, 4), (3, 3), (3, 2), (3, 1), (4, 1), (5, 1)]","[{'top_left': (0, 5), 'bottom_right': (2, 7)}, {'top_left': (7, 4), 'bottom_right': (9, 6)}]"
10,8,9,5,3,"[(8, 9), (8, 8), (8, 7), (8, 6), (8, 5), (7, 5), (6, 5), (5, 5), (5, 4), (5, 3)]","[{'top_left': (5, 6), 'bottom_right': (7, 8)}, {'top_left': (1, 5), 'bottom_right': (3, 7)}]"
10,9,6,9,0,"[(9, 6), (9, 5), (9, 4), (9, 3), (9, 2), (9, 1), (9, 0)]","[{'top_left': (5, 6), 'bottom_right': (7, 8)}, {'top_left': (1, 5), 'bottom_right': (3, 7)}]"
10,5,5,2,1,"[(5, 5), (4, 5), (4, 4), (3, 4), (2, 4), (2, 3), (2, 2), (2, 1)]","[{'top_left': (5, 6), 'bottom_right': (7, 8)}, {'top_left': (1, 5), 'bottom_right': (3, 7)}]"
10,4,1,0,0,"[(4, 1), (3, 1), (2, 1), (1, 1), (0, 1), (0, 0)]","[{'top_left': (5, 6), 'bottom_right': (7, 8)}, {'top_left': (1, 5), 'bottom_right': (3, 7)}]"
10,5,4,1,1,"[(5, 4), (4, 4), (3, 4), (2, 4), (1, 4), (1, 3), (1, 2), (1, 1)]","[{'top_left': (5, 6), 'bottom_right': (7, 8)}, {'top_left': (1, 5), 'bottom_right': (3, 7)}]"
10,5,9,9,7,"[(5, 9), (5, 8), (5, 7), (6, 7), (7, 7), (8, 7), (9, 7)]","[{'top_left': (5, 2), 'bottom_right': (7, 4)}, {'top_left': (1, 1), 'bottom_right': (3, 3)}]"
10,8,8,4,4,"[(8, 8), (7, 8), (6, 8), (5, 8), (4, 8), (4, 7), (4, 6), (4, 5), (4, 4)]","[{'top_left': (5, 2), 'bottom_right': (7, 4)}, {'top_left': (1, 1), 'bottom_right': (3, 3)}]"
10,4,3,1,0,"[(4, 3), (4, 2), (4, 1), (4, 0), (3, 0), (2, 0), (1, 0)]","[{'top_left': (5, 2), 'bottom_right': (7, 4)}, {'top_left': (1, 1), 'bottom_right': (3, 3)}]"
10,6,1,4,9,"[(6, 1), (5, 1), (4, 1), (4, 2), (4, 3), (4, 4), (4, 5), (4, 6), (4, 7), (4, 8), (4, 9)]","[{'top_left': (5, 2), 'bottom_right': (7, 4)}, {'top_left': (1, 1), 'bottom_right': (3, 3)}]"
10,7,1,4,6,"[(7, 1), (6, 1), (5, 1), (4, 1), (4, 2), (4, 3), (4, 4), (4, 5), (4, 6)]","[{'top_left': (5, 2), 'bottom_right': (7, 4)}, {'top_left': (1, 1), 'bottom_right': (3, 3)}]"
10,8,6,2,5,"[(8, 6), (7, 6), (6, 6), (5, 6), (4, 6), (3, 6), (2, 6), (2, 5)]","[{'top_left': (7, 7), 'bottom_right': (9, 9)}, {'top_left': (4, 1), 'bottom_right': (6, 3)}]"
10,6,5,2,7,"[(6, 5), (5, 5), (4, 5), (3, 5), (2, 5), (2, 6), (2, 7)]","[{'top_left': (7, 7), 'bottom_right': (9, 9)}, {'top_left': (4, 1), 'bottom_right': (6, 3)}]"
10,2,1,7,2,"[(2, 1), (2, 0), (3, 0), (4, 0), (5, 0), (6, 0), (7, 0), (7, 1), (7, 2)]","[{'top_left': (7, 7), 'bottom_right': (9, 9)}, {'top_left': (4, 1), 'bottom_right': (6, 3)}]"
10,3,2,9,4,"[(3, 2), (3, 3), (3, 4), (4, 4), (5, 4), (6, 4), (7, 4), (8, 4), (9, 4)]","[{'top_left': (7, 7), 'bottom_right': (9, 9)}, {'top_left': (4, 1), 'bottom_right': (6, 3)}]"
10,4,8,7,0,"[(4, 8), (4, 7), (4, 6), (4, 5), (4, 4), (5, 4), (6, 4), (7, 4), (7, 3), (7, 2), (7, 1), (7, 0)]","[{'top_left': (7, 7), 'bottom_right': (9, 9)}, {'top_left': (4, 1), 'bottom_right': (6, 3)}]"
10,1,9,1,4,"[(1, 9), (1, 8), (1, 7), (1, 6), (1, 5), (1, 4)]","[{'top_left': (6, 1), 'bottom_right': (8, 3)}, {'top_left': (2, 1), 'bottom_right': (4, 3)}]"
10,7,0,2,4,"[(7, 0), (6, 0), (5, 0), (5, 1), (5, 2), (5, 3), (5, 4), (4, 4), (3, 4), (2, 4)]","[{'top_left': (6, 1), 'bottom_right': (8, 3)}, {'top_left': (2, 1), 'bottom_right': (4, 3)}]"
10,6,0,6,5,"[(6, 0), (5, 0), (5, 1), (5, 2), (5, 3), (5, 4), (5, 5), (6, 5)]","[{'top_left': (6, 1), 'bottom_right': (8, 3)}, {'top_left': (2, 1), 'bottom_right': (4, 3)}]"
10,3,0,7,4,"[(3, 0), (4, 0), (5, 0), (5, 1), (5, 2), (5, 3), (5, 4), (6, 4), (7, 4)]","[{'top_left': (6, 1), 'bottom_right': (8, 3)}, {'top_left': (2, 1), 'bottom_right': (4, 3)}]"
10,5,0,5,4,"[(5, 0), (5, 1), (5, 2), (5, 3), (5, 4)]","[{'top_left': (6, 1), 'bottom_right': (8, 3)}, {'top_left': (2, 1), 'bottom_right': (4, 3)}]"
10,3,2,4,7,"[(3, 2), (3, 3), (3, 4), (3, 5), (3, 6), (3, 7), (4, 7)]","[{'top_left': (4, 4), 'bottom_right': (6, 6)}, {'top_left': (7, 1), 'bottom_right': (9, 3)}]"
10,0,8,2,1,"[(0, 8), (0, 7), (0, 6), (0, 5), (0, 4), (0, 3), (0, 2), (0, 1), (1, 1), (2, 1)]","[{'top_left': (4, 4), 'bottom_right': (6, 6)}, {'top_left': (7, 1), 'bottom_right': (9, 3)}]"
10,4,8,6,2,"[(4, 8), (3, 8), (3, 7), (3, 6), (3, 5), (3, 4), (3, 3), (3, 2), (4, 2), (5, 2), (6, 2)]","[{'top_left': (4, 4), 'bottom_right': (6, 6)}, {'top_left': (7, 1), 'bottom_right': (9, 3)}]"
10,8,9,0,2,"[(8, 9), (7, 9), (6, 9), (5, 9), (4, 9), (3, 9), (2, 9), (1, 9), (0, 9), (0, 8), (0, 7), (0, 6), (0, 5), (0, 4), (0, 3), (0, 2)]","[{'top_left': (4, 4), 'bottom_right': (6, 6)}, {'top_left': (7, 1), 'bottom_right': (9, 3)}]"
10,8,6,1,0,"[(8, 6), (7, 6), (7, 7), (6, 7), (5, 7), (4, 7), (3, 7), (2, 7), (1, 7), (1, 6), (1, 5), (1, 4), (1, 3), (1, 2), (1, 1), (1, 0)]","[{'top_left': (4, 4), 'bottom_right': (6, 6)}, {'top_left': (7, 1), 'bottom_right': (9, 3)}]"
10,0,2,9,3,"[(0, 2), (0, 3), (1, 3), (2, 3), (3, 3), (4, 3), (5, 3), (6, 3), (7, 3), (8, 3), (9, 3)]","[{'top_left': (3, 5), 'bottom_right': (5, 7)}, {'top_left': (7, 7), 'bottom_right': (9, 9)}]"
10,6,8,0,0,"[(6, 8), (5, 8), (4, 8), (3, 8), (2, 8), (1, 8), (0, 8), (0, 7), (0, 6), (0, 5), (0, 4), (0, 3), (0, 2), (0, 1), (0, 0)]","[{'top_left': (3, 5), 'bottom_right': (5, 7)}, {'top_left': (7, 7), 'bottom_right': (9, 9)}]"
10,7,2,2,9,"[(7, 2), (6, 2), (5, 2), (4, 2), (3, 2), (2, 2), (2, 3), (2, 4), (2, 5), (2, 6), (2, 7), (2, 8), (2, 9)]","[{'top_left': (3, 5), 'bottom_right': (5, 7)}, {'top_left': (7, 7), 'bottom_right': (9, 9)}]"
10,0,3,4,9,"[(0, 3), (0, 4), (0, 5), (0, 6), (0, 7), (0, 8), (0, 9), (1, 9), (2, 9), (3, 9), (4, 9)]","[{'top_left': (3, 5), 'bottom_right': (5, 7)}, {'top_left': (7, 7), 'bottom_right': (9, 9)}]"
10,6,9,1,0,"[(6, 9), (5, 9), (4, 9), (3, 9), (2, 9), (1, 9), (1, 8), (1, 7), (1, 6), (1, 5), (1, 4), (1, 3), (1, 2), (1, 1), (1, 0)]","[{'top_left': (3, 5), 'bottom_right': (5, 7)}, {'top_left': (7, 7), 'bottom_right': (9, 9)}]"
10,3,2,8,3,"[(3, 2), (3, 1), (3, 0), (4, 0), (5, 0), (6, 0), (7, 0), (7, 1), (7, 2), (7, 3), (8, 3)]","[{'top_left': (5, 4), 'bottom_right': (7, 6)}, {'top_left': (4, 1), 'bottom_right': (6, 3)}]"
10,0,9,9,3,"[(0, 9), (0, 8), (0, 7), (1, 7), (2, 7), (3, 7), (4, 7), (5, 7), (6, 7), (7, 7), (8, 7), (8, 6), (8, 5), (8, 4), (8, 3), (9, 3)]","[{'top_left': (5, 4), 'bottom_right': (7, 6)}, {'top_left': (4, 1), 'bottom_right': (6, 3)}]"
10,7,2,4,8,"[(7, 2), (7, 3), (8, 3), (8, 4), (8, 5), (8, 6), (8, 7), (7, 7), (6, 7), (5, 7), (4, 7), (4, 8)]","[{'top_left': (5, 4), 'bottom_right': (7, 6)}, {'top_left': (4, 1), 'bottom_right': (6, 3)}]"
10,0,9,9,9,"[(0, 9), (1, 9), (2, 9), (3, 9), (4, 9), (5, 9), (6, 9), (7, 9), (8, 9), (9, 9)]","[{'top_left': (5, 4), 'bottom_right': (7, 6)}, {'top_left': (4, 1), 'bottom_right': (6, 3)}]"
10,1,6,8,4,"[(1, 6), (1, 7), (2, 7), (3, 7), (4, 7), (5, 7), (6, 7), (7, 7), (8, 7), (8, 6), (8, 5), (8, 4)]","[{'top_left': (5, 4), 'bottom_right': (7, 6)}, {'top_left': (4, 1), 'bottom_right': (6, 3)}]"
10,3,5,6,9,"[(3, 5), (3, 6), (3, 7), (3, 8), (3, 9), (4, 9), (5, 9), (6, 9)]","[{'top_left': (6, 0), 'bottom_right': (8, 2)}, {'top_left': (2, 2), 'bottom_right': (4, 4)}]"
10,1,7,5,2,"[(1, 7), (1, 6), (1, 5), (2, 5), (3, 5), (4, 5), (5, 5), (5, 4), (5, 3), (5, 2)]","[{'top_left': (6, 0), 'bottom_right': (8, 2)}, {'top_left': (2, 2), 'bottom_right': (4, 4)}]"
10,5,0,0,7,"[(5, 0), (4, 0), (3, 0), (2, 0), (1, 0), (0, 0), (0, 1), (0, 2), (0, 3), (0, 4), (0, 5), (0, 6), (0, 7)]","[{'top_left': (6, 0), 'bottom_right': (8, 2)}, {'top_left': (2, 2), 'bottom_right': (4, 4)}]"
10,2,7,1,2,"[(2, 7), (1, 7), (1, 6), (1, 5), (1, 4), (1, 3), (1, 2)]","[{'top_left': (6, 0), 'bottom_right': (8, 2)}, {'top_left': (2, 2), 'bottom_right': (4, 4)}]"
10,0,8,3,5,"[(0, 8), (0, 7), (0, 6), (0, 5), (1, 5), (2, 5), (3, 5)]","[{'top_left': (6, 0), 'bottom_right': (8, 2)}, {'top_left': (2, 2), 'bottom_right': (4, 4)}]"
10,1,0,4,4,"[(1, 0), (1, 1), (1, 2), (1, 3), (1, 4), (2, 4), (3, 4), (4, 4)]","[{'top_left': (0, 5), 'bottom_right': (2, 7)}, {'top_left': (3, 0), 'bottom_right': (5, 2)}]"
10,6,0,3,3,"[(6, 0), (6, 1), (6, 2), (6, 3), (5, 3), (4, 3), (3, 3)]","[{'top_left': (0, 5), 'bottom_right': (2, 7)}, {'top_left': (3, 0), 'bottom_right': (5, 2)}]"
10,2,3,0,9,"[(2, 3), (2, 4), (3, 4), (3, 5), (3, 6), (3, 7), (3, 8), (2, 8), (1, 8), (0, 8), (0, 9)]","[{'top_left': (0, 5), 'bottom_right': (2, 7)}, {'top_left': (3, 0), 'bottom_right': (5, 2)}]"
10,6,7,6,1,"[(6, 7), (6, 6), (6, 5), (6, 4), (6, 3), (6, 2), (6, 1)]","[{'top_left': (0, 5), 'bottom_right': (2, 7)}, {'top_left': (3, 0), 'bottom_right': (5, 2)}]"
10,8,9,1,4,"[(8, 9), (7, 9), (6, 9), (5, 9), (4, 9), (3, 9), (3, 8), (3, 7), (3, 6), (3, 5), (3, 4), (2, 4), (1, 4)]","[{'top_left': (0, 5), 'bottom_right': (2, 7)}, {'top_left': (3, 0), 'bottom_right': (5, 2)}]"
10,2,0,8,7,"[(2, 0), (3, 0), (4, 0), (4, 1), (4, 2), (4, 3), (4, 4), (4, 5), (4, 6), (4, 7), (5, 7), (6, 7), (7, 7), (8, 7)]","[{'top_left': (1, 1), 'bottom_right': (3, 3)}, {'top_left': (7, 3), 'bottom_right': (9, 5)}]"
10,3,7,5,3,"[(3, 7), (3, 6), (3, 5), (3, 4), (4, 4), (4, 3), (5, 3)]","[{'top_left': (1, 1), 'bottom_right': (3, 3)}, {'top_left': (7, 3), 'bottom_right': (9, 5)}]"
10,8,1,1,4,"[(8, 1), (7, 1), (6, 1), (5, 1), (4, 1), (4, 2), (4, 3), (4, 4), (3, 4), (2, 4), (1, 4)]","[{'top_left': (1, 1), 'bottom_right': (3, 3)}, {'top_left': (7, 3), 'bottom_right': (9, 5)}]"
10,0,4,5,5,"[(0, 4), (0, 5), (1, 5), (2, 5), (3, 5), (4, 5), (5, 5)]","[{'top_left': (1, 1), 'bottom_right': (3, 3)}, {'top_left': (7, 3), 'bottom_right': (9, 5)}]"
10,6,1,1,0,"[(6, 1), (5, 1), (4, 1), (4, 0), (3, 0), (2, 0), (1, 0)]","[{'top_left': (1, 1), 'bottom_right': (3, 3)}, {'top_left': (7, 3), 'bottom_right': (9, 5)}]"
10,5,7,9,4,"[(5, 7), (5, 6), (5, 5), (5, 4), (6, 4), (7, 4), (8, 4), (9, 4)]","[{'top_left': (0, 2), 'bottom_right': (2, 4)}, {'top_left': (2, 5), 'bottom_right': (4, 7)}]"
10,1,5,5,2,"[(1, 5), (1, 6), (1, 7), (1, 8), (2, 8), (3, 8), (4, 8), (5, 8), (5, 7), (5, 6), (5, 5), (5, 4), (5, 3), (5, 2)]","[{'top_left': (0, 2), 'bottom_right': (2, 4)}, {'top_left': (2, 5), 'bottom_right': (4, 7)}]"
10,1,6,6,7,"[(1, 6), (1, 7), (1, 8), (2, 8), (3, 8), (4, 8), (5, 8), (5, 7), (6, 7)]","[{'top_left': (0, 2), 'bottom_right': (2, 4)}, {'top_left': (2, 5), 'bottom_right': (4, 7)}]"
10,2,1,6,9,"[(2, 1), (3, 1), (3, 2), (3, 3), (3, 4), (4, 4), (5, 4), (5, 5), (5, 6), (5, 7), (5, 8), (5, 9), (6, 9)]","[{'top_left': (0, 2), 'bottom_right': (2, 4)}, {'top_left': (2, 5), 'bottom_right': (4, 7)}]"
10,7,9,7,2,"[(7, 9), (7, 8), (7, 7), (7, 6), (7, 5), (7, 4), (7, 3), (7, 2)]","[{'top_left': (0, 2), 'bottom_right': (2, 4)}, {'top_left': (2, 5), 'bottom_right': (4, 7)}]"
10,5,0,8,9,"[(5, 0), (5, 1), (5, 2), (5, 3), (5, 4), (5, 5), (5, 6), (5, 7), (5, 8), (5, 9), (6, 9), (7, 9), (8, 9)]","[{'top_left': (6, 5), 'bottom_right': (8, 7)}, {'top_left': (0, 2), 'bottom_right': (2, 4)}]"
10,9,3,5,8,"[(9, 3), (8, 3), (7, 3), (6, 3), (5, 3), (5, 4), (5, 5), (5, 6), (5, 7), (5, 8)]","[{'top_left': (6, 5), 'bottom_right': (8, 7)}, {'top_left': (0, 2), 'bottom_right': (2, 4)}]"
10,8,9,1,6,"[(8, 9), (7, 9), (6, 9), (5, 9), (4, 9), (3, 9), (2, 9), (1, 9), (1, 8), (1, 7), (1, 6)]","[{'top_left': (6, 5), 'bottom_right': (8, 7)}, {'top_left': (0, 2), 'bottom_right': (2, 4)}]"
10,2,8,9,0,"[(2, 8), (2, 7), (2, 6), (2, 5), (3, 5), (3, 4), (3, 3), (3, 2), (3, 1), (3, 0), (4, 0), (5, 0), (6, 0), (7, 0), (8, 0), (9, 0)]","[{'top_left': (6, 5), 'bottom_right': (8, 7)}, {'top_left': (0, 2), 'bottom_right': (2, 4)}]"
10,7,2,1,7,"[(7, 2), (6, 2), (5, 2), (4, 2), (3, 2), (3, 3), (3, 4), (3, 5), (2, 5), (1, 5), (1, 6), (1, 7)]","[{'top_left': (6, 5), 'bottom_right': (8, 7)}, {'top_left': (0, 2), 'bottom_right': (2, 4)}]"
10,1,7,7,9,"[(1, 7), (1, 8), (1, 9), (2, 9), (3, 9), (4, 9), (5, 9), (6, 9), (7, 9)]","[{'top_left': (5, 3), 'bottom_right': (7, 5)}, {'top_left': (0, 3), 'bottom_right': (2, 5)}]"
10,7,1,7,7,"[(7, 1), (7, 2), (8, 2), (8, 3), (8, 4), (8, 5), (8, 6), (7, 6), (7, 7)]","[{'top_left': (5, 3), 'bottom_right': (7, 5)}, {'top_left': (0, 3), 'bottom_right': (2, 5)}]"
10,1,6,6,0,"[(1, 6), (2, 6), (3, 6), (3, 5), (3, 4), (3, 3), (3, 2), (3, 1), (3, 0), (4, 0), (5, 0), (6, 0)]","[{'top_left': (5, 3), 'bottom_right': (7, 5)}, {'top_left': (0, 3), 'bottom_right': (2, 5)}]"
10,8,8,0,1,"[(8, 8), (7, 8), (6, 8), (5, 8), (4, 8), (3, 8), (3, 7), (3, 6), (3, 5), (3, 4), (3, 3), (3, 2), (2, 2), (1, 2), (0, 2), (0, 1)]","[{'top_left': (5, 3), 'bottom_right': (7, 5)}, {'top_left': (0, 3), 'bottom_right': (2, 5)}]"
10,9,9,4,8,"[(9, 9), (8, 9), (7, 9), (6, 9), (5, 9), (4, 9), (4, 8)]","[{'top_left': (5, 3), 'bottom_right': (7, 5)}, {'top_left': (0, 3), 'bottom_right': (2, 5)}]"
10,7,5,8,9,"[(7, 5), (7, 6), (7, 7), (7, 8), (7, 9), (8, 9)]","[{'top_left': (3, 7), 'bottom_right': (5, 9)}, {'top_left': (0, 3), 'bottom_right': (2, 5)}]"
10,8,5,1,0,"[(8, 5), (7, 5), (6, 5), (5, 5), (4, 5), (3, 5), (3, 4), (3, 3), (3, 2), (2, 2), (1, 2), (1, 1), (1, 0)]","[{'top_left': (3, 7), 'bottom_right': (5, 9)}, {'top_left': (0, 3), 'bottom_right': (2, 5)}]"
10,0,8,6,9,"[(0, 8), (0, 7), (0, 6), (1, 6), (2, 6), (3, 6), (4, 6), (5, 6), (6, 6), (6, 7), (6, 8), (6, 9)]","[{'top_left': (3, 7), 'bottom_right': (5, 9)}, {'top_left': (0, 3), 'bottom_right': (2, 5)}]"
10,7,8,2,9,"[(7, 8), (6, 8), (6, 7), (6, 6), (5, 6), (4, 6), (3, 6), (2, 6), (2, 7), (2, 8), (2, 9)]","[{'top_left': (3, 7), 'bottom_right': (5, 9)}, {'top_left': (0, 3), 'bottom_right': (2, 5)}]"
10,2,2,1,6,"[(2, 2), (3, 2), (3, 3), (3, 4), (3, 5), (3, 6), (2, 6), (1, 6)]","[{'top_left': (3, 7), 'bottom_right': (5, 9)}, {'top_left': (0, 3), 'bottom_right': (2, 5)}]"
10,7,2,2,6,"[(7, 2), (6, 2), (5, 2), (4, 2), (3, 2), (2, 2), (2, 3), (2, 4), (2, 5), (2, 6)]","[{'top_left': (5, 6), 'bottom_right': (7, 8)}, {'top_left': (6, 3), 'bottom_right': (8, 5)}]"
10,9,8,4,8,"[(9, 8), (8, 8), (8, 9), (7, 9), (6, 9), (5, 9), (4, 9), (4, 8)]","[{'top_left': (5, 6), 'bottom_right': (7, 8)}, {'top_left': (6, 3), 'bottom_right': (8, 5)}]"
10,3,9,4,5,"[(3, 9), (3, 8), (3, 7), (3, 6), (3, 5), (4, 5)]","[{'top_left': (5, 6), 'bottom_right': (7, 8)}, {'top_left': (6, 3), 'bottom_right': (8, 5)}]"
10,2,2,8,8,"[(2, 2), (3, 2), (4, 2), (5, 2), (6, 2), (7, 2), (8, 2), (9, 2), (9, 3), (9, 4), (9, 5), (9, 6), (8, 6), (8, 7), (8, 8)]","[{'top_left': (5, 6), 'bottom_right': (7, 8)}, {'top_left': (6, 3), 'bottom_right': (8, 5)}]"
10,8,1,0,6,"[(8, 1), (7, 1), (6, 1), (5, 1), (4, 1), (3, 1), (2, 1), (1, 1), (0, 1), (0, 2), (0, 3), (0, 4), (0, 5), (0, 6)]","[{'top_left': (5, 6), 'bottom_right': (7, 8)}, {'top_left': (6, 3), 'bottom_right': (8, 5)}]"
10,8,0,5,7,"[(8, 0), (7, 0), (6, 0), (5, 0), (5, 1), (5, 2), (5, 3), (5, 4), (5, 5), (5, 6), (5, 7)]","[{'top_left': (2, 0), 'bottom_right': (4, 2)}, {'top_left': (0, 3), 'bottom_right': (2, 5)}]"
10,1,9,8,3,"[(1, 9), (1, 8), (1, 7), (1, 6), (2, 6), (3, 6), (3, 5), (3, 4), (3, 3), (4, 3), (5, 3), (6, 3), (7, 3), (8, 3)]","[{'top_left': (2, 0), 'bottom_right': (4, 2)}, {'top_left': (0, 3), 'bottom_right': (2, 5)}]"
10,8,6,3,8,"[(8, 6), (7, 6), (6, 6), (5, 6), (4, 6), (3, 6), (3, 7), (3, 8)]","[{'top_left': (2, 0), 'bottom_right': (4, 2)}, {'top_left': (0, 3), 'bottom_right': (2, 5)}]"
10,6,5,8,0,"[(6, 5), (6, 4), (6, 3), (6, 2), (6, 1), (6, 0), (7, 0), (8, 0)]","[{'top_left': (2, 0), 'bottom_right': (4, 2)}, {'top_left': (0, 3), 'bottom_right': (2, 5)}]"
10,7,3,5,9,"[(7, 3), (6, 3), (5, 3), (5, 4), (5, 5), (5, 6), (5, 7), (5, 8), (5, 9)]","[{'top_left': (2, 0), 'bottom_right': (4, 2)}, {'top_left': (0, 3), 'bottom_right': (2, 5)}]"
10,2,2,9,4,"[(2, 2), (3, 2), (4, 2), (5, 2), (6, 2), (6, 3), (6, 4), (7, 4), (8, 4), (9, 4)]","[{'top_left': (3, 3), 'bottom_right': (5, 5)}, {'top_left': (4, 7), 'bottom_right': (6, 9)}]"
10,0,5,7,2,"[(0, 5), (0, 4), (0, 3), (0, 2), (1, 2), (2, 2), (3, 2), (4, 2), (5, 2), (6, 2), (7, 2)]","[{'top_left': (3, 3), 'bottom_right': (5, 5)}, {'top_left': (4, 7), 'bottom_right': (6, 9)}]"
10,9,8,5,1,"[(9, 8), (8, 8), (7, 8), (7, 7), (7, 6), (6, 6), (6, 5), (6, 4), (6, 3), (6, 2), (5, 2), (5, 1)]","[{'top_left': (3, 3), 'bottom_right': (5, 5)}, {'top_left': (4, 7), 'bottom_right': (6, 9)}]"
10,3,9,8,7,"[(3, 9), (3, 8), (3, 7), (3, 6), (4, 6), (5, 6), (6, 6), (7, 6), (7, 7), (8, 7)]","[{'top_left': (3, 3), 'bottom_right': (5, 5)}, {'top_left': (4, 7), 'bottom_right': (6, 9)}]"
10,8,0,1,5,"[(8, 0), (7, 0), (6, 0), (5, 0), (4, 0), (3, 0), (2, 0), (1, 0), (1, 1), (1, 2), (1, 3), (1, 4), (1, 5)]","[{'top_left': (3, 3), 'bottom_right': (5, 5)}, {'top_left': (4, 7), 'bottom_right': (6, 9)}]"
10,5,6,1,6,"[(5, 6), (4, 6), (3, 6), (2, 6), (1, 6)]","[{'top_left': (7, 3), 'bottom_right': (9, 5)}, {'top_left': (3, 0), 'bottom_right': (5, 2)}]"
10,7,7,0,4,"[(7, 7), (6, 7), (5, 7), (4, 7), (3, 7), (2, 7), (1, 7), (0, 7), (0, 6), (0, 5), (0, 4)]","[{'top_left': (7, 3), 'bottom_right': (9, 5)}, {'top_left': (3, 0), 'bottom_right': (5, 2)}]"
10,3,5,8,1,"[(3, 5), (3, 4), (3, 3), (4, 3), (5, 3), (6, 3), (6, 2), (6, 1), (7, 1), (8, 1)]","[{'top_left': (7, 3), 'bottom_right': (9, 5)}, {'top_left': (3, 0), 'bottom_right': (5, 2)}]"
10,1,2,8,8,"[(1, 2), (1, 3), (1, 4), (1, 5), (1, 6), (1, 7), (1, 8), (2, 8), (3, 8), (4, 8), (5, 8), (6, 8), (7, 8), (8, 8)]","[{'top_left': (7, 3), 'bottom_right': (9, 5)}, {'top_left': (3, 0), 'bottom_right': (5, 2)}]"
10,6,1,3,8,"[(6, 1), (6, 2), (6, 3), (5, 3), (4, 3), (3, 3), (3, 4), (3, 5), (3, 6), (3, 7), (3, 8)]","[{'top_left': (7, 3), 'bottom_right': (9, 5)}, {'top_left': (3, 0), 'bottom_right': (5, 2)}]"
10,7,5,0,1,"[(7, 5), (6, 5), (5, 5), (4, 5), (3, 5), (2, 5), (1, 5), (0, 5), (0, 4), (0, 3), (0, 2), (0, 1)]","[{'top_left': (6, 1), 'bottom_right': (8, 3)}, {'top_left': (2, 0), 'bottom_right': (4, 2)}]"
10,1,0,2,4,"[(1, 0), (1, 1), (1, 2), (1, 3), (1, 4), (2, 4)]","[{'top_left': (6, 1), 'bottom_right': (8, 3)}, {'top_left': (2, 0), 'bottom_right': (4, 2)}]"
10,6,6,5,0,"[(6, 6), (5, 6), (5, 5), (5, 4), (5, 3), (5, 2), (5, 1), (5, 0)]","[{'top_left': (6, 1), 'bottom_right': (8, 3)}, {'top_left': (2, 0), 'bottom_right': (4, 2)}]"
10,4,4,9,1,"[(4, 4), (5, 4), (6, 4), (7, 4), (8, 4), (9, 4), (9, 3), (9, 2), (9, 1)]","[{'top_left': (6, 1), 'bottom_right': (8, 3)}, {'top_left': (2, 0), 'bottom_right': (4, 2)}]"
10,1,0,0,9,"[(1, 0), (0, 0), (0, 1), (0, 2), (0, 3), (0, 4), (0, 5), (0, 6), (0, 7), (0, 8), (0, 9)]","[{'top_left': (6, 1), 'bottom_right': (8, 3)}, {'top_left': (2, 0), 'bottom_right': (4, 2)}]"
10,1,2,9,0,"[(1, 2), (1, 1), (1, 0), (2, 0), (3, 0), (4, 0), (5, 0), (6, 0), (7, 0), (8, 0), (9, 0)]","[{'top_left': (6, 1), 'bottom_right': (8, 3)}, {'top_left': (2, 2), 'bottom_right': (4, 4)}]"
10,3,9,7,5,"[(3, 9), (3, 8), (3, 7), (3, 6), (3, 5), (4, 5), (5, 5), (6, 5), (7, 5)]","[{'top_left': (6, 1), 'bottom_right': (8, 3)}, {'top_left': (2, 2), 'bottom_right': (4, 4)}]"
10,4,9,1,3,"[(4, 9), (3, 9), (2, 9), (1, 9), (1, 8), (1, 7), (1, 6), (1, 5), (1, 4), (1, 3)]","[{'top_left': (6, 1), 'bottom_right': (8, 3)}, {'top_left': (2, 2), 'bottom_right': (4, 4)}]"
10,9,9,5,5,"[(9, 9), (8, 9), (7, 9), (6, 9), (5, 9), (5, 8), (5, 7), (5, 6), (5, 5)]","[{'top_left': (6, 1), 'bottom_right': (8, 3)}, {'top_left': (2, 2), 'bottom_right': (4, 4)}]"
10,5,2,5,7,"[(5, 2), (5, 3), (5, 4), (5, 5), (5, 6), (5, 7)]","[{'top_left': (6, 1), 'bottom_right': (8, 3)}, {'top_left': (2, 2), 'bottom_right': (4, 4)}]"
10,9,1,4,2,"[(9, 1), (8, 1), (7, 1), (6, 1), (5, 1), (4, 1), (4, 2)]","[{'top_left': (7, 7), 'bottom_right': (9, 9)}, {'top_left': (5, 4), 'bottom_right': (7, 6)}]"
10,8,3,4,1,"[(8, 3), (7, 3), (6, 3), (5, 3), (4, 3), (4, 2), (4, 1)]","[{'top_left': (7, 7), 'bottom_right': (9, 9)}, {'top_left': (5, 4), 'bottom_right': (7, 6)}]"
10,1,0,8,0,"[(1, 0), (2, 0), (3, 0), (4, 0), (5, 0), (6, 0), (7, 0), (8, 0)]","[{'top_left': (7, 7), 'bottom_right': (9, 9)}, {'top_left': (5, 4), 'bottom_right': (7, 6)}]"
10,3,0,8,4,"[(3, 0), (3, 1), (3, 2), (3, 3), (4, 3), (5, 3), (6, 3), (7, 3), (8, 3), (8, 4)]","[{'top_left': (7, 7), 'bottom_right': (9, 9)}, {'top_left': (5, 4), 'bottom_right': (7, 6)}]"
10,8,0,3,9,"[(8, 0), (7, 0), (6, 0), (5, 0), (4, 0), (3, 0), (3, 1), (3, 2), (3, 3), (3, 4), (3, 5), (3, 6), (3, 7), (3, 8), (3, 9)]","[{'top_left': (7, 7), 'bottom_right': (9, 9)}, {'top_left': (5, 4), 'bottom_right': (7, 6)}]"
10,7,5,0,3,"[(7, 5), (6, 5), (5, 5), (4, 5), (3, 5), (2, 5), (1, 5), (0, 5), (0, 4), (0, 3)]","[{'top_left': (2, 2), 'bottom_right': (4, 4)}, {'top_left': (7, 2), 'bottom_right': (9, 4)}]"
10,5,3,0,3,"[(5, 3), (5, 2), (5, 1), (4, 1), (3, 1), (2, 1), (1, 1), (0, 1), (0, 2), (0, 3)]","[{'top_left': (2, 2), 'bottom_right': (4, 4)}, {'top_left': (7, 2), 'bottom_right': (9, 4)}]"
10,7,0,0,5,"[(7, 0), (6, 0), (5, 0), (4, 0), (3, 0), (2, 0), (1, 0), (0, 0), (0, 1), (0, 2), (0, 3), (0, 4), (0, 5)]","[{'top_left': (2, 2), 'bottom_right': (4, 4)}, {'top_left': (7, 2), 'bottom_right': (9, 4)}]"
10,3,8,6,5,"[(3, 8), (3, 7), (3, 6), (3, 5), (4, 5), (5, 5), (6, 5)]","[{'top_left': (2, 2), 'bottom_right': (4, 4)}, {'top_left': (7, 2), 'bottom_right': (9, 4)}]"
10,2,5,9,1,"[(2, 5), (3, 5), (4, 5), (5, 5), (5, 4), (5, 3), (5, 2), (5, 1), (6, 1), (7, 1), (8, 1), (9, 1)]","[{'top_left': (2, 2), 'bottom_right': (4, 4)}, {'top_left': (7, 2), 'bottom_right': (9, 4)}]"
10,3,0,2,9,"[(3, 0), (2, 0), (2, 1), (2, 2), (2, 3), (2, 4), (2, 5), (2, 6), (2, 7), (2, 8), (2, 9)]","[{'top_left': (3, 6), 'bottom_right': (5, 8)}, {'top_left': (5, 1), 'bottom_right': (7, 3)}]"
10,9,2,2,8,"[(9, 2), (8, 2), (8, 3), (8, 4), (7, 4), (6, 4), (5, 4), (4, 4), (3, 4), (2, 4), (2, 5), (2, 6), (2, 7), (2, 8)]","[{'top_left': (3, 6), 'bottom_right': (5, 8)}, {'top_left': (5, 1), 'bottom_right': (7, 3)}]"
10,0,9,2,0,"[(0, 9), (0, 8), (0, 7), (0, 6), (0, 5), (0, 4), (0, 3), (0, 2), (0, 1), (0, 0), (1, 0), (2, 0)]","[{'top_left': (3, 6), 'bottom_right': (5, 8)}, {'top_left': (5, 1), 'bottom_right': (7, 3)}]"
10,2,4,2,8,"[(2, 4), (2, 5), (2, 6), (2, 7), (2, 8)]","[{'top_left': (3, 6), 'bottom_right': (5, 8)}, {'top_left': (5, 1), 'bottom_right': (7, 3)}]"
10,6,9,9,0,"[(6, 9), (6, 8), (6, 7), (6, 6), (6, 5), (6, 4), (7, 4), (8, 4), (8, 3), (8, 2), (8, 1), (8, 0), (9, 0)]","[{'top_left': (3, 6), 'bottom_right': (5, 8)}, {'top_left': (5, 1), 'bottom_right': (7, 3)}]"
10,9,7,7,2,"[(9, 7), (8, 7), (7, 7), (7, 6), (7, 5), (7, 4), (7, 3), (7, 2)]","[{'top_left': (4, 1), 'bottom_right': (6, 3)}, {'top_left': (3, 7), 'bottom_right': (5, 9)}]"
10,3,6,9,2,"[(3, 6), (3, 5), (3, 4), (4, 4), (5, 4), (6, 4), (7, 4), (7, 3), (7, 2), (8, 2), (9, 2)]","[{'top_left': (4, 1), 'bottom_right': (6, 3)}, {'top_left': (3, 7), 'bottom_right': (5, 9)}]"
10,9,2,9,8,"[(9, 2), (9, 3), (9, 4), (9, 5), (9, 6), (9, 7), (9, 8)]","[{'top_left': (4, 1), 'bottom_right': (6, 3)}, {'top_left': (3, 7), 'bottom_right': (5, 9)}]"
10,9,9,1,3,"[(9, 9), (8, 9), (7, 9), (6, 9), (6, 8), (6, 7), (6, 6), (5, 6), (4, 6), (3, 6), (2, 6), (1, 6), (1, 5), (1, 4), (1, 3)]","[{'top_left': (4, 1), 'bottom_right': (6, 3)}, {'top_left': (3, 7), 'bottom_right': (5, 9)}]"
10,6,6,2,1,"[(6, 6), (5, 6), (4, 6), (3, 6), (2, 6), (2, 5), (2, 4), (2, 3), (2, 2), (2, 1)]","[{'top_left': (4, 1), 'bottom_right': (6, 3)}, {'top_left': (3, 7), 'bottom_right': (5, 9)}]"
10,9,1,2,7,"[(9, 1), (8, 1), (7, 1), (6, 1), (5, 1), (4, 1), (3, 1), (3, 2), (3, 3), (3, 4), (3, 5), (3, 6), (2, 6), (2, 7)]","[{'top_left': (0, 3), 'bottom_right': (2, 5)}, {'top_left': (6, 2), 'bottom_right': (8, 4)}]"
10,9,9,0,8,"[(9, 9), (8, 9), (7, 9), (6, 9), (5, 9), (4, 9), (3, 9), (2, 9), (1, 9), (0, 9), (0, 8)]","[{'top_left': (0, 3), 'bottom_right': (2, 5)}, {'top_left': (6, 2), 'bottom_right': (8, 4)}]"
10,8,1,1,7,"[(8, 1), (7, 1), (6, 1), (5, 1), (4, 1), (3, 1), (3, 2), (3, 3), (3, 4), (3, 5), (3, 6), (2, 6), (1, 6), (1, 7)]","[{'top_left': (0, 3), 'bottom_right': (2, 5)}, {'top_left': (6, 2), 'bottom_right': (8, 4)}]"
10,2,9,8,0,"[(2, 9), (2, 8), (2, 7), (2, 6), (3, 6), (3, 5), (3, 4), (3, 3), (3, 2), (3, 1), (3, 0), (4, 0), (5, 0), (6, 0), (7, 0), (8, 0)]","[{'top_left': (0, 3), 'bottom_right': (2, 5)}, {'top_left': (6, 2), 'bottom_right': (8, 4)}]"
10,4,7,3,1,"[(4, 7), (3, 7), (3, 6), (3, 5), (3, 4), (3, 3), (3, 2), (3, 1)]","[{'top_left': (0, 3), 'bottom_right': (2, 5)}, {'top_left': (6, 2), 'bottom_right': (8, 4)}]"
10,0,0,9,8,"[(0, 0), (0, 1), (0, 2), (1, 2), (2, 2), (3, 2), (4, 2), (5, 2), (6, 2), (7, 2), (7, 3), (7, 4), (7, 5), (7, 6), (7, 7), (7, 8), (8, 8), (9, 8)]","[{'top_left': (4, 6), 'bottom_right': (6, 8)}, {'top_left': (4, 3), 'bottom_right': (6, 5)}]"
10,1,2,6,9,"[(1, 2), (1, 3), (1, 4), (1, 5), (1, 6), (1, 7), (1, 8), (1, 9), (2, 9), (3, 9), (4, 9), (5, 9), (6, 9)]","[{'top_left': (4, 6), 'bottom_right': (6, 8)}, {'top_left': (4, 3), 'bottom_right': (6, 5)}]"
10,8,7,2,5,"[(8, 7), (7, 7), (7, 8), (7, 9), (6, 9), (5, 9), (4, 9), (3, 9), (2, 9), (2, 8), (2, 7), (2, 6), (2, 5)]","[{'top_left': (4, 6), 'bottom_right': (6, 8)}, {'top_left': (4, 3), 'bottom_right': (6, 5)}]"
10,8,8,7,4,"[(8, 8), (7, 8), (7, 7), (7, 6), (7, 5), (7, 4)]","[{'top_left': (4, 6), 'bottom_right': (6, 8)}, {'top_left': (4, 3), 'bottom_right': (6, 5)}]"
10,2,1,3,7,"[(2, 1), (2, 2), (2, 3), (2, 4), (2, 5), (2, 6), (2, 7), (3, 7)]","[{'top_left': (4, 6), 'bottom_right': (6, 8)}, {'top_left': (4, 3), 'bottom_right': (6, 5)}]"
10,2,6,0,1,"[(2, 6), (1, 6), (0, 6), (0, 5), (0, 4), (0, 3), (0, 2), (0, 1)]","[{'top_left': (2, 1), 'bottom_right': (4, 3)}, {'top_left': (3, 6), 'bottom_right': (5, 8)}]"
10,2,7,9,6,"[(2, 7), (2, 6), (2, 5), (3, 5), (4, 5), (5, 5), (6, 5), (6, 6), (7, 6), (8, 6), (9, 6)]","[{'top_left': (2, 1), 'bottom_right': (4, 3)}, {'top_left': (3, 6), 'bottom_right': (5, 8)}]"
10,5,1,9,0,"[(5, 1), (5, 0), (6, 0), (7, 0), (8, 0), (9, 0)]","[{'top_left': (2, 1), 'bottom_right': (4, 3)}, {'top_left': (3, 6), 'bottom_right': (5, 8)}]"
10,4,9,0,2,"[(4, 9), (3, 9), (2, 9), (1, 9), (0, 9), (0, 8), (0, 7), (0, 6), (0, 5), (0, 4), (0, 3), (0, 2)]","[{'top_left': (2, 1), 'bottom_right': (4, 3)}, {'top_left': (3, 6), 'bottom_right': (5, 8)}]"
10,7,7,0,3,"[(7, 7), (6, 7), (6, 6), (6, 5), (5, 5), (4, 5), (3, 5), (2, 5), (1, 5), (0, 5), (0, 4), (0, 3)]","[{'top_left': (2, 1), 'bottom_right': (4, 3)}, {'top_left': (3, 6), 'bottom_right': (5, 8)}]"
10,0,1,1,8,"[(0, 1), (0, 2), (1, 2), (2, 2), (3, 2), (3, 3), (3, 4), (3, 5), (3, 6), (2, 6), (1, 6), (1, 7), (1, 8)]","[{'top_left': (4, 3), 'bottom_right': (6, 5)}, {'top_left': (0, 3), 'bottom_right': (2, 5)}]"
10,4,8,9,5,"[(4, 8), (4, 7), (4, 6), (5, 6), (6, 6), (7, 6), (7, 5), (8, 5), (9, 5)]","[{'top_left': (4, 3), 'bottom_right': (6, 5)}, {'top_left': (0, 3), 'bottom_right': (2, 5)}]"
10,8,4,5,1,"[(8, 4), (7, 4), (7, 3), (7, 2), (6, 2), (5, 2), (5, 1)]","[{'top_left': (4, 3), 'bottom_right': (6, 5)}, {'top_left': (0, 3), 'bottom_right': (2, 5)}]"
10,8,4,8,9,"[(8, 4), (8, 5), (8, 6), (8, 7), (8, 8), (8, 9)]","[{'top_left': (4, 3), 'bottom_right': (6, 5)}, {'top_left': (0, 3), 'bottom_right': (2, 5)}]"
10,7,3,5,7,"[(7, 3), (7, 4), (7, 5), (7, 6), (6, 6), (5, 6), (5, 7)]","[{'top_left': (4, 3), 'bottom_right': (6, 5)}, {'top_left': (0, 3), 'bottom_right': (2, 5)}]"
10,2,3,7,3,"[(2, 3), (2, 4), (3, 4), (4, 4), (5, 4), (6, 4), (7, 4), (7, 3)]","[{'top_left': (7, 0), 'bottom_right': (9, 2)}, {'top_left': (4, 1), 'bottom_right': (6, 3)}]"
10,3,3,3,9,"[(3, 3), (3, 4), (3, 5), (3, 6), (3, 7), (3, 8), (3, 9)]","[{'top_left': (7, 0), 'bottom_right': (9, 2)}, {'top_left': (4, 1), 'bottom_right': (6, 3)}]"
10,9,5,7,9,"[(9, 5), (8, 5), (7, 5), (7, 6), (7, 7), (7, 8), (7, 9)]","[{'top_left': (7, 0), 'bottom_right': (9, 2)}, {'top_left': (4, 1), 'bottom_right': (6, 3)}]"
10,2,0,8,6,"[(2, 0), (2, 1), (2, 2), (2, 3), (2, 4), (2, 5), (2, 6), (3, 6), (4, 6), (5, 6), (6, 6), (7, 6), (8, 6)]","[{'top_left': (7, 0), 'bottom_right': (9, 2)}, {'top_left': (4, 1), 'bottom_right': (6, 3)}]"
10,7,8,0,8,"[(7, 8), (6, 8), (5, 8), (4, 8), (3, 8), (2, 8), (1, 8), (0, 8)]","[{'top_left': (7, 0), 'bottom_right': (9, 2)}, {'top_left': (4, 1), 'bottom_right': (6, 3)}]"
20,6,12,18,3,"[(6, 12), (6, 11), (6, 10), (6, 9), (6, 8), (6, 7), (6, 6), (6, 5), (6, 4), (6, 3), (7, 3), (8, 3), (9, 3), (10, 3), (11, 3), (12, 3), (13, 3), (14, 3), (15, 3), (16, 3), (17, 3), (18, 3)]","[{'top_left': (11, 12), 'bottom_right': (14, 15)}, {'top_left': (5, 14), 'bottom_right': (8, 17)}, {'top_left': (0, 0), 'bottom_right': (3, 3)}]"
20,10,11,19,8,"[(10, 11), (10, 10), (10, 9), (10, 8), (11, 8), (12, 8), (13, 8), (14, 8), (15, 8), (16, 8), (17, 8), (18, 8), (19, 8)]","[{'top_left': (11, 12), 'bottom_right': (14, 15)}, {'top_left': (5, 14), 'bottom_right': (8, 17)}, {'top_left': (0, 0), 'bottom_right': (3, 3)}]"
20,11,5,15,13,"[(11, 5), (11, 6), (11, 7), (11, 8), (11, 9), (11, 10), (11, 11), (12, 11), (13, 11), (14, 11), (15, 11), (15, 12), (15, 13)]","[{'top_left': (11, 12), 'bottom_right': (14, 15)}, {'top_left': (5, 14), 'bottom_right': (8, 17)}, {'top_left': (0, 0), 'bottom_right': (3, 3)}]"
20,4,15,0,5,"[(4, 15), (3, 15), (2, 15), (1, 15), (0, 15), (0, 14), (0, 13), (0, 12), (0, 11), (0, 10), (0, 9), (0, 8), (0, 7), (0, 6), (0, 5)]","[{'top_left': (11, 12), 'bottom_right': (14, 15)}, {'top_left': (5, 14), 'bottom_right': (8, 17)}, {'top_left': (0, 0), 'bottom_right': (3, 3)}]"
20,6,8,15,3,"[(6, 8), (6, 7), (6, 6), (6, 5), (6, 4), (6, 3), (7, 3), (8, 3), (9, 3), (10, 3), (11, 3), (12, 3), (13, 3), (14, 3), (15, 3)]","[{'top_left': (11, 12), 'bottom_right': (14, 15)}, {'top_left': (5, 14), 'bottom_right': (8, 17)}, {'top_left': (0, 0), 'bottom_right': (3, 3)}]"
20,6,18,18,17,"[(6, 18), (6, 17), (7, 17), (8, 17), (9, 17), (10, 17), (11, 17), (12, 17), (13, 17), (14, 17), (15, 17), (16, 17), (17, 17), (18, 17)]","[{'top_left': (14, 10), 'bottom_right': (17, 13)}, {'top_left': (8, 11), 'bottom_right': (11, 14)}, {'top_left': (11, 0), 'bottom_right': (14, 3)}]"
20,2,5,10,7,"[(2, 5), (2, 6), (2, 7), (3, 7), (4, 7), (5, 7), (6, 7), (7, 7), (8, 7), (9, 7), (10, 7)]","[{'top_left': (14, 10), 'bottom_right': (17, 13)}, {'top_left': (8, 11), 'bottom_right': (11, 14)}, {'top_left': (11, 0), 'bottom_right': (14, 3)}]"
20,13,5,5,0,"[(13, 5), (12, 5), (11, 5), (10, 5), (9, 5), (8, 5), (7, 5), (6, 5), (5, 5), (5, 4), (5, 3), (5, 2), (5, 1), (5, 0)]","[{'top_left': (14, 10), 'bottom_right': (17, 13)}, {'top_left': (8, 11), 'bottom_right': (11, 14)}, {'top_left': (11, 0), 'bottom_right': (14, 3)}]"
20,3,2,15,17,"[(3, 2), (3, 3), (3, 4), (3, 5), (3, 6), (3, 7), (3, 8), (3, 9), (3, 10), (3, 11), (3, 12), (3, 13), (3, 14), (3, 15), (3, 16), (3, 17), (4, 17), (5, 17), (6, 17), (7, 17), (8, 17), (9, 17), (10, 17), (11, 17), (12, 17), (13, 17), (14, 17), (15, 17)]","[{'top_left': (14, 10), 'bottom_right': (17, 13)}, {'top_left': (8, 11), 'bottom_right': (11, 14)}, {'top_left': (11, 0), 'bottom_right': (14, 3)}]"
20,1,0,12,16,"[(1, 0), (1, 1), (1, 2), (1, 3), (1, 4), (1, 5), (1, 6), (1, 7), (1, 8), (1, 9), (1, 10), (1, 11), (1, 12), (1, 13), (1, 14), (1, 15), (1, 16), (2, 16), (3, 16), (4, 16), (5, 16), (6, 16), (7, 16), (8, 16), (9, 16), (10, 16), (11, 16), (12, 16)]","[{'top_left': (14, 10), 'bottom_right': (17, 13)}, {'top_left': (8, 11), 'bottom_right': (11, 14)}, {'top_left': (11, 0), 'bottom_right': (14, 3)}]"
20,14,4,4,16,"[(14, 4), (13, 4), (12, 4), (12, 5), (12, 6), (12, 7), (12, 8), (11, 8), (10, 8), (9, 8), (8, 8), (7, 8), (6, 8), (6, 9), (6, 10), (6, 11), (6, 12), (6, 13), (6, 14), (6, 15), (6, 16), (5, 16), (4, 16)]","[{'top_left': (2, 3), 'bottom_right': (5, 6)}, {'top_left': (8, 4), 'bottom_right': (11, 7)}, {'top_left': (2, 12), 'bottom_right': (5, 15)}]"
20,5,0,1,11,"[(5, 0), (4, 0), (3, 0), (2, 0), (1, 0), (1, 1), (1, 2), (1, 3), (1, 4), (1, 5), (1, 6), (1, 7), (1, 8), (1, 9), (1, 10), (1, 11)]","[{'top_left': (2, 3), 'bottom_right': (5, 6)}, {'top_left': (8, 4), 'bottom_right': (11, 7)}, {'top_left': (2, 12), 'bottom_right': (5, 15)}]"
20,8,17,14,4,"[(8, 17), (8, 16), (8, 15), (8, 14), (8, 13), (8, 12), (8, 11), (8, 10), (8, 9), (8, 8), (9, 8), (10, 8), (11, 8), (12, 8), (12, 7), (12, 6), (12, 5), (12, 4), (13, 4), (14, 4)]","[{'top_left': (2, 3), 'bottom_right': (5, 6)}, {'top_left': (8, 4), 'bottom_right': (11, 7)}, {'top_left': (2, 12), 'bottom_right': (5, 15)}]"
20,17,5,18,19,"[(17, 5), (17, 6), (17, 7), (17, 8), (17, 9), (17, 10), (17, 11), (17, 12), (17, 13), (17, 14), (17, 15), (17, 16), (17, 17), (17, 18), (17, 19), (18, 19)]","[{'top_left': (2, 3), 'bottom_right': (5, 6)}, {'top_left': (8, 4), 'bottom_right': (11, 7)}, {'top_left': (2, 12), 'bottom_right': (5, 15)}]"
20,17,9,11,15,"[(17, 9), (16, 9), (15, 9), (14, 9), (13, 9), (12, 9), (11, 9), (11, 10), (11, 11), (11, 12), (11, 13), (11, 14), (11, 15)]","[{'top_left': (2, 3), 'bottom_right': (5, 6)}, {'top_left': (8, 4), 'bottom_right': (11, 7)}, {'top_left': (2, 12), 'bottom_right': (5, 15)}]"
20,9,15,17,0,"[(9, 15), (9, 14), (9, 13), (9, 12), (9, 11), (9, 10), (9, 9), (9, 8), (9, 7), (9, 6), (10, 6), (11, 6), (11, 5), (11, 4), (11, 3), (11, 2), (11, 1), (11, 0), (12, 0), (13, 0), (14, 0), (15, 0), (16, 0), (17, 0)]","[{'top_left': (7, 2), 'bottom_right': (10, 5)}, {'top_left': (14, 9), 'bottom_right': (17, 12)}, {'top_left': (11, 13), 'bottom_right': (14, 16)}]"
20,15,15,9,0,"[(15, 15), (15, 16), (15, 17), (14, 17), (13, 17), (12, 17), (11, 17), (10, 17), (10, 16), (10, 15), (10, 14), (10, 13), (10, 12), (10, 11), (10, 10), (10, 9), (10, 8), (10, 7), (10, 6), (11, 6), (11, 5), (11, 4), (11, 3), (11, 2), (11, 1), (10, 1), (9, 1), (9, 0)]","[{'top_left': (7, 2), 'bottom_right': (10, 5)}, {'top_left': (14, 9), 'bottom_right': (17, 12)}, {'top_left': (11, 13), 'bottom_right': (14, 16)}]"
20,0,17,11,6,"[(0, 17), (0, 16), (0, 15), (0, 14), (0, 13), (0, 12), (0, 11), (0, 10), (0, 9), (0, 8), (0, 7), (0, 6), (1, 6), (2, 6), (3, 6), (4, 6), (5, 6), (6, 6), (7, 6), (8, 6), (9, 6), (10, 6), (11, 6)]","[{'top_left': (7, 2), 'bottom_right': (10, 5)}, {'top_left': (14, 9), 'bottom_right': (17, 12)}, {'top_left': (11, 13), 'bottom_right': (14, 16)}]"
20,7,16,19,8,"[(7, 16), (7, 15), (7, 14), (7, 13), (7, 12), (7, 11), (7, 10), (7, 9), (7, 8), (8, 8), (9, 8), (10, 8), (11, 8), (12, 8), (13, 8), (14, 8), (15, 8), (16, 8), (17, 8), (18, 8), (19, 8)]","[{'top_left': (7, 2), 'bottom_right': (10, 5)}, {'top_left': (14, 9), 'bottom_right': (17, 12)}, {'top_left': (11, 13), 'bottom_right': (14, 16)}]"
20,14,8,19,15,"[(14, 8), (15, 8), (16, 8), (17, 8), (18, 8), (18, 9), (18, 10), (18, 11), (18, 12), (18, 13), (18, 14), (18, 15), (19, 15)]","[{'top_left': (7, 2), 'bottom_right': (10, 5)}, {'top_left': (14, 9), 'bottom_right': (17, 12)}, {'top_left': (11, 13), 'bottom_right': (14, 16)}]"
20,15,11,14,1,"[(15, 11), (14, 11), (14, 10), (14, 9), (14, 8), (14, 7), (14, 6), (14, 5), (14, 4), (14, 3), (14, 2), (14, 1)]","[{'top_left': (6, 10), 'bottom_right': (9, 13)}, {'top_left': (0, 4), 'bottom_right': (3, 7)}, {'top_left': (1, 0), 'bottom_right': (4, 3)}]"
20,15,5,6,8,"[(15, 5), (14, 5), (13, 5), (12, 5), (11, 5), (10, 5), (9, 5), (8, 5), (7, 5), (6, 5), (6, 6), (6, 7), (6, 8)]","[{'top_left': (6, 10), 'bottom_right': (9, 13)}, {'top_left': (0, 4), 'bottom_right': (3, 7)}, {'top_left': (1, 0), 'bottom_right': (4, 3)}]"
20,12,14,7,1,"[(12, 14), (11, 14), (10, 14), (10, 13), (10, 12), (10, 11), (10, 10), (10, 9), (9, 9), (8, 9), (7, 9), (7, 8), (7, 7), (7, 6), (7, 5), (7, 4), (7, 3), (7, 2), (7, 1)]","[{'top_left': (6, 10), 'bottom_right': (9, 13)}, {'top_left': (0, 4), 'bottom_right': (3, 7)}, {'top_left': (1, 0), 'bottom_right': (4, 3)}]"
20,6,15,12,9,"[(6, 15), (6, 14), (7, 14), (8, 14), (9, 14), (10, 14), (10, 13), (10, 12), (10, 11), (10, 10), (10, 9), (11, 9), (12, 9)]","[{'top_left': (6, 10), 'bottom_right': (9, 13)}, {'top_left': (0, 4), 'bottom_right': (3, 7)}, {'top_left': (1, 0), 'bottom_right': (4, 3)}]"
20,10,5,1,17,"[(10, 5), (9, 5), (8, 5), (7, 5), (6, 5), (5, 5), (4, 5), (4, 6), (4, 7), (4, 8), (3, 8), (2, 8), (1, 8), (1, 9), (1, 10), (1, 11), (1, 12), (1, 13), (1, 14), (1, 15), (1, 16), (1, 17)]","[{'top_left': (6, 10), 'bottom_right': (9, 13)}, {'top_left': (0, 4), 'bottom_right': (3, 7)}, {'top_left': (1, 0), 'bottom_right': (4, 3)}]"
20,7,13,10,0,"[(7, 13), (7, 12), (7, 11), (7, 10), (7, 9), (7, 8), (7, 7), (7, 6), (7, 5), (7, 4), (7, 3), (7, 2), (7, 1), (7, 0), (8, 0), (9, 0), (10, 0)]","[{'top_left': (16, 3), 'bottom_right': (19, 6)}, {'top_left': (8, 15), 'bottom_right': (11, 18)}, {'top_left': (9, 6), 'bottom_right': (12, 9)}]"
20,15,2,19,10,"[(15, 2), (15, 3), (15, 4), (15, 5), (15, 6), (15, 7), (15, 8), (15, 9), (15, 10), (16, 10), (17, 10), (18, 10), (19, 10)]","[{'top_left': (16, 3), 'bottom_right': (19, 6)}, {'top_left': (8, 15), 'bottom_right': (11, 18)}, {'top_left': (9, 6), 'bottom_right': (12, 9)}]"
20,1,1,11,4,"[(1, 1), (1, 2), (1, 3), (1, 4), (2, 4), (3, 4), (4, 4), (5, 4), (6, 4), (7, 4), (8, 4), (9, 4), (10, 4), (11, 4)]","[{'top_left': (16, 3), 'bottom_right': (19, 6)}, {'top_left': (8, 15), 'bottom_right': (11, 18)}, {'top_left': (9, 6), 'bottom_right': (12, 9)}]"
20,7,10,17,11,"[(7, 10), (7, 11), (8, 11), (9, 11), (10, 11), (11, 11), (12, 11), (13, 11), (14, 11), (15, 11), (16, 11), (17, 11)]","[{'top_left': (16, 3), 'bottom_right': (19, 6)}, {'top_left': (8, 15), 'bottom_right': (11, 18)}, {'top_left': (9, 6), 'bottom_right': (12, 9)}]"
20,14,6,0,12,"[(14, 6), (13, 6), (13, 7), (13, 8), (13, 9), (13, 10), (12, 10), (11, 10), (10, 10), (9, 10), (8, 10), (7, 10), (6, 10), (5, 10), (4, 10), (3, 10), (2, 10), (1, 10), (0, 10), (0, 11), (0, 12)]","[{'top_left': (16, 3), 'bottom_right': (19, 6)}, {'top_left': (8, 15), 'bottom_right': (11, 18)}, {'top_left': (9, 6), 'bottom_right': (12, 9)}]"
20,19,17,5,2,"[(19, 17), (19, 16), (19, 15), (19, 14), (19, 13), (18, 13), (17, 13), (16, 13), (15, 13), (14, 13), (13, 13), (12, 13), (11, 13), (10, 13), (9, 13), (8, 13), (7, 13), (6, 13), (5, 13), (5, 12), (5, 11), (5, 10), (5, 9), (5, 8), (5, 7), (5, 6), (5, 5), (5, 4), (5, 3), (5, 2)]","[{'top_left': (11, 4), 'bottom_right': (14, 7)}, {'top_left': (15, 14), 'bottom_right': (18, 17)}, {'top_left': (9, 15), 'bottom_right': (12, 18)}]"
20,0,19,11,19,"[(0, 19), (1, 19), (2, 19), (3, 19), (4, 19), (5, 19), (6, 19), (7, 19), (8, 19), (9, 19), (10, 19), (11, 19)]","[{'top_left': (11, 4), 'bottom_right': (14, 7)}, {'top_left': (15, 14), 'bottom_right': (18, 17)}, {'top_left': (9, 15), 'bottom_right': (12, 18)}]"
20,7,10,2,17,"[(7, 10), (6, 10), (5, 10), (4, 10), (3, 10), (2, 10), (2, 11), (2, 12), (2, 13), (2, 14), (2, 15), (2, 16), (2, 17)]","[{'top_left': (11, 4), 'bottom_right': (14, 7)}, {'top_left': (15, 14), 'bottom_right': (18, 17)}, {'top_left': (9, 15), 'bottom_right': (12, 18)}]"
20,10,13,10,3,"[(10, 13), (10, 12), (10, 11), (10, 10), (10, 9), (10, 8), (10, 7), (10, 6), (10, 5), (10, 4), (10, 3)]","[{'top_left': (11, 4), 'bottom_right': (14, 7)}, {'top_left': (15, 14), 'bottom_right': (18, 17)}, {'top_left': (9, 15), 'bottom_right': (12, 18)}]"
20,3,16,2,1,"[(3, 16), (2, 16), (2, 15), (2, 14), (2, 13), (2, 12), (2, 11), (2, 10), (2, 9), (2, 8), (2, 7), (2, 6), (2, 5), (2, 4), (2, 3), (2, 2), (2, 1)]","[{'top_left': (11, 4), 'bottom_right': (14, 7)}, {'top_left': (15, 14), 'bottom_right': (18, 17)}, {'top_left': (9, 15), 'bottom_right': (12, 18)}]"
20,19,18,8,1,"[(19, 18), (19, 17), (19, 16), (19, 15), (18, 15), (17, 15), (16, 15), (15, 15), (14, 15), (13, 15), (12, 15), (11, 15), (10, 15), (9, 15), (8, 15), (8, 14), (8, 13), (8, 12), (8, 11), (8, 10), (8, 9), (8, 8), (8, 7), (8, 6), (8, 5), (8, 4), (8, 3), (8, 2), (8, 1)]","[{'top_left': (4, 5), 'bottom_right': (7, 8)}, {'top_left': (3, 15), 'bottom_right': (6, 18)}, {'top_left': (15, 16), 'bottom_right': (18, 19)}]"
20,11,7,19,2,"[(11, 7), (11, 6), (11, 5), (11, 4), (11, 3), (11, 2), (12, 2), (13, 2), (14, 2), (15, 2), (16, 2), (17, 2), (18, 2), (19, 2)]","[{'top_left': (4, 5), 'bottom_right': (7, 8)}, {'top_left': (3, 15), 'bottom_right': (6, 18)}, {'top_left': (15, 16), 'bottom_right': (18, 19)}]"
20,0,6,15,2,"[(0, 6), (0, 5), (0, 4), (0, 3), (0, 2), (1, 2), (2, 2), (3, 2), (4, 2), (5, 2), (6, 2), (7, 2), (8, 2), (9, 2), (10, 2), (11, 2), (12, 2), (13, 2), (14, 2), (15, 2)]","[{'top_left': (4, 5), 'bottom_right': (7, 8)}, {'top_left': (3, 15), 'bottom_right': (6, 18)}, {'top_left': (15, 16), 'bottom_right': (18, 19)}]"
20,14,1,11,17,"[(14, 1), (13, 1), (12, 1), (11, 1), (11, 2), (11, 3), (11, 4), (11, 5), (11, 6), (11, 7), (11, 8), (11, 9), (11, 10), (11, 11), (11, 12), (11, 13), (11, 14), (11, 15), (11, 16), (11, 17)]","[{'top_left': (4, 5), 'bottom_right': (7, 8)}, {'top_left': (3, 15), 'bottom_right': (6, 18)}, {'top_left': (15, 16), 'bottom_right': (18, 19)}]"
20,13,11,1,19,"[(13, 11), (12, 11), (11, 11), (10, 11), (9, 11), (8, 11), (7, 11), (6, 11), (5, 11), (4, 11), (3, 11), (2, 11), (1, 11), (1, 12), (1, 13), (1, 14), (1, 15), (1, 16), (1, 17), (1, 18), (1, 19)]","[{'top_left': (4, 5), 'bottom_right': (7, 8)}, {'top_left': (3, 15), 'bottom_right': (6, 18)}, {'top_left': (15, 16), 'bottom_right': (18, 19)}]"
20,7,17,12,6,"[(7, 17), (7, 16), (7, 15), (7, 14), (7, 13), (7, 12), (7, 11), (7, 10), (7, 9), (7, 8), (7, 7), (7, 6), (8, 6), (9, 6), (10, 6), (11, 6), (12, 6)]","[{'top_left': (8, 16), 'bottom_right': (11, 19)}, {'top_left': (1, 2), 'bottom_right': (4, 5)}, {'top_left': (9, 2), 'bottom_right': (12, 5)}]"
20,5,17,17,13,"[(5, 17), (5, 16), (5, 15), (5, 14), (5, 13), (6, 13), (7, 13), (8, 13), (9, 13), (10, 13), (11, 13), (12, 13), (13, 13), (14, 13), (15, 13), (16, 13), (17, 13)]","[{'top_left': (8, 16), 'bottom_right': (11, 19)}, {'top_left': (1, 2), 'bottom_right': (4, 5)}, {'top_left': (9, 2), 'bottom_right': (12, 5)}]"
20,3,18,11,14,"[(3, 18), (3, 17), (3, 16), (3, 15), (3, 14), (4, 14), (5, 14), (6, 14), (7, 14), (8, 14), (9, 14), (10, 14), (11, 14)]","[{'top_left': (8, 16), 'bottom_right': (11, 19)}, {'top_left': (1, 2), 'bottom_right': (4, 5)}, {'top_left': (9, 2), 'bottom_right': (12, 5)}]"
20,13,3,5,5,"[(13, 3), (13, 4), (13, 5), (13, 6), (12, 6), (11, 6), (10, 6), (9, 6), (8, 6), (7, 6), (6, 6), (5, 6), (5, 5)]","[{'top_left': (8, 16), 'bottom_right': (11, 19)}, {'top_left': (1, 2), 'bottom_right': (4, 5)}, {'top_left': (9, 2), 'bottom_right': (12, 5)}]"
20,5,17,19,14,"[(5, 17), (5, 16), (5, 15), (5, 14), (6, 14), (7, 14), (8, 14), (9, 14), (10, 14), (11, 14), (12, 14), (13, 14), (14, 14), (15, 14), (16, 14), (17, 14), (18, 14), (19, 14)]","[{'top_left': (8, 16), 'bottom_right': (11, 19)}, {'top_left': (1, 2), 'bottom_right': (4, 5)}, {'top_left': (9, 2), 'bottom_right': (12, 5)}]"
20,12,0,1,9,"[(12, 0), (11, 0), (10, 0), (9, 0), (8, 0), (7, 0), (6, 0), (5, 0), (4, 0), (3, 0), (2, 0), (1, 0), (1, 1), (1, 2), (1, 3), (1, 4), (1, 5), (1, 6), (1, 7), (1, 8), (1, 9)]","[{'top_left': (11, 10), 'bottom_right': (14, 13)}, {'top_left': (6, 12), 'bottom_right': (9, 15)}, {'top_left': (14, 14), 'bottom_right': (17, 17)}]"
20,18,4,3,1,"[(18, 4), (17, 4), (16, 4), (15, 4), (14, 4), (13, 4), (12, 4), (11, 4), (10, 4), (9, 4), (8, 4), (7, 4), (6, 4), (5, 4), (4, 4), (3, 4), (3, 3), (3, 2), (3, 1)]","[{'top_left': (11, 10), 'bottom_right': (14, 13)}, {'top_left': (6, 12), 'bottom_right': (9, 15)}, {'top_left': (14, 14), 'bottom_right': (17, 17)}]"
20,8,11,18,7,"[(8, 11), (8, 10), (8, 9), (8, 8), (8, 7), (9, 7), (10, 7), (11, 7), (12, 7), (13, 7), (14, 7), (15, 7), (16, 7), (17, 7), (18, 7)]","[{'top_left': (11, 10), 'bottom_right': (14, 13)}, {'top_left': (6, 12), 'bottom_right': (9, 15)}, {'top_left': (14, 14), 'bottom_right': (17, 17)}]"
20,2,10,15,5,"[(2, 10), (2, 9), (2, 8), (2, 7), (2, 6), (2, 5), (3, 5), (4, 5), (5, 5), (6, 5), (7, 5), (8, 5), (9, 5), (10, 5), (11, 5), (12, 5), (13, 5), (14, 5), (15, 5)]","[{'top_left': (11, 10), 'bottom_right': (14, 13)}, {'top_left': (6, 12), 'bottom_right': (9, 15)}, {'top_left': (14, 14), 'bottom_right': (17, 17)}]"
20,15,18,3,19,"[(15, 18), (14, 18), (13, 18), (12, 18), (11, 18), (10, 18), (9, 18), (8, 18), (7, 18), (6, 18), (5, 18), (4, 18), (3, 18), (3, 19)]","[{'top_left': (11, 10), 'bottom_right': (14, 13)}, {'top_left': (6, 12), 'bottom_right': (9, 15)}, {'top_left': (14, 14), 'bottom_right': (17, 17)}]"
20,13,3,7,19,"[(13, 3), (13, 4), (13, 5), (12, 5), (11, 5), (10, 5), (9, 5), (8, 5), (7, 5), (7, 6), (7, 7), (7, 8), (7, 9), (7, 10), (7, 11), (7, 12), (7, 13), (7, 14), (7, 15), (7, 16), (7, 17), (7, 18), (7, 19)]","[{'top_left': (9, 1), 'bottom_right': (12, 4)}, {'top_left': (1, 10), 'bottom_right': (4, 13)}, {'top_left': (11, 13), 'bottom_right': (14, 16)}]"
20,16,1,10,17,"[(16, 1), (15, 1), (14, 1), (13, 1), (13, 2), (13, 3), (13, 4), (13, 5), (12, 5), (11, 5), (10, 5), (10, 6), (10, 7), (10, 8), (10, 9), (10, 10), (10, 11), (10, 12), (10, 13), (10, 14), (10, 15), (10, 16), (10, 17)]","[{'top_left': (9, 1), 'bottom_right': (12, 4)}, {'top_left': (1, 10), 'bottom_right': (4, 13)}, {'top_left': (11, 13), 'bottom_right': (14, 16)}]"
20,18,4,10,16,"[(18, 4), (17, 4), (16, 4), (15, 4), (14, 4), (13, 4), (13, 5), (12, 5), (11, 5), (10, 5), (10, 6), (10, 7), (10, 8), (10, 9), (10, 10), (10, 11), (10, 12), (10, 13), (10, 14), (10, 15), (10, 16)]","[{'top_left': (9, 1), 'bottom_right': (12, 4)}, {'top_left': (1, 10), 'bottom_right': (4, 13)}, {'top_left': (11, 13), 'bottom_right': (14, 16)}]"
20,2,7,13,9,"[(2, 7), (2, 8), (2, 9), (3, 9), (4, 9), (5, 9), (6, 9), (7, 9), (8, 9), (9, 9), (10, 9), (11, 9), (12, 9), (13, 9)]","[{'top_left': (9, 1), 'bottom_right': (12, 4)}, {'top_left': (1, 10), 'bottom_right': (4, 13)}, {'top_left': (11, 13), 'bottom_right': (14, 16)}]"
20,2,15,18,1,"[(2, 15), (2, 14), (3, 14), (4, 14), (5, 14), (5, 13), (5, 12), (5, 11), (5, 10), (5, 9), (5, 8), (5, 7), (5, 6), (5, 5), (6, 5), (7, 5), (8, 5), (9, 5), (10, 5), (11, 5), (12, 5), (13, 5), (13, 4), (13, 3), (13, 2), (13, 1), (14, 1), (15, 1), (16, 1), (17, 1), (18, 1)]","[{'top_left': (9, 1), 'bottom_right': (12, 4)}, {'top_left': (1, 10), 'bottom_right': (4, 13)}, {'top_left': (11, 13), 'bottom_right': (14, 16)}]"
20,4,4,15,17,"[(4, 4), (4, 5), (4, 6), (4, 7), (4, 8), (4, 9), (4, 10), (4, 11), (5, 11), (6, 11), (6, 12), (6, 13), (6, 14), (6, 15), (6, 16), (6, 17), (7, 17), (8, 17), (9, 17), (10, 17), (11, 17), (12, 17), (13, 17), (14, 17), (15, 17)]","[{'top_left': (12, 8), 'bottom_right': (15, 11)}, {'top_left': (2, 12), 'bottom_right': (5, 15)}, {'top_left': (16, 13), 'bottom_right': (19, 16)}]"
20,19,0,9,5,"[(19, 0), (18, 0), (17, 0), (16, 0), (15, 0), (14, 0), (13, 0), (12, 0), (11, 0), (10, 0), (9, 0), (9, 1), (9, 2), (9, 3), (9, 4), (9, 5)]","[{'top_left': (12, 8), 'bottom_right': (15, 11)}, {'top_left': (2, 12), 'bottom_right': (5, 15)}, {'top_left': (16, 13), 'bottom_right': (19, 16)}]"
20,6,11,4,2,"[(6, 11), (5, 11), (4, 11), (4, 10), (4, 9), (4, 8), (4, 7), (4, 6), (4, 5), (4, 4), (4, 3), (4, 2)]","[{'top_left': (12, 8), 'bottom_right': (15, 11)}, {'top_left': (2, 12), 'bottom_right': (5, 15)}, {'top_left': (16, 13), 'bottom_right': (19, 16)}]"
20,3,1,7,19,"[(3, 1), (3, 2), (3, 3), (3, 4), (3, 5), (3, 6), (3, 7), (3, 8), (3, 9), (3, 10), (3, 11), (4, 11), (5, 11), (6, 11), (6, 12), (6, 13), (6, 14), (6, 15), (6, 16), (6, 17), (6, 18), (6, 19), (7, 19)]","[{'top_left': (12, 8), 'bottom_right': (15, 11)}, {'top_left': (2, 12), 'bottom_right': (5, 15)}, {'top_left': (16, 13), 'bottom_right': (19, 16)}]"
20,3,9,14,15,"[(3, 9), (3, 10), (3, 11), (4, 11), (5, 11), (6, 11), (6, 12), (6, 13), (6, 14), (6, 15), (7, 15), (8, 15), (9, 15), (10, 15), (11, 15), (12, 15), (13, 15), (14, 15)]","[{'top_left': (12, 8), 'bottom_right': (15, 11)}, {'top_left': (2, 12), 'bottom_right': (5, 15)}, {'top_left': (16, 13), 'bottom_right': (19, 16)}]"
20,4,0,12,18,"[(4, 0), (4, 1), (4, 2), (4, 3), (4, 4), (4, 5), (4, 6), (4, 7), (4, 8), (4, 9), (4, 10), (4, 11), (4, 12), (4, 13), (4, 14), (4, 15), (5, 15), (6, 15), (7, 15), (8, 15), (9, 15), (10, 15), (10, 16), (10, 17), (10, 18), (11, 18), (12, 18)]","[{'top_left': (0, 10), 'bottom_right': (3, 13)}, {'top_left': (6, 6), 'bottom_right': (9, 9)}, {'top_left': (6, 16), 'bottom_right': (9, 19)}]"
20,16,1,8,5,"[(16, 1), (15, 1), (14, 1), (13, 1), (12, 1), (11, 1), (10, 1), (9, 1), (8, 1), (8, 2), (8, 3), (8, 4), (8, 5)]","[{'top_left': (0, 10), 'bottom_right': (3, 13)}, {'top_left': (6, 6), 'bottom_right': (9, 9)}, {'top_left': (6, 16), 'bottom_right': (9, 19)}]"
20,3,0,9,12,"[(3, 0), (3, 1), (3, 2), (3, 3), (3, 4), (3, 5), (3, 6), (3, 7), (3, 8), (3, 9), (4, 9), (4, 10), (4, 11), (4, 12), (5, 12), (6, 12), (7, 12), (8, 12), (9, 12)]","[{'top_left': (0, 10), 'bottom_right': (3, 13)}, {'top_left': (6, 6), 'bottom_right': (9, 9)}, {'top_left': (6, 16), 'bottom_right': (9, 19)}]"
20,7,12,16,3,"[(7, 12), (7, 11), (7, 10), (8, 10), (9, 10), (10, 10), (10, 9), (10, 8), (10, 7), (10, 6), (10, 5), (10, 4), (10, 3), (11, 3), (12, 3), (13, 3), (14, 3), (15, 3), (16, 3)]","[{'top_left': (0, 10), 'bottom_right': (3, 13)}, {'top_left': (6, 6), 'bottom_right': (9, 9)}, {'top_left': (6, 16), 'bottom_right': (9, 19)}]"
20,10,15,19,17,"[(10, 15), (10, 16), (10, 17), (11, 17), (12, 17), (13, 17), (14, 17), (15, 17), (16, 17), (17, 17), (18, 17), (19, 17)]","[{'top_left': (0, 10), 'bottom_right': (3, 13)}, {'top_left': (6, 6), 'bottom_right': (9, 9)}, {'top_left': (6, 16), 'bottom_right': (9, 19)}]"
20,1,7,16,9,"[(1, 7), (1, 8), (1, 9), (2, 9), (3, 9), (4, 9), (5, 9), (6, 9), (7, 9), (8, 9), (9, 9), (10, 9), (11, 9), (12, 9), (13, 9), (14, 9), (15, 9), (16, 9)]","[{'top_left': (2, 5), 'bottom_right': (5, 8)}, {'top_left': (6, 16), 'bottom_right': (9, 19)}, {'top_left': (14, 0), 'bottom_right': (17, 3)}]"
20,10,15,12,5,"[(10, 15), (10, 14), (10, 13), (10, 12), (10, 11), (10, 10), (10, 9), (10, 8), (10, 7), (10, 6), (10, 5), (11, 5), (12, 5)]","[{'top_left': (2, 5), 'bottom_right': (5, 8)}, {'top_left': (6, 16), 'bottom_right': (9, 19)}, {'top_left': (14, 0), 'bottom_right': (17, 3)}]"
20,0,11,11,11,"[(0, 11), (1, 11), (2, 11), (3, 11), (4, 11), (5, 11), (6, 11), (7, 11), (8, 11), (9, 11), (10, 11), (11, 11)]","[{'top_left': (2, 5), 'bottom_right': (5, 8)}, {'top_left': (6, 16), 'bottom_right': (9, 19)}, {'top_left': (14, 0), 'bottom_right': (17, 3)}]"
20,1,8,12,0,"[(1, 8), (1, 7), (1, 6), (1, 5), (1, 4), (1, 3), (1, 2), (1, 1), (1, 0), (2, 0), (3, 0), (4, 0), (5, 0), (6, 0), (7, 0), (8, 0), (9, 0), (10, 0), (11, 0), (12, 0)]","[{'top_left': (2, 5), 'bottom_right': (5, 8)}, {'top_left': (6, 16), 'bottom_right': (9, 19)}, {'top_left': (14, 0), 'bottom_right': (17, 3)}]"
20,17,8,7,4,"[(17, 8), (16, 8), (15, 8), (14, 8), (13, 8), (12, 8), (11, 8), (10, 8), (9, 8), (8, 8), (7, 8), (7, 7), (7, 6), (7, 5), (7, 4)]","[{'top_left': (2, 5), 'bottom_right': (5, 8)}, {'top_left': (6, 16), 'bottom_right': (9, 19)}, {'top_left': (14, 0), 'bottom_right': (17, 3)}]"
20,4,6,4,18,"[(4, 6), (4, 7), (4, 8), (4, 9), (4, 10), (4, 11), (4, 12), (4, 13), (4, 14), (4, 15), (4, 16), (4, 17), (4, 18)]","[{'top_left': (10, 12), 'bottom_right': (13, 15)}, {'top_left': (4, 2), 'bottom_right': (7, 5)}, {'top_left': (12, 16), 'bottom_right': (15, 19)}]"
20,17,6,4,9,"[(17, 6), (16, 6), (15, 6), (14, 6), (13, 6), (12, 6), (11, 6), (10, 6), (9, 6), (8, 6), (7, 6), (6, 6), (5, 6), (4, 6), (4, 7), (4, 8), (4, 9)]","[{'top_left': (10, 12), 'bottom_right': (13, 15)}, {'top_left': (4, 2), 'bottom_right': (7, 5)}, {'top_left': (12, 16), 'bottom_right': (15, 19)}]"
20,18,5,10,2,"[(18, 5), (17, 5), (16, 5), (15, 5), (14, 5), (13, 5), (12, 5), (11, 5), (10, 5), (10, 4), (10, 3), (10, 2)]","[{'top_left': (10, 12), 'bottom_right': (13, 15)}, {'top_left': (4, 2), 'bottom_right': (7, 5)}, {'top_left': (12, 16), 'bottom_right': (15, 19)}]"
20,17,17,3,5,"[(17, 17), (16, 17), (16, 16), (16, 15), (15, 15), (14, 15), (14, 14), (14, 13), (14, 12), (14, 11), (13, 11), (12, 11), (11, 11), (10, 11), (9, 11), (8, 11), (7, 11), (6, 11), (5, 11), (4, 11), (3, 11), (3, 10), (3, 9), (3, 8), (3, 7), (3, 6), (3, 5)]","[{'top_left': (10, 12), 'bottom_right': (13, 15)}, {'top_left': (4, 2), 'bottom_right': (7, 5)}, {'top_left': (12, 16), 'bottom_right': (15, 19)}]"
20,10,4,0,10,"[(10, 4), (9, 4), (8, 4), (8, 5), (8, 6), (7, 6), (6, 6), (5, 6), (4, 6), (3, 6), (2, 6), (1, 6), (0, 6), (0, 7), (0, 8), (0, 9), (0, 10)]","[{'top_left': (10, 12), 'bottom_right': (13, 15)}, {'top_left': (4, 2), 'bottom_right': (7, 5)}, {'top_left': (12, 16), 'bottom_right': (15, 19)}]"
20,0,19,19,8,"[(0, 19), (0, 18), (0, 17), (0, 16), (0, 15), (0, 14), (0, 13), (0, 12), (0, 11), (0, 10), (0, 9), (0, 8), (1, 8), (2, 8), (3, 8), (4, 8), (5, 8), (6, 8), (7, 8), (8, 8), (9, 8), (10, 8), (11, 8), (12, 8), (13, 8), (14, 8), (15, 8), (16, 8), (17, 8), (18, 8), (19, 8)]","[{'top_left': (13, 13), 'bottom_right': (16, 16)}, {'top_left': (9, 14), 'bottom_right': (12, 17)}, {'top_left': (8, 4), 'bottom_right': (11, 7)}]"
20,19,18,19,7,"[(19, 18), (19, 17), (19, 16), (19, 15), (19, 14), (19, 13), (19, 12), (19, 11), (19, 10), (19, 9), (19, 8), (19, 7)]","[{'top_left': (13, 13), 'bottom_right': (16, 16)}, {'top_left': (9, 14), 'bottom_right': (12, 17)}, {'top_left': (8, 4), 'bottom_right': (11, 7)}]"
20,19,7,7,0,"[(19, 7), (18, 7), (17, 7), (16, 7), (15, 7), (14, 7), (13, 7), (12, 7), (12, 6), (12, 5), (12, 4), (12, 3), (11, 3), (10, 3), (9, 3), (8, 3), (7, 3), (7, 2), (7, 1), (7, 0)]","[{'top_left': (13, 13), 'bottom_right': (16, 16)}, {'top_left': (9, 14), 'bottom_right': (12, 17)}, {'top_left': (8, 4), 'bottom_right': (11, 7)}]"
20,16,19,15,11,"[(16, 19), (16, 18), (16, 17), (17, 17), (17, 16), (17, 15), (17, 14), (17, 13), (17, 12), (16, 12), (15, 12), (15, 11)]","[{'top_left': (13, 13), 'bottom_right': (16, 16)}, {'top_left': (9, 14), 'bottom_right': (12, 17)}, {'top_left': (8, 4), 'bottom_right': (11, 7)}]"
20,2,5,14,19,"[(2, 5), (2, 6), (2, 7), (2, 8), (2, 9), (2, 10), (2, 11), (2, 12), (2, 13), (2, 14), (2, 15), (2, 16), (2, 17), (2, 18), (2, 19), (3, 19), (4, 19), (5, 19), (6, 19), (7, 19), (8, 19), (9, 19), (10, 19), (11, 19), (12, 19), (13, 19), (14, 19)]","[{'top_left': (13, 13), 'bottom_right': (16, 16)}, {'top_left': (9, 14), 'bottom_right': (12, 17)}, {'top_left': (8, 4), 'bottom_right': (11, 7)}]"
20,14,14,1,7,"[(14, 14), (14, 13), (14, 12), (14, 11), (13, 11), (12, 11), (11, 11), (10, 11), (9, 11), (8, 11), (7, 11), (6, 11), (5, 11), (4, 11), (3, 11), (2, 11), (1, 11), (1, 10), (1, 9), (1, 8), (1, 7)]","[{'top_left': (15, 10), 'bottom_right': (18, 13)}, {'top_left': (1, 12), 'bottom_right': (4, 15)}, {'top_left': (10, 12), 'bottom_right': (13, 15)}]"
20,16,17,12,1,"[(16, 17), (15, 17), (14, 17), (14, 16), (14, 15), (14, 14), (14, 13), (14, 12), (14, 11), (13, 11), (12, 11), (12, 10), (12, 9), (12, 8), (12, 7), (12, 6), (12, 5), (12, 4), (12, 3), (12, 2), (12, 1)]","[{'top_left': (15, 10), 'bottom_right': (18, 13)}, {'top_left': (1, 12), 'bottom_right': (4, 15)}, {'top_left': (10, 12), 'bottom_right': (13, 15)}]"
20,6,9,14,12,"[(6, 9), (6, 10), (6, 11), (7, 11), (8, 11), (9, 11), (10, 11), (11, 11), (12, 11), (13, 11), (14, 11), (14, 12)]","[{'top_left': (15, 10), 'bottom_right': (18, 13)}, {'top_left': (1, 12), 'bottom_right': (4, 15)}, {'top_left': (10, 12), 'bottom_right': (13, 15)}]"
20,13,9,19,1,"[(13, 9), (13, 8), (13, 7), (13, 6), (13, 5), (13, 4), (13, 3), (13, 2), (13, 1), (14, 1), (15, 1), (16, 1), (17, 1), (18, 1), (19, 1)]","[{'top_left': (15, 10), 'bottom_right': (18, 13)}, {'top_left': (1, 12), 'bottom_right': (4, 15)}, {'top_left': (10, 12), 'bottom_right': (13, 15)}]"
20,16,4,14,14,"[(16, 4), (15, 4), (14, 4), (14, 5), (14, 6), (14, 7), (14, 8), (14, 9), (14, 10), (14, 11), (14, 12), (14, 13), (14, 14)]","[{'top_left': (15, 10), 'bottom_right': (18, 13)}, {'top_left': (1, 12), 'bottom_right': (4, 15)}, {'top_left': (10, 12), 'bottom_right': (13, 15)}]"
20,13,10,14,0,"[(13, 10), (13, 9), (13, 8), (13, 7), (13, 6), (13, 5), (13, 4), (13, 3), (13, 2), (13, 1), (13, 0), (14, 0)]","[{'top_left': (2, 16), 'bottom_right': (5, 19)}, {'top_left': (3, 5), 'bottom_right': (6, 8)}, {'top_left': (4, 12), 'bottom_right': (7, 15)}]"
20,14,2,8,10,"[(14, 2), (13, 2), (12, 2), (11, 2), (10, 2), (9, 2), (8, 2), (8, 3), (8, 4), (8, 5), (8, 6), (8, 7), (8, 8), (8, 9), (8, 10)]","[{'top_left': (2, 16), 'bottom_right': (5, 19)}, {'top_left': (3, 5), 'bottom_right': (6, 8)}, {'top_left': (4, 12), 'bottom_right': (7, 15)}]"
20,12,16,19,5,"[(12, 16), (12, 15), (12, 14), (12, 13), (12, 12), (12, 11), (12, 10), (12, 9), (12, 8), (12, 7), (12, 6), (12, 5), (13, 5), (14, 5), (15, 5), (16, 5), (17, 5), (18, 5), (19, 5)]","[{'top_left': (2, 16), 'bottom_right': (5, 19)}, {'top_left': (3, 5), 'bottom_right': (6, 8)}, {'top_left': (4, 12), 'bottom_right': (7, 15)}]"
20,12,17,12,1,"[(12, 17), (12, 16), (12, 15), (12, 14), (12, 13), (12, 12), (12, 11), (12, 10), (12, 9), (12, 8), (12, 7), (12, 6), (12, 5), (12, 4), (12, 3), (12, 2), (12, 1)]","[{'top_left': (2, 16), 'bottom_right': (5, 19)}, {'top_left': (3, 5), 'bottom_right': (6, 8)}, {'top_left': (4, 12), 'bottom_right': (7, 15)}]"
20,5,10,18,4,"[(5, 10), (5, 9), (6, 9), (7, 9), (7, 8), (7, 7), (7, 6), (7, 5), (7, 4), (8, 4), (9, 4), (10, 4), (11, 4), (12, 4), (13, 4), (14, 4), (15, 4), (16, 4), (17, 4), (18, 4)]","[{'top_left': (2, 16), 'bottom_right': (5, 19)}, {'top_left': (3, 5), 'bottom_right': (6, 8)}, {'top_left': (4, 12), 'bottom_right': (7, 15)}]"
20,6,0,19,8,"[(6, 0), (6, 1), (6, 2), (6, 3), (7, 3), (8, 3), (9, 3), (9, 4), (9, 5), (9, 6), (9, 7), (9, 8), (10, 8), (11, 8), (12, 8), (13, 8), (14, 8), (15, 8), (16, 8), (17, 8), (18, 8), (19, 8)]","[{'top_left': (5, 4), 'bottom_right': (8, 7)}, {'top_left': (13, 9), 'bottom_right': (16, 12)}, {'top_left': (9, 14), 'bottom_right': (12, 17)}]"
20,0,14,15,15,"[(0, 14), (0, 13), (1, 13), (2, 13), (3, 13), (4, 13), (5, 13), (6, 13), (7, 13), (8, 13), (9, 13), (10, 13), (11, 13), (12, 13), (13, 13), (13, 14), (13, 15), (14, 15), (15, 15)]","[{'top_left': (5, 4), 'bottom_right': (8, 7)}, {'top_left': (13, 9), 'bottom_right': (16, 12)}, {'top_left': (9, 14), 'bottom_right': (12, 17)}]"
20,17,0,19,15,"[(17, 0), (17, 1), (17, 2), (17, 3), (17, 4), (17, 5), (17, 6), (17, 7), (17, 8), (17, 9), (17, 10), (17, 11), (17, 12), (17, 13), (17, 14), (17, 15), (18, 15), (19, 15)]","[{'top_left': (5, 4), 'bottom_right': (8, 7)}, {'top_left': (13, 9), 'bottom_right': (16, 12)}, {'top_left': (9, 14), 'bottom_right': (12, 17)}]"
20,14,13,14,2,"[(14, 13), (13, 13), (12, 13), (12, 12), (12, 11), (12, 10), (12, 9), (12, 8), (12, 7), (12, 6), (12, 5), (12, 4), (12, 3), (12, 2), (13, 2), (14, 2)]","[{'top_left': (5, 4), 'bottom_right': (8, 7)}, {'top_left': (13, 9), 'bottom_right': (16, 12)}, {'top_left': (9, 14), 'bottom_right': (12, 17)}]"
20,19,19,0,7,"[(19, 19), (18, 19), (17, 19), (16, 19), (15, 19), (14, 19), (13, 19), (12, 19), (11, 19), (10, 19), (9, 19), (8, 19), (7, 19), (6, 19), (5, 19), (4, 19), (3, 19), (2, 19), (1, 19), (0, 19), (0, 18), (0, 17), (0, 16), (0, 15), (0, 14), (0, 13), (0, 12), (0, 11), (0, 10), (0, 9), (0, 8), (0, 7)]","[{'top_left': (5, 4), 'bottom_right': (8, 7)}, {'top_left': (13, 9), 'bottom_right': (16, 12)}, {'top_left': (9, 14), 'bottom_right': (12, 17)}]"
20,18,19,9,10,"[(18, 19), (17, 19), (16, 19), (15, 19), (14, 19), (13, 19), (12, 19), (11, 19), (10, 19), (9, 19), (9, 18), (9, 17), (9, 16), (9, 15), (9, 14), (9, 13), (9, 12), (9, 11), (9, 10)]","[{'top_left': (8, 6), 'bottom_right': (11, 9)}, {'top_left': (1, 5), 'bottom_right': (4, 8)}, {'top_left': (4, 1), 'bottom_right': (7, 4)}]"
20,2,1,3,13,"[(2, 1), (1, 1), (0, 1), (0, 2), (0, 3), (0, 4), (0, 5), (0, 6), (0, 7), (0, 8), (0, 9), (0, 10), (0, 11), (0, 12), (0, 13), (1, 13), (2, 13), (3, 13)]","[{'top_left': (8, 6), 'bottom_right': (11, 9)}, {'top_left': (1, 5), 'bottom_right': (4, 8)}, {'top_left': (4, 1), 'bottom_right': (7, 4)}]"
20,5,5,9,19,"[(5, 5), (5, 6), (5, 7), (5, 8), (5, 9), (5, 10), (5, 11), (5, 12), (5, 13), (5, 14), (5, 15), (5, 16), (5, 17), (5, 18), (5, 19), (6, 19), (7, 19), (8, 19), (9, 19)]","[{'top_left': (8, 6), 'bottom_right': (11, 9)}, {'top_left': (1, 5), 'bottom_right': (4, 8)}, {'top_left': (4, 1), 'bottom_right': (7, 4)}]"
20,19,18,17,5,"[(19, 18), (18, 18), (17, 18), (17, 17), (17, 16), (17, 15), (17, 14), (17, 13), (17, 12), (17, 11), (17, 10), (17, 9), (17, 8), (17, 7), (17, 6), (17, 5)]","[{'top_left': (8, 6), 'bottom_right': (11, 9)}, {'top_left': (1, 5), 'bottom_right': (4, 8)}, {'top_left': (4, 1), 'bottom_right': (7, 4)}]"
20,14,18,11,1,"[(14, 18), (13, 18), (12, 18), (12, 17), (12, 16), (12, 15), (12, 14), (12, 13), (12, 12), (12, 11), (12, 10), (12, 9), (12, 8), (12, 7), (12, 6), (12, 5), (11, 5), (11, 4), (11, 3), (11, 2), (11, 1)]","[{'top_left': (8, 6), 'bottom_right': (11, 9)}, {'top_left': (1, 5), 'bottom_right': (4, 8)}, {'top_left': (4, 1), 'bottom_right': (7, 4)}]"
20,6,6,19,1,"[(6, 6), (6, 5), (6, 4), (6, 3), (6, 2), (6, 1), (7, 1), (8, 1), (9, 1), (10, 1), (11, 1), (12, 1), (13, 1), (14, 1), (15, 1), (16, 1), (17, 1), (18, 1), (19, 1)]","[{'top_left': (2, 9), 'bottom_right': (5, 12)}, {'top_left': (10, 11), 'bottom_right': (13, 14)}, {'top_left': (12, 2), 'bottom_right': (15, 5)}]"
20,3,18,16,2,"[(3, 18), (3, 17), (3, 16), (3, 15), (3, 14), (3, 13), (4, 13), (5, 13), (6, 13), (6, 12), (6, 11), (6, 10), (6, 9), (6, 8), (6, 7), (6, 6), (7, 6), (8, 6), (9, 6), (10, 6), (11, 6), (12, 6), (13, 6), (14, 6), (15, 6), (16, 6), (16, 5), (16, 4), (16, 3), (16, 2)]","[{'top_left': (2, 9), 'bottom_right': (5, 12)}, {'top_left': (10, 11), 'bottom_right': (13, 14)}, {'top_left': (12, 2), 'bottom_right': (15, 5)}]"
20,15,19,9,13,"[(15, 19), (14, 19), (13, 19), (12, 19), (11, 19), (10, 19), (9, 19), (9, 18), (9, 17), (9, 16), (9, 15), (9, 14), (9, 13)]","[{'top_left': (2, 9), 'bottom_right': (5, 12)}, {'top_left': (10, 11), 'bottom_right': (13, 14)}, {'top_left': (12, 2), 'bottom_right': (15, 5)}]"
20,19,10,8,16,"[(19, 10), (18, 10), (17, 10), (16, 10), (15, 10), (14, 10), (13, 10), (12, 10), (11, 10), (10, 10), (9, 10), (8, 10), (8, 11), (8, 12), (8, 13), (8, 14), (8, 15), (8, 16)]","[{'top_left': (2, 9), 'bottom_right': (5, 12)}, {'top_left': (10, 11), 'bottom_right': (13, 14)}, {'top_left': (12, 2), 'bottom_right': (15, 5)}]"
20,18,19,11,4,"[(18, 19), (17, 19), (16, 19), (15, 19), (14, 19), (14, 18), (14, 17), (14, 16), (14, 15), (14, 14), (14, 13), (14, 12), (14, 11), (14, 10), (13, 10), (12, 10), (11, 10), (11, 9), (11, 8), (11, 7), (11, 6), (11, 5), (11, 4)]","[{'top_left': (2, 9), 'bottom_right': (5, 12)}, {'top_left': (10, 11), 'bottom_right': (13, 14)}, {'top_left': (12, 2), 'bottom_right': (15, 5)}]"
20,0,3,0,14,"[(0, 3), (0, 4), (0, 5), (0, 6), (0, 7), (0, 8), (0, 9), (0, 10), (0, 11), (0, 12), (0, 13), (0, 14)]","[{'top_left': (15, 16), 'bottom_right': (18, 19)}, {'top_left': (5, 7), 'bottom_right': (8, 10)}, {'top_left': (9, 6), 'bottom_right': (12, 9)}]"
20,3,6,19,13,"[(3, 6), (3, 7), (3, 8), (3, 9), (3, 10), (3, 11), (3, 12), (3, 13), (4, 13), (5, 13), (6, 13), (7, 13), (8, 13), (9, 13), (10, 13), (11, 13), (12, 13), (13, 13), (14, 13), (15, 13), (16, 13), (17, 13), (18, 13), (19, 13)]","[{'top_left': (15, 16), 'bottom_right': (18, 19)}, {'top_left': (5, 7), 'bottom_right': (8, 10)}, {'top_left': (9, 6), 'bottom_right': (12, 9)}]"
20,13,1,10,11,"[(13, 1), (13, 2), (13, 3), (13, 4), (13, 5), (13, 6), (13, 7), (13, 8), (13, 9), (13, 10), (12, 10), (11, 10), (10, 10), (10, 11)]","[{'top_left': (15, 16), 'bottom_right': (18, 19)}, {'top_left': (5, 7), 'bottom_right': (8, 10)}, {'top_left': (9, 6), 'bottom_right': (12, 9)}]"
20,17,6,0,6,"[(17, 6), (16, 6), (15, 6), (14, 6), (13, 6), (13, 5), (12, 5), (11, 5), (10, 5), (9, 5), (8, 5), (7, 5), (6, 5), (5, 5), (4, 5), (3, 5), (2, 5), (1, 5), (0, 5), (0, 6)]","[{'top_left': (15, 16), 'bottom_right': (18, 19)}, {'top_left': (5, 7), 'bottom_right': (8, 10)}, {'top_left': (9, 6), 'bottom_right': (12, 9)}]"
20,9,16,17,10,"[(9, 16), (9, 15), (9, 14), (9, 13), (9, 12), (9, 11), (9, 10), (10, 10), (11, 10), (12, 10), (13, 10), (14, 10), (15, 10), (16, 10), (17, 10)]","[{'top_left': (15, 16), 'bottom_right': (18, 19)}, {'top_left': (5, 7), 'bottom_right': (8, 10)}, {'top_left': (9, 6), 'bottom_right': (12, 9)}]"
20,15,4,14,17,"[(15, 4), (14, 4), (14, 5), (14, 6), (14, 7), (14, 8), (14, 9), (14, 10), (14, 11), (14, 12), (14, 13), (14, 14), (14, 15), (14, 16), (14, 17)]","[{'top_left': (0, 3), 'bottom_right': (3, 6)}, {'top_left': (10, 10), 'bottom_right': (13, 13)}, {'top_left': (12, 0), 'bottom_right': (15, 3)}]"
20,18,10,11,2,"[(18, 10), (17, 10), (16, 10), (15, 10), (14, 10), (14, 9), (13, 9), (12, 9), (11, 9), (11, 8), (11, 7), (11, 6), (11, 5), (11, 4), (11, 3), (11, 2)]","[{'top_left': (0, 3), 'bottom_right': (3, 6)}, {'top_left': (10, 10), 'bottom_right': (13, 13)}, {'top_left': (12, 0), 'bottom_right': (15, 3)}]"
20,19,12,5,19,"[(19, 12), (18, 12), (17, 12), (16, 12), (15, 12), (14, 12), (14, 13), (14, 14), (13, 14), (12, 14), (11, 14), (10, 14), (9, 14), (8, 14), (7, 14), (6, 14), (5, 14), (5, 15), (5, 16), (5, 17), (5, 18), (5, 19)]","[{'top_left': (0, 3), 'bottom_right': (3, 6)}, {'top_left': (10, 10), 'bottom_right': (13, 13)}, {'top_left': (12, 0), 'bottom_right': (15, 3)}]"
20,3,9,10,1,"[(3, 9), (3, 8), (3, 7), (4, 7), (4, 6), (4, 5), (4, 4), (4, 3), (4, 2), (4, 1), (5, 1), (6, 1), (7, 1), (8, 1), (9, 1), (10, 1)]","[{'top_left': (0, 3), 'bottom_right': (3, 6)}, {'top_left': (10, 10), 'bottom_right': (13, 13)}, {'top_left': (12, 0), 'bottom_right': (15, 3)}]"
20,6,16,9,5,"[(6, 16), (6, 15), (6, 14), (6, 13), (6, 12), (6, 11), (6, 10), (6, 9), (6, 8), (6, 7), (6, 6), (6, 5), (7, 5), (8, 5), (9, 5)]","[{'top_left': (0, 3), 'bottom_right': (3, 6)}, {'top_left': (10, 10), 'bottom_right': (13, 13)}, {'top_left': (12, 0), 'bottom_right': (15, 3)}]"
20,10,15,16,9,"[(10, 15), (10, 14), (10, 13), (10, 12), (10, 11), (10, 10), (10, 9), (11, 9), (12, 9), (13, 9), (14, 9), (15, 9), (16, 9)]","[{'top_left': (3, 11), 'bottom_right': (6, 14)}, {'top_left': (1, 6), 'bottom_right': (4, 9)}, {'top_left': (16, 0), 'bottom_right': (19, 3)}]"
20,10,4,3,16,"[(10, 4), (9, 4), (8, 4), (7, 4), (7, 5), (7, 6), (7, 7), (7, 8), (7, 9), (7, 10), (7, 11), (7, 12), (7, 13), (7, 14), (7, 15), (6, 15), (5, 15), (4, 15), (3, 15), (3, 16)]","[{'top_left': (3, 11), 'bottom_right': (6, 14)}, {'top_left': (1, 6), 'bottom_right': (4, 9)}, {'top_left': (16, 0), 'bottom_right': (19, 3)}]"
20,12,16,3,0,"[(12, 16), (11, 16), (10, 16), (9, 16), (8, 16), (7, 16), (7, 15), (7, 14), (7, 13), (7, 12), (7, 11), (7, 10), (6, 10), (5, 10), (5, 9), (5, 8), (5, 7), (5, 6), (5, 5), (4, 5), (3, 5), (3, 4), (3, 3), (3, 2), (3, 1), (3, 0)]","[{'top_left': (3, 11), 'bottom_right': (6, 14)}, {'top_left': (1, 6), 'bottom_right': (4, 9)}, {'top_left': (16, 0), 'bottom_right': (19, 3)}]"
20,10,14,1,3,"[(10, 14), (9, 14), (8, 14), (7, 14), (7, 13), (7, 12), (7, 11), (7, 10), (6, 10), (5, 10), (5, 9), (5, 8), (5, 7), (5, 6), (5, 5), (4, 5), (3, 5), (2, 5), (1, 5), (1, 4), (1, 3)]","[{'top_left': (3, 11), 'bottom_right': (6, 14)}, {'top_left': (1, 6), 'bottom_right': (4, 9)}, {'top_left': (16, 0), 'bottom_right': (19, 3)}]"
20,16,9,0,18,"[(16, 9), (15, 9), (14, 9), (13, 9), (12, 9), (11, 9), (10, 9), (9, 9), (8, 9), (7, 9), (6, 9), (5, 9), (5, 10), (4, 10), (3, 10), (2, 10), (1, 10), (0, 10), (0, 11), (0, 12), (0, 13), (0, 14), (0, 15), (0, 16), (0, 17), (0, 18)]","[{'top_left': (3, 11), 'bottom_right': (6, 14)}, {'top_left': (1, 6), 'bottom_right': (4, 9)}, {'top_left': (16, 0), 'bottom_right': (19, 3)}]"
20,3,0,19,17,"[(3, 0), (3, 1), (3, 2), (3, 3), (3, 4), (3, 5), (3, 6), (3, 7), (3, 8), (3, 9), (3, 10), (3, 11), (3, 12), (3, 13), (3, 14), (3, 15), (3, 16), (3, 17), (4, 17), (5, 17), (6, 17), (7, 17), (8, 17), (9, 17), (10, 17), (11, 17), (12, 17), (13, 17), (14, 17), (15, 17), (16, 17), (17, 17), (18, 17), (19, 17)]","[{'top_left': (9, 6), 'bottom_right': (12, 9)}, {'top_left': (8, 10), 'bottom_right': (11, 13)}, {'top_left': (14, 3), 'bottom_right': (17, 6)}]"
20,4,9,18,7,"[(4, 9), (4, 8), (4, 7), (4, 6), (4, 5), (5, 5), (6, 5), (7, 5), (8, 5), (9, 5), (10, 5), (11, 5), (12, 5), (13, 5), (13, 6), (13, 7), (14, 7), (15, 7), (16, 7), (17, 7), (18, 7)]","[{'top_left': (9, 6), 'bottom_right': (12, 9)}, {'top_left': (8, 10), 'bottom_right': (11, 13)}, {'top_left': (14, 3), 'bottom_right': (17, 6)}]"
20,5,2,9,19,"[(5, 2), (5, 3), (5, 4), (5, 5), (5, 6), (5, 7), (5, 8), (5, 9), (5, 10), (5, 11), (5, 12), (5, 13), (5, 14), (5, 15), (5, 16), (5, 17), (5, 18), (5, 19), (6, 19), (7, 19), (8, 19), (9, 19)]","[{'top_left': (9, 6), 'bottom_right': (12, 9)}, {'top_left': (8, 10), 'bottom_right': (11, 13)}, {'top_left': (14, 3), 'bottom_right': (17, 6)}]"
20,10,17,14,1,"[(10, 17), (10, 16), (10, 15), (10, 14), (11, 14), (12, 14), (12, 13), (12, 12), (12, 11), (12, 10), (13, 10), (13, 9), (13, 8), (13, 7), (13, 6), (13, 5), (13, 4), (13, 3), (13, 2), (13, 1), (14, 1)]","[{'top_left': (9, 6), 'bottom_right': (12, 9)}, {'top_left': (8, 10), 'bottom_right': (11, 13)}, {'top_left': (14, 3), 'bottom_right': (17, 6)}]"
20,4,0,15,1,"[(4, 0), (4, 1), (5, 1), (6, 1), (7, 1), (8, 1), (9, 1), (10, 1), (11, 1), (12, 1), (13, 1), (14, 1), (15, 1)]","[{'top_left': (9, 6), 'bottom_right': (12, 9)}, {'top_left': (8, 10), 'bottom_right': (11, 13)}, {'top_left': (14, 3), 'bottom_right': (17, 6)}]"
20,5,19,18,14,"[(5, 19), (5, 18), (5, 17), (5, 16), (6, 16), (7, 16), (8, 16), (9, 16), (10, 16), (11, 16), (12, 16), (13, 16), (14, 16), (15, 16), (16, 16), (17, 16), (17, 15), (17, 14), (18, 14)]","[{'top_left': (3, 12), 'bottom_right': (6, 15)}, {'top_left': (1, 2), 'bottom_right': (4, 5)}, {'top_left': (13, 12), 'bottom_right': (16, 15)}]"
20,19,11,9,10,"[(19, 11), (18, 11), (17, 11), (16, 11), (15, 11), (14, 11), (13, 11), (12, 11), (11, 11), (10, 11), (9, 11), (9, 10)]","[{'top_left': (3, 12), 'bottom_right': (6, 15)}, {'top_left': (1, 2), 'bottom_right': (4, 5)}, {'top_left': (13, 12), 'bottom_right': (16, 15)}]"
20,18,4,2,14,"[(18, 4), (17, 4), (16, 4), (15, 4), (14, 4), (13, 4), (12, 4), (11, 4), (10, 4), (9, 4), (8, 4), (7, 4), (6, 4), (5, 4), (5, 5), (5, 6), (4, 6), (3, 6), (2, 6), (2, 7), (2, 8), (2, 9), (2, 10), (2, 11), (2, 12), (2, 13), (2, 14)]","[{'top_left': (3, 12), 'bottom_right': (6, 15)}, {'top_left': (1, 2), 'bottom_right': (4, 5)}, {'top_left': (13, 12), 'bottom_right': (16, 15)}]"
20,15,7,7,4,"[(15, 7), (14, 7), (13, 7), (12, 7), (11, 7), (10, 7), (9, 7), (8, 7), (7, 7), (7, 6), (7, 5), (7, 4)]","[{'top_left': (3, 12), 'bottom_right': (6, 15)}, {'top_left': (1, 2), 'bottom_right': (4, 5)}, {'top_left': (13, 12), 'bottom_right': (16, 15)}]"
20,19,8,11,12,"[(19, 8), (18, 8), (17, 8), (16, 8), (15, 8), (14, 8), (13, 8), (12, 8), (11, 8), (11, 9), (11, 10), (11, 11), (11, 12)]","[{'top_left': (3, 12), 'bottom_right': (6, 15)}, {'top_left': (1, 2), 'bottom_right': (4, 5)}, {'top_left': (13, 12), 'bottom_right': (16, 15)}]"
20,15,14,5,9,"[(15, 14), (14, 14), (14, 13), (13, 13), (12, 13), (11, 13), (10, 13), (9, 13), (9, 12), (9, 11), (9, 10), (9, 9), (8, 9), (7, 9), (6, 9), (5, 9)]","[{'top_left': (5, 10), 'bottom_right': (8, 13)}, {'top_left': (10, 14), 'bottom_right': (13, 17)}, {'top_left': (15, 0), 'bottom_right': (18, 3)}]"
20,11,19,18,4,"[(11, 19), (11, 18), (12, 18), (13, 18), (14, 18), (14, 17), (14, 16), (14, 15), (14, 14), (14, 13), (14, 12), (14, 11), (14, 10), (14, 9), (14, 8), (14, 7), (14, 6), (14, 5), (14, 4), (15, 4), (16, 4), (17, 4), (18, 4)]","[{'top_left': (5, 10), 'bottom_right': (8, 13)}, {'top_left': (10, 14), 'bottom_right': (13, 17)}, {'top_left': (15, 0), 'bottom_right': (18, 3)}]"
20,2,10,6,18,"[(2, 10), (2, 11), (2, 12), (2, 13), (2, 14), (2, 15), (2, 16), (2, 17), (2, 18), (3, 18), (4, 18), (5, 18), (6, 18)]","[{'top_left': (5, 10), 'bottom_right': (8, 13)}, {'top_left': (10, 14), 'bottom_right': (13, 17)}, {'top_left': (15, 0), 'bottom_right': (18, 3)}]"
20,17,7,5,2,"[(17, 7), (16, 7), (15, 7), (14, 7), (13, 7), (12, 7), (11, 7), (10, 7), (9, 7), (8, 7), (7, 7), (6, 7), (5, 7), (5, 6), (5, 5), (5, 4), (5, 3), (5, 2)]","[{'top_left': (5, 10), 'bottom_right': (8, 13)}, {'top_left': (10, 14), 'bottom_right': (13, 17)}, {'top_left': (15, 0), 'bottom_right': (18, 3)}]"
20,18,15,3,18,"[(18, 15), (17, 15), (16, 15), (15, 15), (14, 15), (14, 16), (14, 17), (14, 18), (13, 18), (12, 18), (11, 18), (10, 18), (9, 18), (8, 18), (7, 18), (6, 18), (5, 18), (4, 18), (3, 18)]","[{'top_left': (5, 10), 'bottom_right': (8, 13)}, {'top_left': (10, 14), 'bottom_right': (13, 17)}, {'top_left': (15, 0), 'bottom_right': (18, 3)}]"
20,19,12,10,15,"[(19, 12), (18, 12), (18, 13), (18, 14), (17, 14), (16, 14), (15, 14), (14, 14), (13, 14), (12, 14), (11, 14), (10, 14), (10, 15)]","[{'top_left': (14, 10), 'bottom_right': (17, 13)}, {'top_left': (3, 14), 'bottom_right': (6, 17)}, {'top_left': (5, 9), 'bottom_right': (8, 12)}]"
20,18,0,4,4,"[(18, 0), (17, 0), (16, 0), (15, 0), (14, 0), (13, 0), (12, 0), (11, 0), (10, 0), (9, 0), (8, 0), (7, 0), (6, 0), (5, 0), (4, 0), (4, 1), (4, 2), (4, 3), (4, 4)]","[{'top_left': (14, 10), 'bottom_right': (17, 13)}, {'top_left': (3, 14), 'bottom_right': (6, 17)}, {'top_left': (5, 9), 'bottom_right': (8, 12)}]"
20,19,18,14,6,"[(19, 18), (18, 18), (18, 17), (18, 16), (18, 15), (18, 14), (18, 13), (18, 12), (18, 11), (18, 10), (18, 9), (17, 9), (16, 9), (15, 9), (14, 9), (14, 8), (14, 7), (14, 6)]","[{'top_left': (14, 10), 'bottom_right': (17, 13)}, {'top_left': (3, 14), 'bottom_right': (6, 17)}, {'top_left': (5, 9), 'bottom_right': (8, 12)}]"
20,9,13,11,2,"[(9, 13), (9, 12), (9, 11), (9, 10), (9, 9), (9, 8), (9, 7), (9, 6), (9, 5), (9, 4), (9, 3), (9, 2), (10, 2), (11, 2)]","[{'top_left': (14, 10), 'bottom_right': (17, 13)}, {'top_left': (3, 14), 'bottom_right': (6, 17)}, {'top_left': (5, 9), 'bottom_right': (8, 12)}]"
20,18,0,19,16,"[(18, 0), (18, 1), (18, 2), (18, 3), (18, 4), (18, 5), (18, 6), (18, 7), (18, 8), (18, 9), (18, 10), (18, 11), (18, 12), (18, 13), (18, 14), (18, 15), (18, 16), (19, 16)]","[{'top_left': (14, 10), 'bottom_right': (17, 13)}, {'top_left': (3, 14), 'bottom_right': (6, 17)}, {'top_left': (5, 9), 'bottom_right': (8, 12)}]"
20,13,18,12,10,"[(13, 18), (12, 18), (12, 17), (12, 16), (12, 15), (12, 14), (12, 13), (12, 12), (12, 11), (12, 10)]","[{'top_left': (12, 4), 'bottom_right': (15, 7)}, {'top_left': (0, 11), 'bottom_right': (3, 14)}, {'top_left': (0, 7), 'bottom_right': (3, 10)}]"
20,17,6,5,15,"[(17, 6), (16, 6), (16, 7), (16, 8), (15, 8), (14, 8), (13, 8), (12, 8), (11, 8), (10, 8), (9, 8), (8, 8), (7, 8), (6, 8), (5, 8), (5, 9), (5, 10), (5, 11), (5, 12), (5, 13), (5, 14), (5, 15)]","[{'top_left': (12, 4), 'bottom_right': (15, 7)}, {'top_left': (0, 11), 'bottom_right': (3, 14)}, {'top_left': (0, 7), 'bottom_right': (3, 10)}]"
20,4,6,17,12,"[(4, 6), (4, 7), (4, 8), (4, 9), (4, 10), (4, 11), (4, 12), (5, 12), (6, 12), (7, 12), (8, 12), (9, 12), (10, 12), (11, 12), (12, 12), (13, 12), (14, 12), (15, 12), (16, 12), (17, 12)]","[{'top_left': (12, 4), 'bottom_right': (15, 7)}, {'top_left': (0, 11), 'bottom_right': (3, 14)}, {'top_left': (0, 7), 'bottom_right': (3, 10)}]"
20,11,13,4,9,"[(11, 13), (10, 13), (9, 13), (8, 13), (7, 13), (6, 13), (5, 13), (4, 13), (4, 12), (4, 11), (4, 10), (4, 9)]","[{'top_left': (12, 4), 'bottom_right': (15, 7)}, {'top_left': (0, 11), 'bottom_right': (3, 14)}, {'top_left': (0, 7), 'bottom_right': (3, 10)}]"
20,0,4,15,13,"[(0, 4), (0, 5), (0, 6), (1, 6), (2, 6), (3, 6), (4, 6), (4, 7), (4, 8), (4, 9), (4, 10), (4, 11), (4, 12), (4, 13), (5, 13), (6, 13), (7, 13), (8, 13), (9, 13), (10, 13), (11, 13), (12, 13), (13, 13), (14, 13), (15, 13)]","[{'top_left': (12, 4), 'bottom_right': (15, 7)}, {'top_left': (0, 11), 'bottom_right': (3, 14)}, {'top_left': (0, 7), 'bottom_right': (3, 10)}]"
20,19,0,18,15,"[(19, 0), (18, 0), (18, 1), (18, 2), (18, 3), (18, 4), (18, 5), (18, 6), (18, 7), (18, 8), (18, 9), (18, 10), (18, 11), (18, 12), (18, 13), (18, 14), (18, 15)]","[{'top_left': (4, 2), 'bottom_right': (7, 5)}, {'top_left': (4, 13), 'bottom_right': (7, 16)}, {'top_left': (14, 13), 'bottom_right': (17, 16)}]"
20,17,18,11,1,"[(17, 18), (16, 18), (15, 18), (14, 18), (13, 18), (12, 18), (11, 18), (11, 17), (11, 16), (11, 15), (11, 14), (11, 13), (11, 12), (11, 11), (11, 10), (11, 9), (11, 8), (11, 7), (11, 6), (11, 5), (11, 4), (11, 3), (11, 2), (11, 1)]","[{'top_left': (4, 2), 'bottom_right': (7, 5)}, {'top_left': (4, 13), 'bottom_right': (7, 16)}, {'top_left': (14, 13), 'bottom_right': (17, 16)}]"
20,1,18,15,11,"[(1, 18), (1, 17), (1, 16), (1, 15), (1, 14), (1, 13), (1, 12), (1, 11), (2, 11), (3, 11), (4, 11), (5, 11), (6, 11), (7, 11), (8, 11), (9, 11), (10, 11), (11, 11), (12, 11), (13, 11), (14, 11), (15, 11)]","[{'top_left': (4, 2), 'bottom_right': (7, 5)}, {'top_left': (4, 13), 'bottom_right': (7, 16)}, {'top_left': (14, 13), 'bottom_right': (17, 16)}]"
20,3,18,15,2,"[(3, 18), (3, 17), (3, 16), (3, 15), (3, 14), (3, 13), (3, 12), (3, 11), (3, 10), (3, 9), (3, 8), (3, 7), (3, 6), (4, 6), (5, 6), (6, 6), (7, 6), (8, 6), (8, 5), (8, 4), (8, 3), (8, 2), (9, 2), (10, 2), (11, 2), (12, 2), (13, 2), (14, 2), (15, 2)]","[{'top_left': (4, 2), 'bottom_right': (7, 5)}, {'top_left': (4, 13), 'bottom_right': (7, 16)}, {'top_left': (14, 13), 'bottom_right': (17, 16)}]"
20,16,2,16,19,"[(16, 2), (16, 3), (16, 4), (16, 5), (16, 6), (16, 7), (16, 8), (16, 9), (16, 10), (16, 11), (16, 12), (17, 12), (18, 12), (18, 13), (18, 14), (18, 15), (18, 16), (18, 17), (17, 17), (16, 17), (16, 18), (16, 19)]","[{'top_left': (4, 2), 'bottom_right': (7, 5)}, {'top_left': (4, 13), 'bottom_right': (7, 16)}, {'top_left': (14, 13), 'bottom_right': (17, 16)}]"
20,10,17,0,15,"[(10, 17), (9, 17), (8, 17), (7, 17), (6, 17), (5, 17), (4, 17), (3, 17), (2, 17), (1, 17), (0, 17), (0, 16), (0, 15)]","[{'top_left': (2, 7), 'bottom_right': (5, 10)}, {'top_left': (15, 2), 'bottom_right': (18, 5)}, {'top_left': (9, 1), 'bottom_right': (12, 4)}]"
20,9,5,1,19,"[(9, 5), (8, 5), (7, 5), (6, 5), (5, 5), (4, 5), (3, 5), (2, 5), (1, 5), (1, 6), (1, 7), (1, 8), (1, 9), (1, 10), (1, 11), (1, 12), (1, 13), (1, 14), (1, 15), (1, 16), (1, 17), (1, 18), (1, 19)]","[{'top_left': (2, 7), 'bottom_right': (5, 10)}, {'top_left': (15, 2), 'bottom_right': (18, 5)}, {'top_left': (9, 1), 'bottom_right': (12, 4)}]"
20,9,18,8,1,"[(9, 18), (8, 18), (8, 17), (8, 16), (8, 15), (8, 14), (8, 13), (8, 12), (8, 11), (8, 10), (8, 9), (8, 8), (8, 7), (8, 6), (8, 5), (8, 4), (8, 3), (8, 2), (8, 1)]","[{'top_left': (2, 7), 'bottom_right': (5, 10)}, {'top_left': (15, 2), 'bottom_right': (18, 5)}, {'top_left': (9, 1), 'bottom_right': (12, 4)}]"
20,15,18,5,18,"[(15, 18), (14, 18), (13, 18), (12, 18), (11, 18), (10, 18), (9, 18), (8, 18), (7, 18), (6, 18), (5, 18)]","[{'top_left': (2, 7), 'bottom_right': (5, 10)}, {'top_left': (15, 2), 'bottom_right': (18, 5)}, {'top_left': (9, 1), 'bottom_right': (12, 4)}]"
20,1,9,19,0,"[(1, 9), (1, 8), (1, 7), (1, 6), (1, 5), (1, 4), (1, 3), (1, 2), (1, 1), (1, 0), (2, 0), (3, 0), (4, 0), (5, 0), (6, 0), (7, 0), (8, 0), (9, 0), (10, 0), (11, 0), (12, 0), (13, 0), (14, 0), (15, 0), (16, 0), (17, 0), (18, 0), (19, 0)]","[{'top_left': (2, 7), 'bottom_right': (5, 10)}, {'top_left': (15, 2), 'bottom_right': (18, 5)}, {'top_left': (9, 1), 'bottom_right': (12, 4)}]"
20,8,8,4,19,"[(8, 8), (7, 8), (6, 8), (5, 8), (4, 8), (4, 9), (4, 10), (4, 11), (4, 12), (4, 13), (4, 14), (4, 15), (4, 16), (4, 17), (4, 18), (4, 19)]","[{'top_left': (9, 15), 'bottom_right': (12, 18)}, {'top_left': (2, 4), 'bottom_right': (5, 7)}, {'top_left': (16, 2), 'bottom_right': (19, 5)}]"
20,4,14,11,5,"[(4, 14), (4, 13), (4, 12), (4, 11), (4, 10), (4, 9), (4, 8), (5, 8), (6, 8), (6, 7), (6, 6), (6, 5), (7, 5), (8, 5), (9, 5), (10, 5), (11, 5)]","[{'top_left': (9, 15), 'bottom_right': (12, 18)}, {'top_left': (2, 4), 'bottom_right': (5, 7)}, {'top_left': (16, 2), 'bottom_right': (19, 5)}]"
20,4,16,13,0,"[(4, 16), (4, 15), (4, 14), (4, 13), (4, 12), (4, 11), (4, 10), (4, 9), (4, 8), (5, 8), (6, 8), (6, 7), (6, 6), (6, 5), (6, 4), (6, 3), (6, 2), (6, 1), (6, 0), (7, 0), (8, 0), (9, 0), (10, 0), (11, 0), (12, 0), (13, 0)]","[{'top_left': (9, 15), 'bottom_right': (12, 18)}, {'top_left': (2, 4), 'bottom_right': (5, 7)}, {'top_left': (16, 2), 'bottom_right': (19, 5)}]"
20,16,1,3,17,"[(16, 1), (15, 1), (14, 1), (13, 1), (12, 1), (11, 1), (10, 1), (9, 1), (8, 1), (7, 1), (6, 1), (6, 2), (6, 3), (6, 4), (6, 5), (6, 6), (6, 7), (6, 8), (5, 8), (4, 8), (3, 8), (3, 9), (3, 10), (3, 11), (3, 12), (3, 13), (3, 14), (3, 15), (3, 16), (3, 17)]","[{'top_left': (9, 15), 'bottom_right': (12, 18)}, {'top_left': (2, 4), 'bottom_right': (5, 7)}, {'top_left': (16, 2), 'bottom_right': (19, 5)}]"
20,11,13,19,8,"[(11, 13), (11, 12), (11, 11), (11, 10), (11, 9), (11, 8), (12, 8), (13, 8), (14, 8), (15, 8), (16, 8), (17, 8), (18, 8), (19, 8)]","[{'top_left': (9, 15), 'bottom_right': (12, 18)}, {'top_left': (2, 4), 'bottom_right': (5, 7)}, {'top_left': (16, 2), 'bottom_right': (19, 5)}]"
20,16,10,5,10,"[(16, 10), (15, 10), (14, 10), (14, 9), (14, 8), (14, 7), (13, 7), (12, 7), (11, 7), (10, 7), (9, 7), (8, 7), (7, 7), (6, 7), (5, 7), (5, 8), (5, 9), (5, 10)]","[{'top_left': (10, 8), 'bottom_right': (13, 11)}, {'top_left': (8, 3), 'bottom_right': (11, 6)}, {'top_left': (8, 12), 'bottom_right': (11, 15)}]"
20,17,0,0,2,"[(17, 0), (16, 0), (15, 0), (14, 0), (13, 0), (12, 0), (11, 0), (10, 0), (9, 0), (8, 0), (7, 0), (6, 0), (5, 0), (4, 0), (3, 0), (2, 0), (1, 0), (0, 0), (0, 1), (0, 2)]","[{'top_left': (10, 8), 'bottom_right': (13, 11)}, {'top_left': (8, 3), 'bottom_right': (11, 6)}, {'top_left': (8, 12), 'bottom_right': (11, 15)}]"
20,3,14,11,7,"[(3, 14), (3, 13), (3, 12), (3, 11), (3, 10), (3, 9), (3, 8), (3, 7), (4, 7), (5, 7), (6, 7), (7, 7), (8, 7), (9, 7), (10, 7), (11, 7)]","[{'top_left': (10, 8), 'bottom_right': (13, 11)}, {'top_left': (8, 3), 'bottom_right': (11, 6)}, {'top_left': (8, 12), 'bottom_right': (11, 15)}]"
20,0,19,2,1,"[(0, 19), (0, 18), (0, 17), (0, 16), (0, 15), (0, 14), (0, 13), (0, 12), (0, 11), (0, 10), (0, 9), (0, 8), (0, 7), (0, 6), (0, 5), (0, 4), (0, 3), (0, 2), (0, 1), (1, 1), (2, 1)]","[{'top_left': (10, 8), 'bottom_right': (13, 11)}, {'top_left': (8, 3), 'bottom_right': (11, 6)}, {'top_left': (8, 12), 'bottom_right': (11, 15)}]"
20,3,2,19,4,"[(3, 2), (4, 2), (5, 2), (6, 2), (7, 2), (8, 2), (9, 2), (10, 2), (11, 2), (12, 2), (12, 3), (12, 4), (13, 4), (14, 4), (15, 4), (16, 4), (17, 4), (18, 4), (19, 4)]","[{'top_left': (10, 8), 'bottom_right': (13, 11)}, {'top_left': (8, 3), 'bottom_right': (11, 6)}, {'top_left': (8, 12), 'bottom_right': (11, 15)}]"
20,12,10,1,8,"[(12, 10), (12, 11), (12, 12), (12, 13), (11, 13), (10, 13), (9, 13), (8, 13), (7, 13), (6, 13), (5, 13), (4, 13), (3, 13), (2, 13), (1, 13), (1, 12), (1, 11), (1, 10), (1, 9), (1, 8)]","[{'top_left': (12, 5), 'bottom_right': (15, 8)}, {'top_left': (3, 5), 'bottom_right': (6, 8)}, {'top_left': (8, 9), 'bottom_right': (11, 12)}]"
20,5,15,3,4,"[(5, 15), (4, 15), (3, 15), (2, 15), (2, 14), (2, 13), (2, 12), (2, 11), (2, 10), (2, 9), (2, 8), (2, 7), (2, 6), (2, 5), (2, 4), (3, 4)]","[{'top_left': (12, 5), 'bottom_right': (15, 8)}, {'top_left': (3, 5), 'bottom_right': (6, 8)}, {'top_left': (8, 9), 'bottom_right': (11, 12)}]"
20,17,13,6,19,"[(17, 13), (16, 13), (15, 13), (14, 13), (13, 13), (12, 13), (11, 13), (10, 13), (9, 13), (8, 13), (7, 13), (6, 13), (6, 14), (6, 15), (6, 16), (6, 17), (6, 18), (6, 19)]","[{'top_left': (12, 5), 'bottom_right': (15, 8)}, {'top_left': (3, 5), 'bottom_right': (6, 8)}, {'top_left': (8, 9), 'bottom_right': (11, 12)}]"
20,3,14,8,3,"[(3, 14), (3, 13), (3, 12), (3, 11), (3, 10), (3, 9), (4, 9), (5, 9), (6, 9), (7, 9), (7, 8), (7, 7), (7, 6), (7, 5), (7, 4), (7, 3), (8, 3)]","[{'top_left': (12, 5), 'bottom_right': (15, 8)}, {'top_left': (3, 5), 'bottom_right': (6, 8)}, {'top_left': (8, 9), 'bottom_right': (11, 12)}]"
20,1,2,2,18,"[(1, 2), (1, 3), (1, 4), (1, 5), (1, 6), (1, 7), (1, 8), (1, 9), (1, 10), (1, 11), (1, 12), (1, 13), (1, 14), (1, 15), (1, 16), (1, 17), (1, 18), (2, 18)]","[{'top_left': (12, 5), 'bottom_right': (15, 8)}, {'top_left': (3, 5), 'bottom_right': (6, 8)}, {'top_left': (8, 9), 'bottom_right': (11, 12)}]"
20,1,12,8,4,"[(1, 12), (1, 11), (1, 10), (1, 9), (1, 8), (1, 7), (1, 6), (1, 5), (1, 4), (2, 4), (3, 4), (4, 4), (5, 4), (6, 4), (7, 4), (8, 4)]","[{'top_left': (8, 14), 'bottom_right': (11, 17)}, {'top_left': (0, 15), 'bottom_right': (3, 18)}, {'top_left': (4, 0), 'bottom_right': (7, 3)}]"
20,10,12,18,0,"[(10, 12), (10, 11), (10, 10), (10, 9), (10, 8), (10, 7), (10, 6), (10, 5), (10, 4), (10, 3), (10, 2), (10, 1), (10, 0), (11, 0), (12, 0), (13, 0), (14, 0), (15, 0), (16, 0), (17, 0), (18, 0)]","[{'top_left': (8, 14), 'bottom_right': (11, 17)}, {'top_left': (0, 15), 'bottom_right': (3, 18)}, {'top_left': (4, 0), 'bottom_right': (7, 3)}]"
20,0,12,15,3,"[(0, 12), (0, 11), (0, 10), (0, 9), (0, 8), (0, 7), (0, 6), (0, 5), (0, 4), (1, 4), (2, 4), (3, 4), (4, 4), (5, 4), (6, 4), (7, 4), (8, 4), (8, 3), (9, 3), (10, 3), (11, 3), (12, 3), (13, 3), (14, 3), (15, 3)]","[{'top_left': (8, 14), 'bottom_right': (11, 17)}, {'top_left': (0, 15), 'bottom_right': (3, 18)}, {'top_left': (4, 0), 'bottom_right': (7, 3)}]"
20,18,17,11,10,"[(18, 17), (17, 17), (16, 17), (15, 17), (14, 17), (13, 17), (12, 17), (12, 16), (12, 15), (12, 14), (12, 13), (11, 13), (11, 12), (11, 11), (11, 10)]","[{'top_left': (8, 14), 'bottom_right': (11, 17)}, {'top_left': (0, 15), 'bottom_right': (3, 18)}, {'top_left': (4, 0), 'bottom_right': (7, 3)}]"
20,9,12,1,2,"[(9, 12), (8, 12), (7, 12), (6, 12), (5, 12), (4, 12), (3, 12), (2, 12), (1, 12), (1, 11), (1, 10), (1, 9), (1, 8), (1, 7), (1, 6), (1, 5), (1, 4), (1, 3), (1, 2)]","[{'top_left': (8, 14), 'bottom_right': (11, 17)}, {'top_left': (0, 15), 'bottom_right': (3, 18)}, {'top_left': (4, 0), 'bottom_right': (7, 3)}]"
20,6,9,12,3,"[(6, 9), (6, 8), (6, 7), (6, 6), (6, 5), (6, 4), (6, 3), (7, 3), (8, 3), (9, 3), (10, 3), (11, 3), (12, 3)]","[{'top_left': (11, 10), 'bottom_right': (14, 13)}, {'top_left': (2, 14), 'bottom_right': (5, 17)}, {'top_left': (9, 6), 'bottom_right': (12, 9)}]"
20,12,2,17,9,"[(12, 2), (12, 3), (12, 4), (12, 5), (13, 5), (13, 6), (13, 7), (13, 8), (13, 9), (14, 9), (15, 9), (16, 9), (17, 9)]","[{'top_left': (11, 10), 'bottom_right': (14, 13)}, {'top_left': (2, 14), 'bottom_right': (5, 17)}, {'top_left': (9, 6), 'bottom_right': (12, 9)}]"
20,15,17,14,0,"[(15, 17), (15, 16), (15, 15), (15, 14), (15, 13), (15, 12), (15, 11), (15, 10), (15, 9), (14, 9), (14, 8), (14, 7), (14, 6), (14, 5), (14, 4), (14, 3), (14, 2), (14, 1), (14, 0)]","[{'top_left': (11, 10), 'bottom_right': (14, 13)}, {'top_left': (2, 14), 'bottom_right': (5, 17)}, {'top_left': (9, 6), 'bottom_right': (12, 9)}]"
20,16,14,17,4,"[(16, 14), (16, 13), (16, 12), (16, 11), (16, 10), (16, 9), (16, 8), (16, 7), (16, 6), (16, 5), (16, 4), (17, 4)]","[{'top_left': (11, 10), 'bottom_right': (14, 13)}, {'top_left': (2, 14), 'bottom_right': (5, 17)}, {'top_left': (9, 6), 'bottom_right': (12, 9)}]"
20,18,7,2,1,"[(18, 7), (17, 7), (16, 7), (15, 7), (14, 7), (13, 7), (13, 6), (13, 5), (12, 5), (11, 5), (10, 5), (9, 5), (8, 5), (7, 5), (6, 5), (5, 5), (4, 5), (3, 5), (2, 5), (2, 4), (2, 3), (2, 2), (2, 1)]","[{'top_left': (11, 10), 'bottom_right': (14, 13)}, {'top_left': (2, 14), 'bottom_right': (5, 17)}, {'top_left': (9, 6), 'bottom_right': (12, 9)}]"
20,9,3,14,19,"[(9, 3), (9, 4), (9, 5), (9, 6), (9, 7), (9, 8), (9, 9), (9, 10), (9, 11), (9, 12), (9, 13), (9, 14), (9, 15), (9, 16), (9, 17), (9, 18), (9, 19), (10, 19), (11, 19), (12, 19), (13, 19), (14, 19)]","[{'top_left': (4, 15), 'bottom_right': (7, 18)}, {'top_left': (0, 15), 'bottom_right': (3, 18)}, {'top_left': (1, 7), 'bottom_right': (4, 10)}]"
20,7,2,6,13,"[(7, 2), (6, 2), (6, 3), (6, 4), (6, 5), (6, 6), (6, 7), (6, 8), (6, 9), (6, 10), (6, 11), (6, 12), (6, 13)]","[{'top_left': (4, 15), 'bottom_right': (7, 18)}, {'top_left': (0, 15), 'bottom_right': (3, 18)}, {'top_left': (1, 7), 'bottom_right': (4, 10)}]"
20,10,12,10,3,"[(10, 12), (10, 11), (10, 10), (10, 9), (10, 8), (10, 7), (10, 6), (10, 5), (10, 4), (10, 3)]","[{'top_left': (4, 15), 'bottom_right': (7, 18)}, {'top_left': (0, 15), 'bottom_right': (3, 18)}, {'top_left': (1, 7), 'bottom_right': (4, 10)}]"
20,6,1,18,5,"[(6, 1), (6, 2), (6, 3), (6, 4), (6, 5), (7, 5), (8, 5), (9, 5), (10, 5), (11, 5), (12, 5), (13, 5), (14, 5), (15, 5), (16, 5), (17, 5), (18, 5)]","[{'top_left': (4, 15), 'bottom_right': (7, 18)}, {'top_left': (0, 15), 'bottom_right': (3, 18)}, {'top_left': (1, 7), 'bottom_right': (4, 10)}]"
20,18,1,4,3,"[(18, 1), (17, 1), (16, 1), (15, 1), (14, 1), (13, 1), (12, 1), (11, 1), (10, 1), (9, 1), (8, 1), (7, 1), (6, 1), (5, 1), (4, 1), (4, 2), (4, 3)]","[{'top_left': (4, 15), 'bottom_right': (7, 18)}, {'top_left': (0, 15), 'bottom_right': (3, 18)}, {'top_left': (1, 7), 'bottom_right': (4, 10)}]"
20,9,13,15,4,"[(9, 13), (9, 12), (9, 11), (9, 10), (9, 9), (9, 8), (9, 7), (9, 6), (9, 5), (9, 4), (10, 4), (11, 4), (12, 4), (13, 4), (14, 4), (15, 4)]","[{'top_left': (12, 5), 'bottom_right': (15, 8)}, {'top_left': (0, 15), 'bottom_right': (3, 18)}, {'top_left': (2, 0), 'bottom_right': (5, 3)}]"
20,6,4,8,16,"[(6, 4), (6, 5), (6, 6), (6, 7), (6, 8), (6, 9), (6, 10), (6, 11), (6, 12), (6, 13), (6, 14), (6, 15), (6, 16), (7, 16), (8, 16)]","[{'top_left': (12, 5), 'bottom_right': (15, 8)}, {'top_left': (0, 15), 'bottom_right': (3, 18)}, {'top_left': (2, 0), 'bottom_right': (5, 3)}]"
20,14,13,7,5,"[(14, 13), (13, 13), (12, 13), (11, 13), (10, 13), (9, 13), (8, 13), (7, 13), (7, 12), (7, 11), (7, 10), (7, 9), (7, 8), (7, 7), (7, 6), (7, 5)]","[{'top_left': (12, 5), 'bottom_right': (15, 8)}, {'top_left': (0, 15), 'bottom_right': (3, 18)}, {'top_left': (2, 0), 'bottom_right': (5, 3)}]"
20,15,19,2,9,"[(15, 19), (14, 19), (13, 19), (12, 19), (11, 19), (10, 19), (9, 19), (8, 19), (7, 19), (6, 19), (5, 19), (4, 19), (4, 18), (4, 17), (4, 16), (4, 15), (4, 14), (3, 14), (2, 14), (2, 13), (2, 12), (2, 11), (2, 10), (2, 9)]","[{'top_left': (12, 5), 'bottom_right': (15, 8)}, {'top_left': (0, 15), 'bottom_right': (3, 18)}, {'top_left': (2, 0), 'bottom_right': (5, 3)}]"
20,3,19,11,17,"[(3, 19), (4, 19), (4, 18), (4, 17), (5, 17), (6, 17), (7, 17), (8, 17), (9, 17), (10, 17), (11, 17)]","[{'top_left': (12, 5), 'bottom_right': (15, 8)}, {'top_left': (0, 15), 'bottom_right': (3, 18)}, {'top_left': (2, 0), 'bottom_right': (5, 3)}]"
20,15,5,5,1,"[(15, 5), (14, 5), (13, 5), (12, 5), (11, 5), (10, 5), (9, 5), (8, 5), (7, 5), (6, 5), (5, 5), (5, 4), (5, 3), (5, 2), (5, 1)]","[{'top_left': (16, 7), 'bottom_right': (19, 10)}, {'top_left': (8, 1), 'bottom_right': (11, 4)}, {'top_left': (4, 15), 'bottom_right': (7, 18)}]"
20,1,11,9,6,"[(1, 11), (1, 10), (1, 9), (1, 8), (1, 7), (1, 6), (2, 6), (3, 6), (4, 6), (5, 6), (6, 6), (7, 6), (8, 6), (9, 6)]","[{'top_left': (16, 7), 'bottom_right': (19, 10)}, {'top_left': (8, 1), 'bottom_right': (11, 4)}, {'top_left': (4, 15), 'bottom_right': (7, 18)}]"
20,13,8,10,19,"[(13, 8), (12, 8), (11, 8), (10, 8), (10, 9), (10, 10), (10, 11), (10, 12), (10, 13), (10, 14), (10, 15), (10, 16), (10, 17), (10, 18), (10, 19)]","[{'top_left': (16, 7), 'bottom_right': (19, 10)}, {'top_left': (8, 1), 'bottom_right': (11, 4)}, {'top_left': (4, 15), 'bottom_right': (7, 18)}]"
20,14,1,3,1,"[(14, 1), (13, 1), (12, 1), (12, 0), (11, 0), (10, 0), (9, 0), (8, 0), (7, 0), (6, 0), (5, 0), (4, 0), (3, 0), (3, 1)]","[{'top_left': (16, 7), 'bottom_right': (19, 10)}, {'top_left': (8, 1), 'bottom_right': (11, 4)}, {'top_left': (4, 15), 'bottom_right': (7, 18)}]"
20,17,5,5,0,"[(17, 5), (16, 5), (15, 5), (14, 5), (13, 5), (12, 5), (11, 5), (10, 5), (9, 5), (8, 5), (7, 5), (6, 5), (5, 5), (5, 4), (5, 3), (5, 2), (5, 1), (5, 0)]","[{'top_left': (16, 7), 'bottom_right': (19, 10)}, {'top_left': (8, 1), 'bottom_right': (11, 4)}, {'top_left': (4, 15), 'bottom_right': (7, 18)}]"
20,2,15,18,15,"[(2, 15), (2, 14), (2, 13), (3, 13), (4, 13), (5, 13), (6, 13), (7, 13), (8, 13), (9, 13), (10, 13), (11, 13), (11, 14), (11, 15), (12, 15), (13, 15), (14, 15), (15, 15), (16, 15), (17, 15), (18, 15)]","[{'top_left': (15, 16), 'bottom_right': (18, 19)}, {'top_left': (3, 2), 'bottom_right': (6, 5)}, {'top_left': (7, 14), 'bottom_right': (10, 17)}]"
20,19,14,5,12,"[(19, 14), (18, 14), (17, 14), (16, 14), (15, 14), (14, 14), (13, 14), (12, 14), (11, 14), (11, 13), (10, 13), (9, 13), (8, 13), (7, 13), (6, 13), (5, 13), (5, 12)]","[{'top_left': (15, 16), 'bottom_right': (18, 19)}, {'top_left': (3, 2), 'bottom_right': (6, 5)}, {'top_left': (7, 14), 'bottom_right': (10, 17)}]"
20,4,1,18,1,"[(4, 1), (5, 1), (6, 1), (7, 1), (8, 1), (9, 1), (10, 1), (11, 1), (12, 1), (13, 1), (14, 1), (15, 1), (16, 1), (17, 1), (18, 1)]","[{'top_left': (15, 16), 'bottom_right': (18, 19)}, {'top_left': (3, 2), 'bottom_right': (6, 5)}, {'top_left': (7, 14), 'bottom_right': (10, 17)}]"
20,8,4,3,14,"[(8, 4), (7, 4), (7, 5), (7, 6), (6, 6), (5, 6), (4, 6), (3, 6), (3, 7), (3, 8), (3, 9), (3, 10), (3, 11), (3, 12), (3, 13), (3, 14)]","[{'top_left': (15, 16), 'bottom_right': (18, 19)}, {'top_left': (3, 2), 'bottom_right': (6, 5)}, {'top_left': (7, 14), 'bottom_right': (10, 17)}]"
20,14,13,5,10,"[(14, 13), (13, 13), (12, 13), (11, 13), (10, 13), (9, 13), (8, 13), (7, 13), (6, 13), (5, 13), (5, 12), (5, 11), (5, 10)]","[{'top_left': (15, 16), 'bottom_right': (18, 19)}, {'top_left': (3, 2), 'bottom_right': (6, 5)}, {'top_left': (7, 14), 'bottom_right': (10, 17)}]"
20,15,6,18,15,"[(15, 6), (15, 7), (15, 8), (15, 9), (15, 10), (15, 11), (15, 12), (15, 13), (15, 14), (15, 15), (16, 15), (17, 15), (18, 15)]","[{'top_left': (7, 9), 'bottom_right': (10, 12)}, {'top_left': (5, 5), 'bottom_right': (8, 8)}, {'top_left': (13, 16), 'bottom_right': (16, 19)}]"
20,14,8,0,13,"[(14, 8), (13, 8), (12, 8), (11, 8), (11, 9), (11, 10), (11, 11), (11, 12), (11, 13), (10, 13), (9, 13), (8, 13), (7, 13), (6, 13), (5, 13), (4, 13), (3, 13), (2, 13), (1, 13), (0, 13)]","[{'top_left': (7, 9), 'bottom_right': (10, 12)}, {'top_left': (5, 5), 'bottom_right': (8, 8)}, {'top_left': (13, 16), 'bottom_right': (16, 19)}]"
20,1,15,16,1,"[(1, 15), (1, 14), (1, 13), (1, 12), (1, 11), (1, 10), (1, 9), (1, 8), (1, 7), (1, 6), (1, 5), (1, 4), (1, 3), (1, 2), (1, 1), (2, 1), (3, 1), (4, 1), (5, 1), (6, 1), (7, 1), (8, 1), (9, 1), (10, 1), (11, 1), (12, 1), (13, 1), (14, 1), (15, 1), (16, 1)]","[{'top_left': (7, 9), 'bottom_right': (10, 12)}, {'top_left': (5, 5), 'bottom_right': (8, 8)}, {'top_left': (13, 16), 'bottom_right': (16, 19)}]"
20,3,14,15,7,"[(3, 14), (3, 13), (4, 13), (5, 13), (6, 13), (7, 13), (8, 13), (9, 13), (10, 13), (11, 13), (11, 12), (11, 11), (11, 10), (11, 9), (11, 8), (11, 7), (12, 7), (13, 7), (14, 7), (15, 7)]","[{'top_left': (7, 9), 'bottom_right': (10, 12)}, {'top_left': (5, 5), 'bottom_right': (8, 8)}, {'top_left': (13, 16), 'bottom_right': (16, 19)}]"
20,7,2,0,15,"[(7, 2), (6, 2), (5, 2), (4, 2), (3, 2), (2, 2), (1, 2), (0, 2), (0, 3), (0, 4), (0, 5), (0, 6), (0, 7), (0, 8), (0, 9), (0, 10), (0, 11), (0, 12), (0, 13), (0, 14), (0, 15)]","[{'top_left': (7, 9), 'bottom_right': (10, 12)}, {'top_left': (5, 5), 'bottom_right': (8, 8)}, {'top_left': (13, 16), 'bottom_right': (16, 19)}]"
20,10,16,1,9,"[(10, 16), (9, 16), (8, 16), (7, 16), (6, 16), (5, 16), (4, 16), (3, 16), (2, 16), (1, 16), (1, 15), (1, 14), (1, 13), (1, 12), (1, 11), (1, 10), (1, 9)]","[{'top_left': (9, 5), 'bottom_right': (12, 8)}, {'top_left': (14, 0), 'bottom_right': (17, 3)}, {'top_left': (14, 14), 'bottom_right': (17, 17)}]"
20,13,8,19,17,"[(13, 8), (13, 9), (13, 10), (13, 11), (13, 12), (13, 13), (14, 13), (15, 13), (16, 13), (17, 13), (18, 13), (18, 14), (18, 15), (18, 16), (18, 17), (19, 17)]","[{'top_left': (9, 5), 'bottom_right': (12, 8)}, {'top_left': (14, 0), 'bottom_right': (17, 3)}, {'top_left': (14, 14), 'bottom_right': (17, 17)}]"
20,18,6,2,19,"[(18, 6), (17, 6), (16, 6), (15, 6), (14, 6), (13, 6), (13, 7), (13, 8), (13, 9), (12, 9), (11, 9), (10, 9), (9, 9), (8, 9), (7, 9), (6, 9), (5, 9), (4, 9), (3, 9), (2, 9), (2, 10), (2, 11), (2, 12), (2, 13), (2, 14), (2, 15), (2, 16), (2, 17), (2, 18), (2, 19)]","[{'top_left': (9, 5), 'bottom_right': (12, 8)}, {'top_left': (14, 0), 'bottom_right': (17, 3)}, {'top_left': (14, 14), 'bottom_right': (17, 17)}]"
20,10,1,16,11,"[(10, 1), (10, 2), (10, 3), (10, 4), (11, 4), (12, 4), (13, 4), (13, 5), (13, 6), (13, 7), (13, 8), (13, 9), (13, 10), (13, 11), (14, 11), (15, 11), (16, 11)]","[{'top_left': (9, 5), 'bottom_right': (12, 8)}, {'top_left': (14, 0), 'bottom_right': (17, 3)}, {'top_left': (14, 14), 'bottom_right': (17, 17)}]"
20,1,3,12,11,"[(1, 3), (1, 4), (1, 5), (1, 6), (1, 7), (1, 8), (1, 9), (1, 10), (1, 11), (2, 11), (3, 11), (4, 11), (5, 11), (6, 11), (7, 11), (8, 11), (9, 11), (10, 11), (11, 11), (12, 11)]","[{'top_left': (9, 5), 'bottom_right': (12, 8)}, {'top_left': (14, 0), 'bottom_right': (17, 3)}, {'top_left': (14, 14), 'bottom_right': (17, 17)}]"
20,17,6,4,10,"[(17, 6), (16, 6), (15, 6), (14, 6), (13, 6), (12, 6), (11, 6), (10, 6), (9, 6), (8, 6), (7, 6), (6, 6), (5, 6), (4, 6), (4, 7), (4, 8), (4, 9), (4, 10)]","[{'top_left': (14, 1), 'bottom_right': (17, 4)}, {'top_left': (11, 11), 'bottom_right': (14, 14)}, {'top_left': (5, 2), 'bottom_right': (8, 5)}]"
20,18,6,7,10,"[(18, 6), (17, 6), (16, 6), (15, 6), (14, 6), (13, 6), (12, 6), (11, 6), (10, 6), (9, 6), (8, 6), (7, 6), (7, 7), (7, 8), (7, 9), (7, 10)]","[{'top_left': (14, 1), 'bottom_right': (17, 4)}, {'top_left': (11, 11), 'bottom_right': (14, 14)}, {'top_left': (5, 2), 'bottom_right': (8, 5)}]"
20,8,1,2,11,"[(8, 1), (7, 1), (6, 1), (5, 1), (4, 1), (3, 1), (2, 1), (2, 2), (2, 3), (2, 4), (2, 5), (2, 6), (2, 7), (2, 8), (2, 9), (2, 10), (2, 11)]","[{'top_left': (14, 1), 'bottom_right': (17, 4)}, {'top_left': (11, 11), 'bottom_right': (14, 14)}, {'top_left': (5, 2), 'bottom_right': (8, 5)}]"
20,17,9,14,19,"[(17, 9), (16, 9), (15, 9), (15, 10), (15, 11), (15, 12), (15, 13), (15, 14), (15, 15), (14, 15), (14, 16), (14, 17), (14, 18), (14, 19)]","[{'top_left': (14, 1), 'bottom_right': (17, 4)}, {'top_left': (11, 11), 'bottom_right': (14, 14)}, {'top_left': (5, 2), 'bottom_right': (8, 5)}]"
20,11,2,6,14,"[(11, 2), (10, 2), (9, 2), (9, 3), (9, 4), (9, 5), (9, 6), (8, 6), (7, 6), (6, 6), (6, 7), (6, 8), (6, 9), (6, 10), (6, 11), (6, 12), (6, 13), (6, 14)]","[{'top_left': (14, 1), 'bottom_right': (17, 4)}, {'top_left': (11, 11), 'bottom_right': (14, 14)}, {'top_left': (5, 2), 'bottom_right': (8, 5)}]"
20,4,15,4,6,"[(4, 15), (4, 14), (4, 13), (4, 12), (4, 11), (4, 10), (4, 9), (4, 8), (4, 7), (4, 6)]","[{'top_left': (2, 2), 'bottom_right': (5, 5)}, {'top_left': (12, 5), 'bottom_right': (15, 8)}, {'top_left': (8, 3), 'bottom_right': (11, 6)}]"
20,16,0,9,13,"[(16, 0), (16, 1), (16, 2), (16, 3), (16, 4), (16, 5), (16, 6), (16, 7), (16, 8), (16, 9), (15, 9), (14, 9), (13, 9), (12, 9), (11, 9), (10, 9), (9, 9), (9, 10), (9, 11), (9, 12), (9, 13)]","[{'top_left': (2, 2), 'bottom_right': (5, 5)}, {'top_left': (12, 5), 'bottom_right': (15, 8)}, {'top_left': (8, 3), 'bottom_right': (11, 6)}]"
20,13,14,0,9,"[(13, 14), (12, 14), (11, 14), (10, 14), (9, 14), (8, 14), (7, 14), (6, 14), (5, 14), (4, 14), (3, 14), (2, 14), (1, 14), (0, 14), (0, 13), (0, 12), (0, 11), (0, 10), (0, 9)]","[{'top_left': (2, 2), 'bottom_right': (5, 5)}, {'top_left': (12, 5), 'bottom_right': (15, 8)}, {'top_left': (8, 3), 'bottom_right': (11, 6)}]"
20,16,10,13,18,"[(16, 10), (15, 10), (14, 10), (13, 10), (13, 11), (13, 12), (13, 13), (13, 14), (13, 15), (13, 16), (13, 17), (13, 18)]","[{'top_left': (2, 2), 'bottom_right': (5, 5)}, {'top_left': (12, 5), 'bottom_right': (15, 8)}, {'top_left': (8, 3), 'bottom_right': (11, 6)}]"
20,10,10,15,18,"[(10, 10), (10, 11), (10, 12), (10, 13), (10, 14), (10, 15), (10, 16), (10, 17), (10, 18), (11, 18), (12, 18), (13, 18), (14, 18), (15, 18)]","[{'top_left': (2, 2), 'bottom_right': (5, 5)}, {'top_left': (12, 5), 'bottom_right': (15, 8)}, {'top_left': (8, 3), 'bottom_right': (11, 6)}]"
20,11,9,1,4,"[(11, 9), (10, 9), (9, 9), (8, 9), (8, 8), (7, 8), (6, 8), (5, 8), (4, 8), (3, 8), (2, 8), (1, 8), (1, 7), (1, 6), (1, 5), (1, 4)]","[{'top_left': (16, 14), 'bottom_right': (19, 17)}, {'top_left': (14, 9), 'bottom_right': (17, 12)}, {'top_left': (4, 9), 'bottom_right': (7, 12)}]"
20,7,3,1,10,"[(7, 3), (6, 3), (5, 3), (4, 3), (3, 3), (2, 3), (1, 3), (1, 4), (1, 5), (1, 6), (1, 7), (1, 8), (1, 9), (1, 10)]","[{'top_left': (16, 14), 'bottom_right': (19, 17)}, {'top_left': (14, 9), 'bottom_right': (17, 12)}, {'top_left': (4, 9), 'bottom_right': (7, 12)}]"
20,11,5,6,17,"[(11, 5), (10, 5), (9, 5), (8, 5), (8, 6), (8, 7), (8, 8), (8, 9), (8, 10), (8, 11), (8, 12), (8, 13), (7, 13), (6, 13), (6, 14), (6, 15), (6, 16), (6, 17)]","[{'top_left': (16, 14), 'bottom_right': (19, 17)}, {'top_left': (14, 9), 'bottom_right': (17, 12)}, {'top_left': (4, 9), 'bottom_right': (7, 12)}]"
20,1,10,11,4,"[(1, 10), (1, 9), (1, 8), (1, 7), (1, 6), (1, 5), (1, 4), (2, 4), (3, 4), (4, 4), (5, 4), (6, 4), (7, 4), (8, 4), (9, 4), (10, 4), (11, 4)]","[{'top_left': (16, 14), 'bottom_right': (19, 17)}, {'top_left': (14, 9), 'bottom_right': (17, 12)}, {'top_left': (4, 9), 'bottom_right': (7, 12)}]"
20,11,14,17,5,"[(11, 14), (11, 13), (11, 12), (11, 11), (11, 10), (11, 9), (11, 8), (11, 7), (11, 6), (11, 5), (12, 5), (13, 5), (14, 5), (15, 5), (16, 5), (17, 5)]","[{'top_left': (16, 14), 'bottom_right': (19, 17)}, {'top_left': (14, 9), 'bottom_right': (17, 12)}, {'top_left': (4, 9), 'bottom_right': (7, 12)}]"
20,14,10,4,0,"[(14, 10), (13, 10), (12, 10), (11, 10), (10, 10), (9, 10), (8, 10), (7, 10), (6, 10), (5, 10), (4, 10), (4, 9), (4, 8), (4, 7), (4, 6), (4, 5), (4, 4), (4, 3), (4, 2), (4, 1), (4, 0)]","[{'top_left': (9, 3), 'bottom_right': (12, 6)}, {'top_left': (0, 12), 'bottom_right': (3, 15)}, {'top_left': (15, 4), 'bottom_right': (18, 7)}]"
20,17,16,10,9,"[(17, 16), (16, 16), (15, 16), (14, 16), (13, 16), (12, 16), (11, 16), (10, 16), (10, 15), (10, 14), (10, 13), (10, 12), (10, 11), (10, 10), (10, 9)]","[{'top_left': (9, 3), 'bottom_right': (12, 6)}, {'top_left': (0, 12), 'bottom_right': (3, 15)}, {'top_left': (15, 4), 'bottom_right': (18, 7)}]"
20,15,1,4,17,"[(15, 1), (14, 1), (13, 1), (12, 1), (11, 1), (10, 1), (9, 1), (8, 1), (7, 1), (6, 1), (5, 1), (4, 1), (4, 2), (4, 3), (4, 4), (4, 5), (4, 6), (4, 7), (4, 8), (4, 9), (4, 10), (4, 11), (4, 12), (4, 13), (4, 14), (4, 15), (4, 16), (4, 17)]","[{'top_left': (9, 3), 'bottom_right': (12, 6)}, {'top_left': (0, 12), 'bottom_right': (3, 15)}, {'top_left': (15, 4), 'bottom_right': (18, 7)}]"
20,2,10,1,19,"[(2, 10), (2, 11), (3, 11), (4, 11), (4, 12), (4, 13), (4, 14), (4, 15), (4, 16), (3, 16), (2, 16), (1, 16), (1, 17), (1, 18), (1, 19)]","[{'top_left': (9, 3), 'bottom_right': (12, 6)}, {'top_left': (0, 12), 'bottom_right': (3, 15)}, {'top_left': (15, 4), 'bottom_right': (18, 7)}]"
20,8,6,0,2,"[(8, 6), (7, 6), (6, 6), (5, 6), (4, 6), (3, 6), (2, 6), (1, 6), (0, 6), (0, 5), (0, 4), (0, 3), (0, 2)]","[{'top_left': (9, 3), 'bottom_right': (12, 6)}, {'top_left': (0, 12), 'bottom_right': (3, 15)}, {'top_left': (15, 4), 'bottom_right': (18, 7)}]"
20,10,19,19,16,"[(10, 19), (10, 18), (10, 17), (10, 16), (11, 16), (12, 16), (13, 16), (14, 16), (15, 16), (16, 16), (17, 16), (18, 16), (19, 16)]","[{'top_left': (14, 2), 'bottom_right': (17, 5)}, {'top_left': (16, 12), 'bottom_right': (19, 15)}, {'top_left': (6, 15), 'bottom_right': (9, 18)}]"
20,1,11,12,4,"[(1, 11), (1, 10), (1, 9), (1, 8), (1, 7), (1, 6), (1, 5), (1, 4), (2, 4), (3, 4), (4, 4), (5, 4), (6, 4), (7, 4), (8, 4), (9, 4), (10, 4), (11, 4), (12, 4)]","[{'top_left': (14, 2), 'bottom_right': (17, 5)}, {'top_left': (16, 12), 'bottom_right': (19, 15)}, {'top_left': (6, 15), 'bottom_right': (9, 18)}]"
20,0,9,11,11,"[(0, 9), (0, 10), (0, 11), (1, 11), (2, 11), (3, 11), (4, 11), (5, 11), (6, 11), (7, 11), (8, 11), (9, 11), (10, 11), (11, 11)]","[{'top_left': (14, 2), 'bottom_right': (17, 5)}, {'top_left': (16, 12), 'bottom_right': (19, 15)}, {'top_left': (6, 15), 'bottom_right': (9, 18)}]"
20,9,5,13,13,"[(9, 5), (9, 6), (9, 7), (9, 8), (9, 9), (9, 10), (9, 11), (9, 12), (9, 13), (10, 13), (11, 13), (12, 13), (13, 13)]","[{'top_left': (14, 2), 'bottom_right': (17, 5)}, {'top_left': (16, 12), 'bottom_right': (19, 15)}, {'top_left': (6, 15), 'bottom_right': (9, 18)}]"
20,4,18,19,2,"[(4, 18), (4, 17), (4, 16), (4, 15), (4, 14), (4, 13), (4, 12), (4, 11), (4, 10), (4, 9), (4, 8), (4, 7), (4, 6), (5, 6), (6, 6), (7, 6), (8, 6), (9, 6), (10, 6), (11, 6), (12, 6), (13, 6), (14, 6), (15, 6), (16, 6), (17, 6), (18, 6), (18, 5), (18, 4), (18, 3), (18, 2), (19, 2)]","[{'top_left': (14, 2), 'bottom_right': (17, 5)}, {'top_left': (16, 12), 'bottom_right': (19, 15)}, {'top_left': (6, 15), 'bottom_right': (9, 18)}]"
20,2,18,12,2,"[(2, 18), (2, 17), (2, 16), (2, 15), (2, 14), (2, 13), (2, 12), (2, 11), (2, 10), (2, 9), (2, 8), (2, 7), (2, 6), (2, 5), (2, 4), (2, 3), (2, 2), (3, 2), (4, 2), (5, 2), (6, 2), (7, 2), (8, 2), (9, 2), (10, 2), (11, 2), (12, 2)]","[{'top_left': (4, 6), 'bottom_right': (7, 9)}, {'top_left': (9, 15), 'bottom_right': (12, 18)}, {'top_left': (16, 10), 'bottom_right': (19, 13)}]"
20,5,17,14,18,"[(5, 17), (5, 18), (5, 19), (6, 19), (7, 19), (8, 19), (9, 19), (10, 19), (11, 19), (12, 19), (13, 19), (13, 18), (14, 18)]","[{'top_left': (4, 6), 'bottom_right': (7, 9)}, {'top_left': (9, 15), 'bottom_right': (12, 18)}, {'top_left': (16, 10), 'bottom_right': (19, 13)}]"
20,17,14,7,0,"[(17, 14), (16, 14), (15, 14), (14, 14), (13, 14), (12, 14), (11, 14), (10, 14), (9, 14), (8, 14), (8, 13), (8, 12), (8, 11), (8, 10), (8, 9), (8, 8), (8, 7), (8, 6), (8, 5), (7, 5), (7, 4), (7, 3), (7, 2), (7, 1), (7, 0)]","[{'top_left': (4, 6), 'bottom_right': (7, 9)}, {'top_left': (9, 15), 'bottom_right': (12, 18)}, {'top_left': (16, 10), 'bottom_right': (19, 13)}]"
20,0,4,8,9,"[(0, 4), (0, 5), (1, 5), (2, 5), (3, 5), (4, 5), (5, 5), (6, 5), (7, 5), (8, 5), (8, 6), (8, 7), (8, 8), (8, 9)]","[{'top_left': (4, 6), 'bottom_right': (7, 9)}, {'top_left': (9, 15), 'bottom_right': (12, 18)}, {'top_left': (16, 10), 'bottom_right': (19, 13)}]"
20,15,3,9,13,"[(15, 3), (14, 3), (13, 3), (12, 3), (11, 3), (10, 3), (9, 3), (9, 4), (9, 5), (9, 6), (9, 7), (9, 8), (9, 9), (9, 10), (9, 11), (9, 12), (9, 13)]","[{'top_left': (4, 6), 'bottom_right': (7, 9)}, {'top_left': (9, 15), 'bottom_right': (12, 18)}, {'top_left': (16, 10), 'bottom_right': (19, 13)}]"
20,15,2,19,11,"[(15, 2), (15, 3), (15, 4), (15, 5), (15, 6), (15, 7), (15, 8), (15, 9), (15, 10), (15, 11), (16, 11), (17, 11), (18, 11), (19, 11)]","[{'top_left': (5, 15), 'bottom_right': (8, 18)}, {'top_left': (7, 0), 'bottom_right': (10, 3)}, {'top_left': (3, 8), 'bottom_right': (6, 11)}]"
20,16,18,0,8,"[(16, 18), (15, 18), (14, 18), (13, 18), (12, 18), (11, 18), (10, 18), (9, 18), (9, 17), (9, 16), (9, 15), (9, 14), (8, 14), (7, 14), (6, 14), (5, 14), (4, 14), (3, 14), (2, 14), (1, 14), (0, 14), (0, 13), (0, 12), (0, 11), (0, 10), (0, 9), (0, 8)]","[{'top_left': (5, 15), 'bottom_right': (8, 18)}, {'top_left': (7, 0), 'bottom_right': (10, 3)}, {'top_left': (3, 8), 'bottom_right': (6, 11)}]"
20,5,1,8,11,"[(5, 1), (5, 2), (5, 3), (5, 4), (5, 5), (5, 6), (5, 7), (6, 7), (7, 7), (7, 8), (7, 9), (7, 10), (7, 11), (8, 11)]","[{'top_left': (5, 15), 'bottom_right': (8, 18)}, {'top_left': (7, 0), 'bottom_right': (10, 3)}, {'top_left': (3, 8), 'bottom_right': (6, 11)}]"
20,13,11,1,9,"[(13, 11), (12, 11), (11, 11), (10, 11), (9, 11), (8, 11), (7, 11), (7, 12), (6, 12), (5, 12), (4, 12), (3, 12), (2, 12), (1, 12), (1, 11), (1, 10), (1, 9)]","[{'top_left': (5, 15), 'bottom_right': (8, 18)}, {'top_left': (7, 0), 'bottom_right': (10, 3)}, {'top_left': (3, 8), 'bottom_right': (6, 11)}]"
20,6,5,3,19,"[(6, 5), (5, 5), (4, 5), (3, 5), (2, 5), (2, 6), (2, 7), (2, 8), (2, 9), (2, 10), (2, 11), (2, 12), (2, 13), (2, 14), (2, 15), (2, 16), (2, 17), (2, 18), (2, 19), (3, 19)]","[{'top_left': (5, 15), 'bottom_right': (8, 18)}, {'top_left': (7, 0), 'bottom_right': (10, 3)}, {'top_left': (3, 8), 'bottom_right': (6, 11)}]"
20,15,13,10,5,"[(15, 13), (14, 13), (14, 12), (14, 11), (14, 10), (14, 9), (14, 8), (13, 8), (12, 8), (11, 8), (10, 8), (10, 7), (10, 6), (10, 5)]","[{'top_left': (5, 10), 'bottom_right': (8, 13)}, {'top_left': (10, 9), 'bottom_right': (13, 12)}, {'top_left': (4, 0), 'bottom_right': (7, 3)}]"
20,3,6,4,16,"[(3, 6), (3, 7), (3, 8), (3, 9), (3, 10), (3, 11), (3, 12), (3, 13), (3, 14), (3, 15), (3, 16), (4, 16)]","[{'top_left': (5, 10), 'bottom_right': (8, 13)}, {'top_left': (10, 9), 'bottom_right': (13, 12)}, {'top_left': (4, 0), 'bottom_right': (7, 3)}]"
20,7,6,17,19,"[(7, 6), (7, 7), (7, 8), (7, 9), (8, 9), (9, 9), (9, 10), (9, 11), (9, 12), (9, 13), (9, 14), (9, 15), (9, 16), (9, 17), (9, 18), (9, 19), (10, 19), (11, 19), (12, 19), (13, 19), (14, 19), (15, 19), (16, 19), (17, 19)]","[{'top_left': (5, 10), 'bottom_right': (8, 13)}, {'top_left': (10, 9), 'bottom_right': (13, 12)}, {'top_left': (4, 0), 'bottom_right': (7, 3)}]"
20,16,17,17,3,"[(16, 17), (16, 16), (16, 15), (16, 14), (16, 13), (16, 12), (16, 11), (16, 10), (16, 9), (16, 8), (16, 7), (16, 6), (16, 5), (16, 4), (16, 3), (17, 3)]","[{'top_left': (5, 10), 'bottom_right': (8, 13)}, {'top_left': (10, 9), 'bottom_right': (13, 12)}, {'top_left': (4, 0), 'bottom_right': (7, 3)}]"
20,13,14,2,3,"[(13, 14), (12, 14), (11, 14), (10, 14), (9, 14), (8, 14), (7, 14), (6, 14), (5, 14), (4, 14), (3, 14), (2, 14), (2, 13), (2, 12), (2, 11), (2, 10), (2, 9), (2, 8), (2, 7), (2, 6), (2, 5), (2, 4), (2, 3)]","[{'top_left': (5, 10), 'bottom_right': (8, 13)}, {'top_left': (10, 9), 'bottom_right': (13, 12)}, {'top_left': (4, 0), 'bottom_right': (7, 3)}]"
20,4,14,19,16,"[(4, 14), (4, 15), (4, 16), (5, 16), (6, 16), (7, 16), (8, 16), (9, 16), (10, 16), (11, 16), (12, 16), (13, 16), (14, 16), (15, 16), (16, 16), (17, 16), (18, 16), (19, 16)]","[{'top_left': (4, 0), 'bottom_right': (7, 3)}, {'top_left': (15, 11), 'bottom_right': (18, 14)}, {'top_left': (9, 11), 'bottom_right': (12, 14)}]"
20,16,18,1,15,"[(16, 18), (15, 18), (14, 18), (13, 18), (12, 18), (11, 18), (10, 18), (9, 18), (8, 18), (7, 18), (6, 18), (5, 18), (4, 18), (3, 18), (2, 18), (1, 18), (1, 17), (1, 16), (1, 15)]","[{'top_left': (4, 0), 'bottom_right': (7, 3)}, {'top_left': (15, 11), 'bottom_right': (18, 14)}, {'top_left': (9, 11), 'bottom_right': (12, 14)}]"
20,5,11,0,2,"[(5, 11), (4, 11), (3, 11), (2, 11), (1, 11), (0, 11), (0, 10), (0, 9), (0, 8), (0, 7), (0, 6), (0, 5), (0, 4), (0, 3), (0, 2)]","[{'top_left': (4, 0), 'bottom_right': (7, 3)}, {'top_left': (15, 11), 'bottom_right': (18, 14)}, {'top_left': (9, 11), 'bottom_right': (12, 14)}]"
20,11,5,16,19,"[(11, 5), (11, 6), (11, 7), (11, 8), (11, 9), (11, 10), (12, 10), (13, 10), (13, 11), (13, 12), (13, 13), (13, 14), (13, 15), (13, 16), (13, 17), (13, 18), (13, 19), (14, 19), (15, 19), (16, 19)]","[{'top_left': (4, 0), 'bottom_right': (7, 3)}, {'top_left': (15, 11), 'bottom_right': (18, 14)}, {'top_left': (9, 11), 'bottom_right': (12, 14)}]"
20,7,16,18,2,"[(7, 16), (7, 15), (7, 14), (7, 13), (7, 12), (7, 11), (7, 10), (7, 9), (7, 8), (7, 7), (7, 6), (7, 5), (7, 4), (8, 4), (8, 3), (8, 2), (9, 2), (10, 2), (11, 2), (12, 2), (13, 2), (14, 2), (15, 2), (16, 2), (17, 2), (18, 2)]","[{'top_left': (4, 0), 'bottom_right': (7, 3)}, {'top_left': (15, 11), 'bottom_right': (18, 14)}, {'top_left': (9, 11), 'bottom_right': (12, 14)}]"
20,5,17,0,3,"[(5, 17), (4, 17), (3, 17), (2, 17), (1, 17), (0, 17), (0, 16), (0, 15), (0, 14), (0, 13), (0, 12), (0, 11), (0, 10), (0, 9), (0, 8), (0, 7), (0, 6), (0, 5), (0, 4), (0, 3)]","[{'top_left': (3, 0), 'bottom_right': (6, 3)}, {'top_left': (16, 6), 'bottom_right': (19, 9)}, {'top_left': (6, 9), 'bottom_right': (9, 12)}]"
20,6,16,15,11,"[(6, 16), (6, 15), (6, 14), (6, 13), (7, 13), (8, 13), (9, 13), (10, 13), (10, 12), (10, 11), (11, 11), (12, 11), (13, 11), (14, 11), (15, 11)]","[{'top_left': (3, 0), 'bottom_right': (6, 3)}, {'top_left': (16, 6), 'bottom_right': (19, 9)}, {'top_left': (6, 9), 'bottom_right': (9, 12)}]"
20,11,9,17,1,"[(11, 9), (11, 8), (11, 7), (11, 6), (11, 5), (11, 4), (11, 3), (11, 2), (11, 1), (12, 1), (13, 1), (14, 1), (15, 1), (16, 1), (17, 1)]","[{'top_left': (3, 0), 'bottom_right': (6, 3)}, {'top_left': (16, 6), 'bottom_right': (19, 9)}, {'top_left': (6, 9), 'bottom_right': (9, 12)}]"
20,2,10,15,3,"[(2, 10), (2, 9), (2, 8), (2, 7), (2, 6), (2, 5), (2, 4), (3, 4), (4, 4), (5, 4), (6, 4), (7, 4), (7, 3), (8, 3), (9, 3), (10, 3), (11, 3), (12, 3), (13, 3), (14, 3), (15, 3)]","[{'top_left': (3, 0), 'bottom_right': (6, 3)}, {'top_left': (16, 6), 'bottom_right': (19, 9)}, {'top_left': (6, 9), 'bottom_right': (9, 12)}]"
20,12,9,14,19,"[(12, 9), (12, 10), (12, 11), (12, 12), (12, 13), (12, 14), (12, 15), (12, 16), (12, 17), (12, 18), (12, 19), (13, 19), (14, 19)]","[{'top_left': (3, 0), 'bottom_right': (6, 3)}, {'top_left': (16, 6), 'bottom_right': (19, 9)}, {'top_left': (6, 9), 'bottom_right': (9, 12)}]"
20,5,0,15,3,"[(5, 0), (5, 1), (6, 1), (7, 1), (8, 1), (9, 1), (10, 1), (10, 2), (10, 3), (11, 3), (12, 3), (13, 3), (14, 3), (15, 3)]","[{'top_left': (9, 14), 'bottom_right': (12, 17)}, {'top_left': (6, 2), 'bottom_right': (9, 5)}, {'top_left': (15, 11), 'bottom_right': (18, 14)}]"
20,3,4,12,12,"[(3, 4), (3, 5), (3, 6), (3, 7), (3, 8), (3, 9), (3, 10), (3, 11), (3, 12), (4, 12), (5, 12), (6, 12), (7, 12), (8, 12), (9, 12), (10, 12), (11, 12), (12, 12)]","[{'top_left': (9, 14), 'bottom_right': (12, 17)}, {'top_left': (6, 2), 'bottom_right': (9, 5)}, {'top_left': (15, 11), 'bottom_right': (18, 14)}]"
20,18,3,5,2,"[(18, 3), (17, 3), (16, 3), (15, 3), (14, 3), (13, 3), (12, 3), (11, 3), (10, 3), (10, 2), (10, 1), (9, 1), (8, 1), (7, 1), (6, 1), (5, 1), (5, 2)]","[{'top_left': (9, 14), 'bottom_right': (12, 17)}, {'top_left': (6, 2), 'bottom_right': (9, 5)}, {'top_left': (15, 11), 'bottom_right': (18, 14)}]"
20,19,12,3,7,"[(19, 12), (19, 11), (19, 10), (18, 10), (17, 10), (16, 10), (15, 10), (14, 10), (13, 10), (12, 10), (11, 10), (10, 10), (9, 10), (8, 10), (7, 10), (6, 10), (5, 10), (4, 10), (3, 10), (3, 9), (3, 8), (3, 7)]","[{'top_left': (9, 14), 'bottom_right': (12, 17)}, {'top_left': (6, 2), 'bottom_right': (9, 5)}, {'top_left': (15, 11), 'bottom_right': (18, 14)}]"
20,16,8,4,14,"[(16, 8), (15, 8), (14, 8), (13, 8), (12, 8), (11, 8), (10, 8), (9, 8), (8, 8), (7, 8), (6, 8), (5, 8), (4, 8), (4, 9), (4, 10), (4, 11), (4, 12), (4, 13), (4, 14)]","[{'top_left': (9, 14), 'bottom_right': (12, 17)}, {'top_left': (6, 2), 'bottom_right': (9, 5)}, {'top_left': (15, 11), 'bottom_right': (18, 14)}]"
20,2,15,0,5,"[(2, 15), (1, 15), (0, 15), (0, 14), (0, 13), (0, 12), (0, 11), (0, 10), (0, 9), (0, 8), (0, 7), (0, 6), (0, 5)]","[{'top_left': (3, 3), 'bottom_right': (6, 6)}, {'top_left': (8, 15), 'bottom_right': (11, 18)}, {'top_left': (15, 7), 'bottom_right': (18, 10)}]"
20,12,19,10,4,"[(12, 19), (12, 18), (12, 17), (12, 16), (12, 15), (12, 14), (11, 14), (10, 14), (10, 13), (10, 12), (10, 11), (10, 10), (10, 9), (10, 8), (10, 7), (10, 6), (10, 5), (10, 4)]","[{'top_left': (3, 3), 'bottom_right': (6, 6)}, {'top_left': (8, 15), 'bottom_right': (11, 18)}, {'top_left': (15, 7), 'bottom_right': (18, 10)}]"
20,9,19,19,3,"[(9, 19), (10, 19), (11, 19), (12, 19), (12, 18), (12, 17), (12, 16), (12, 15), (12, 14), (12, 13), (12, 12), (12, 11), (12, 10), (12, 9), (12, 8), (12, 7), (12, 6), (12, 5), (12, 4), (12, 3), (13, 3), (14, 3), (15, 3), (16, 3), (17, 3), (18, 3), (19, 3)]","[{'top_left': (3, 3), 'bottom_right': (6, 6)}, {'top_left': (8, 15), 'bottom_right': (11, 18)}, {'top_left': (15, 7), 'bottom_right': (18, 10)}]"
20,2,16,15,14,"[(2, 16), (2, 15), (2, 14), (3, 14), (4, 14), (5, 14), (6, 14), (7, 14), (8, 14), (9, 14), (10, 14), (11, 14), (12, 14), (13, 14), (14, 14), (15, 14)]","[{'top_left': (3, 3), 'bottom_right': (6, 6)}, {'top_left': (8, 15), 'bottom_right': (11, 18)}, {'top_left': (15, 7), 'bottom_right': (18, 10)}]"
20,6,9,15,15,"[(6, 9), (6, 10), (6, 11), (6, 12), (6, 13), (6, 14), (7, 14), (8, 14), (9, 14), (10, 14), (11, 14), (12, 14), (12, 15), (13, 15), (14, 15), (15, 15)]","[{'top_left': (3, 3), 'bottom_right': (6, 6)}, {'top_left': (8, 15), 'bottom_right': (11, 18)}, {'top_left': (15, 7), 'bottom_right': (18, 10)}]"
20,3,12,14,10,"[(3, 12), (3, 11), (3, 10), (4, 10), (5, 10), (6, 10), (7, 10), (8, 10), (9, 10), (10, 10), (11, 10), (12, 10), (13, 10), (14, 10)]","[{'top_left': (16, 8), 'bottom_right': (19, 11)}, {'top_left': (10, 0), 'bottom_right': (13, 3)}, {'top_left': (1, 13), 'bottom_right': (4, 16)}]"
20,12,14,14,1,"[(12, 14), (12, 13), (12, 12), (12, 11), (12, 10), (12, 9), (12, 8), (12, 7), (12, 6), (12, 5), (12, 4), (13, 4), (14, 4), (14, 3), (14, 2), (14, 1)]","[{'top_left': (16, 8), 'bottom_right': (19, 11)}, {'top_left': (10, 0), 'bottom_right': (13, 3)}, {'top_left': (1, 13), 'bottom_right': (4, 16)}]"
20,5,15,13,4,"[(5, 15), (5, 14), (5, 13), (5, 12), (5, 11), (5, 10), (5, 9), (5, 8), (5, 7), (5, 6), (5, 5), (5, 4), (6, 4), (7, 4), (8, 4), (9, 4), (10, 4), (11, 4), (12, 4), (13, 4)]","[{'top_left': (16, 8), 'bottom_right': (19, 11)}, {'top_left': (10, 0), 'bottom_right': (13, 3)}, {'top_left': (1, 13), 'bottom_right': (4, 16)}]"
20,9,12,15,3,"[(9, 12), (9, 11), (9, 10), (9, 9), (9, 8), (9, 7), (9, 6), (9, 5), (9, 4), (10, 4), (11, 4), (12, 4), (13, 4), (14, 4), (14, 3), (15, 3)]","[{'top_left': (16, 8), 'bottom_right': (19, 11)}, {'top_left': (10, 0), 'bottom_right': (13, 3)}, {'top_left': (1, 13), 'bottom_right': (4, 16)}]"
20,8,15,18,12,"[(8, 15), (8, 14), (8, 13), (8, 12), (9, 12), (10, 12), (11, 12), (12, 12), (13, 12), (14, 12), (15, 12), (16, 12), (17, 12), (18, 12)]","[{'top_left': (16, 8), 'bottom_right': (19, 11)}, {'top_left': (10, 0), 'bottom_right': (13, 3)}, {'top_left': (1, 13), 'bottom_right': (4, 16)}]"
20,4,11,11,18,"[(4, 11), (4, 12), (4, 13), (4, 14), (4, 15), (4, 16), (4, 17), (4, 18), (5, 18), (6, 18), (7, 18), (8, 18), (9, 18), (10, 18), (11, 18)]","[{'top_left': (11, 9), 'bottom_right': (14, 12)}, {'top_left': (10, 1), 'bottom_right': (13, 4)}, {'top_left': (0, 1), 'bottom_right': (3, 4)}]"
20,7,9,18,2,"[(7, 9), (7, 8), (7, 7), (7, 6), (7, 5), (8, 5), (9, 5), (10, 5), (11, 5), (12, 5), (13, 5), (14, 5), (14, 4), (14, 3), (14, 2), (15, 2), (16, 2), (17, 2), (18, 2)]","[{'top_left': (11, 9), 'bottom_right': (14, 12)}, {'top_left': (10, 1), 'bottom_right': (13, 4)}, {'top_left': (0, 1), 'bottom_right': (3, 4)}]"
20,5,0,17,10,"[(5, 0), (5, 1), (5, 2), (5, 3), (5, 4), (5, 5), (5, 6), (5, 7), (5, 8), (6, 8), (7, 8), (8, 8), (9, 8), (10, 8), (11, 8), (12, 8), (13, 8), (14, 8), (15, 8), (15, 9), (15, 10), (16, 10), (17, 10)]","[{'top_left': (11, 9), 'bottom_right': (14, 12)}, {'top_left': (10, 1), 'bottom_right': (13, 4)}, {'top_left': (0, 1), 'bottom_right': (3, 4)}]"
20,1,14,13,18,"[(1, 14), (1, 15), (1, 16), (1, 17), (1, 18), (2, 18), (3, 18), (4, 18), (5, 18), (6, 18), (7, 18), (8, 18), (9, 18), (10, 18), (11, 18), (12, 18), (13, 18)]","[{'top_left': (11, 9), 'bottom_right': (14, 12)}, {'top_left': (10, 1), 'bottom_right': (13, 4)}, {'top_left': (0, 1), 'bottom_right': (3, 4)}]"
20,16,13,8,0,"[(16, 13), (15, 13), (14, 13), (13, 13), (12, 13), (11, 13), (10, 13), (9, 13), (8, 13), (8, 12), (8, 11), (8, 10), (8, 9), (8, 8), (8, 7), (8, 6), (8, 5), (8, 4), (8, 3), (8, 2), (8, 1), (8, 0)]","[{'top_left': (11, 9), 'bottom_right': (14, 12)}, {'top_left': (10, 1), 'bottom_right': (13, 4)}, {'top_left': (0, 1), 'bottom_right': (3, 4)}]"
20,16,10,5,19,"[(16, 10), (15, 10), (14, 10), (13, 10), (12, 10), (11, 10), (10, 10), (9, 10), (8, 10), (7, 10), (7, 11), (7, 12), (7, 13), (7, 14), (7, 15), (7, 16), (7, 17), (7, 18), (7, 19), (6, 19), (5, 19)]","[{'top_left': (15, 0), 'bottom_right': (18, 3)}, {'top_left': (10, 12), 'bottom_right': (13, 15)}, {'top_left': (3, 15), 'bottom_right': (6, 18)}]"
20,9,8,1,9,"[(9, 8), (8, 8), (7, 8), (6, 8), (5, 8), (4, 8), (3, 8), (2, 8), (1, 8), (1, 9)]","[{'top_left': (15, 0), 'bottom_right': (18, 3)}, {'top_left': (10, 12), 'bottom_right': (13, 15)}, {'top_left': (3, 15), 'bottom_right': (6, 18)}]"
20,18,12,7,19,"[(18, 12), (17, 12), (16, 12), (15, 12), (14, 12), (14, 13), (14, 14), (14, 15), (14, 16), (13, 16), (12, 16), (11, 16), (10, 16), (9, 16), (8, 16), (7, 16), (7, 17), (7, 18), (7, 19)]","[{'top_left': (15, 0), 'bottom_right': (18, 3)}, {'top_left': (10, 12), 'bottom_right': (13, 15)}, {'top_left': (3, 15), 'bottom_right': (6, 18)}]"
20,10,8,2,18,"[(10, 8), (9, 8), (8, 8), (7, 8), (6, 8), (5, 8), (4, 8), (3, 8), (2, 8), (2, 9), (2, 10), (2, 11), (2, 12), (2, 13), (2, 14), (2, 15), (2, 16), (2, 17), (2, 18)]","[{'top_left': (15, 0), 'bottom_right': (18, 3)}, {'top_left': (10, 12), 'bottom_right': (13, 15)}, {'top_left': (3, 15), 'bottom_right': (6, 18)}]"
20,16,15,13,6,"[(16, 15), (15, 15), (14, 15), (14, 14), (14, 13), (14, 12), (14, 11), (13, 11), (13, 10), (13, 9), (13, 8), (13, 7), (13, 6)]","[{'top_left': (15, 0), 'bottom_right': (18, 3)}, {'top_left': (10, 12), 'bottom_right': (13, 15)}, {'top_left': (3, 15), 'bottom_right': (6, 18)}]"
20,13,12,8,19,"[(13, 12), (12, 12), (11, 12), (10, 12), (9, 12), (8, 12), (8, 13), (8, 14), (8, 15), (8, 16), (8, 17), (8, 18), (8, 19)]","[{'top_left': (11, 2), 'bottom_right': (14, 5)}, {'top_left': (9, 16), 'bottom_right': (12, 19)}, {'top_left': (10, 6), 'bottom_right': (13, 9)}]"
20,16,14,17,5,"[(16, 14), (16, 13), (16, 12), (16, 11), (16, 10), (16, 9), (16, 8), (16, 7), (16, 6), (16, 5), (17, 5)]","[{'top_left': (11, 2), 'bottom_right': (14, 5)}, {'top_left': (9, 16), 'bottom_right': (12, 19)}, {'top_left': (10, 6), 'bottom_right': (13, 9)}]"
20,9,5,8,19,"[(9, 5), (8, 5), (8, 6), (8, 7), (8, 8), (8, 9), (8, 10), (8, 11), (8, 12), (8, 13), (8, 14), (8, 15), (8, 16), (8, 17), (8, 18), (8, 19)]","[{'top_left': (11, 2), 'bottom_right': (14, 5)}, {'top_left': (9, 16), 'bottom_right': (12, 19)}, {'top_left': (10, 6), 'bottom_right': (13, 9)}]"
20,7,12,7,3,"[(7, 12), (7, 11), (7, 10), (7, 9), (7, 8), (7, 7), (7, 6), (7, 5), (7, 4), (7, 3)]","[{'top_left': (11, 2), 'bottom_right': (14, 5)}, {'top_left': (9, 16), 'bottom_right': (12, 19)}, {'top_left': (10, 6), 'bottom_right': (13, 9)}]"
20,13,13,1,6,"[(13, 13), (12, 13), (11, 13), (10, 13), (9, 13), (8, 13), (7, 13), (6, 13), (5, 13), (4, 13), (3, 13), (2, 13), (1, 13), (1, 12), (1, 11), (1, 10), (1, 9), (1, 8), (1, 7), (1, 6)]","[{'top_left': (11, 2), 'bottom_right': (14, 5)}, {'top_left': (9, 16), 'bottom_right': (12, 19)}, {'top_left': (10, 6), 'bottom_right': (13, 9)}]"
20,1,2,10,19,"[(1, 2), (1, 3), (1, 4), (1, 5), (1, 6), (1, 7), (1, 8), (1, 9), (1, 10), (1, 11), (1, 12), (1, 13), (1, 14), (1, 15), (1, 16), (1, 17), (1, 18), (1, 19), (2, 19), (3, 19), (4, 19), (5, 19), (6, 19), (7, 19), (8, 19), (9, 19), (10, 19)]","[{'top_left': (5, 8), 'bottom_right': (8, 11)}, {'top_left': (4, 0), 'bottom_right': (7, 3)}, {'top_left': (15, 0), 'bottom_right': (18, 3)}]"
20,9,2,13,11,"[(9, 2), (9, 3), (9, 4), (9, 5), (9, 6), (9, 7), (9, 8), (9, 9), (9, 10), (9, 11), (10, 11), (11, 11), (12, 11), (13, 11)]","[{'top_left': (5, 8), 'bottom_right': (8, 11)}, {'top_left': (4, 0), 'bottom_right': (7, 3)}, {'top_left': (15, 0), 'bottom_right': (18, 3)}]"
20,16,18,16,8,"[(16, 18), (16, 17), (16, 16), (16, 15), (16, 14), (16, 13), (16, 12), (16, 11), (16, 10), (16, 9), (16, 8)]","[{'top_left': (5, 8), 'bottom_right': (8, 11)}, {'top_left': (4, 0), 'bottom_right': (7, 3)}, {'top_left': (15, 0), 'bottom_right': (18, 3)}]"
20,3,10,10,18,"[(3, 10), (3, 11), (3, 12), (3, 13), (3, 14), (3, 15), (3, 16), (3, 17), (3, 18), (4, 18), (5, 18), (6, 18), (7, 18), (8, 18), (9, 18), (10, 18)]","[{'top_left': (5, 8), 'bottom_right': (8, 11)}, {'top_left': (4, 0), 'bottom_right': (7, 3)}, {'top_left': (15, 0), 'bottom_right': (18, 3)}]"
20,11,3,10,17,"[(11, 3), (10, 3), (10, 4), (10, 5), (10, 6), (10, 7), (10, 8), (10, 9), (10, 10), (10, 11), (10, 12), (10, 13), (10, 14), (10, 15), (10, 16), (10, 17)]","[{'top_left': (5, 8), 'bottom_right': (8, 11)}, {'top_left': (4, 0), 'bottom_right': (7, 3)}, {'top_left': (15, 0), 'bottom_right': (18, 3)}]"
20,9,0,19,1,"[(9, 0), (9, 1), (10, 1), (11, 1), (12, 1), (13, 1), (14, 1), (15, 1), (16, 1), (17, 1), (18, 1), (19, 1)]","[{'top_left': (13, 15), 'bottom_right': (16, 18)}, {'top_left': (7, 8), 'bottom_right': (10, 11)}, {'top_left': (15, 11), 'bottom_right': (18, 14)}]"
20,1,7,8,17,"[(1, 7), (1, 8), (1, 9), (1, 10), (1, 11), (1, 12), (1, 13), (1, 14), (1, 15), (1, 16), (1, 17), (2, 17), (3, 17), (4, 17), (5, 17), (6, 17), (7, 17), (8, 17)]","[{'top_left': (13, 15), 'bottom_right': (16, 18)}, {'top_left': (7, 8), 'bottom_right': (10, 11)}, {'top_left': (15, 11), 'bottom_right': (18, 14)}]"
20,3,5,8,16,"[(3, 5), (3, 6), (3, 7), (3, 8), (3, 9), (3, 10), (3, 11), (3, 12), (3, 13), (3, 14), (3, 15), (3, 16), (4, 16), (5, 16), (6, 16), (7, 16), (8, 16)]","[{'top_left': (13, 15), 'bottom_right': (16, 18)}, {'top_left': (7, 8), 'bottom_right': (10, 11)}, {'top_left': (15, 11), 'bottom_right': (18, 14)}]"
20,2,11,13,19,"[(2, 11), (2, 12), (2, 13), (2, 14), (2, 15), (2, 16), (2, 17), (2, 18), (2, 19), (3, 19), (4, 19), (5, 19), (6, 19), (7, 19), (8, 19), (9, 19), (10, 19), (11, 19), (12, 19), (13, 19)]","[{'top_left': (13, 15), 'bottom_right': (16, 18)}, {'top_left': (7, 8), 'bottom_right': (10, 11)}, {'top_left': (15, 11), 'bottom_right': (18, 14)}]"
20,17,10,14,0,"[(17, 10), (16, 10), (15, 10), (14, 10), (14, 9), (14, 8), (14, 7), (14, 6), (14, 5), (14, 4), (14, 3), (14, 2), (14, 1), (14, 0)]","[{'top_left': (13, 15), 'bottom_right': (16, 18)}, {'top_left': (7, 8), 'bottom_right': (10, 11)}, {'top_left': (15, 11), 'bottom_right': (18, 14)}]"
20,6,9,10,18,"[(6, 9), (6, 10), (6, 11), (6, 12), (6, 13), (6, 14), (6, 15), (6, 16), (6, 17), (6, 18), (7, 18), (8, 18), (9, 18), (10, 18)]","[{'top_left': (1, 5), 'bottom_right': (4, 8)}, {'top_left': (14, 4), 'bottom_right': (17, 7)}, {'top_left': (0, 12), 'bottom_right': (3, 15)}]"
20,8,5,18,10,"[(8, 5), (8, 6), (8, 7), (8, 8), (8, 9), (8, 10), (9, 10), (10, 10), (11, 10), (12, 10), (13, 10), (14, 10), (15, 10), (16, 10), (17, 10), (18, 10)]","[{'top_left': (1, 5), 'bottom_right': (4, 8)}, {'top_left': (14, 4), 'bottom_right': (17, 7)}, {'top_left': (0, 12), 'bottom_right': (3, 15)}]"
20,18,7,0,0,"[(18, 7), (18, 6), (18, 5), (18, 4), (18, 3), (17, 3), (16, 3), (15, 3), (14, 3), (13, 3), (12, 3), (11, 3), (10, 3), (9, 3), (8, 3), (7, 3), (6, 3), (5, 3), (4, 3), (3, 3), (2, 3), (1, 3), (0, 3), (0, 2), (0, 1), (0, 0)]","[{'top_left': (1, 5), 'bottom_right': (4, 8)}, {'top_left': (14, 4), 'bottom_right': (17, 7)}, {'top_left': (0, 12), 'bottom_right': (3, 15)}]"
20,17,19,7,2,"[(17, 19), (16, 19), (15, 19), (14, 19), (13, 19), (12, 19), (11, 19), (10, 19), (9, 19), (8, 19), (7, 19), (7, 18), (7, 17), (7, 16), (7, 15), (7, 14), (7, 13), (7, 12), (7, 11), (7, 10), (7, 9), (7, 8), (7, 7), (7, 6), (7, 5), (7, 4), (7, 3), (7, 2)]","[{'top_left': (1, 5), 'bottom_right': (4, 8)}, {'top_left': (14, 4), 'bottom_right': (17, 7)}, {'top_left': (0, 12), 'bottom_right': (3, 15)}]"
20,19,8,4,2,"[(19, 8), (18, 8), (17, 8), (16, 8), (15, 8), (14, 8), (13, 8), (12, 8), (11, 8), (10, 8), (9, 8), (8, 8), (7, 8), (6, 8), (5, 8), (5, 7), (5, 6), (5, 5), (5, 4), (4, 4), (4, 3), (4, 2)]","[{'top_left': (1, 5), 'bottom_right': (4, 8)}, {'top_left': (14, 4), 'bottom_right': (17, 7)}, {'top_left': (0, 12), 'bottom_right': (3, 15)}]"
20,14,15,3,7,"[(14, 15), (13, 15), (12, 15), (11, 15), (10, 15), (9, 15), (8, 15), (7, 15), (6, 15), (5, 15), (4, 15), (3, 15), (3, 14), (3, 13), (3, 12), (3, 11), (3, 10), (3, 9), (3, 8), (3, 7)]","[{'top_left': (11, 5), 'bottom_right': (14, 8)}, {'top_left': (3, 0), 'bottom_right': (6, 3)}, {'top_left': (16, 13), 'bottom_right': (19, 16)}]"
20,15,12,4,13,"[(15, 12), (14, 12), (13, 12), (12, 12), (11, 12), (10, 12), (9, 12), (8, 12), (7, 12), (6, 12), (5, 12), (4, 12), (4, 13)]","[{'top_left': (11, 5), 'bottom_right': (14, 8)}, {'top_left': (3, 0), 'bottom_right': (6, 3)}, {'top_left': (16, 13), 'bottom_right': (19, 16)}]"
20,6,19,6,9,"[(6, 19), (6, 18), (6, 17), (6, 16), (6, 15), (6, 14), (6, 13), (6, 12), (6, 11), (6, 10), (6, 9)]","[{'top_left': (11, 5), 'bottom_right': (14, 8)}, {'top_left': (3, 0), 'bottom_right': (6, 3)}, {'top_left': (16, 13), 'bottom_right': (19, 16)}]"
20,11,18,14,2,"[(11, 18), (10, 18), (10, 17), (10, 16), (10, 15), (10, 14), (10, 13), (10, 12), (10, 11), (10, 10), (10, 9), (10, 8), (10, 7), (10, 6), (10, 5), (10, 4), (10, 3), (10, 2), (11, 2), (12, 2), (13, 2), (14, 2)]","[{'top_left': (11, 5), 'bottom_right': (14, 8)}, {'top_left': (3, 0), 'bottom_right': (6, 3)}, {'top_left': (16, 13), 'bottom_right': (19, 16)}]"
20,19,8,2,3,"[(19, 8), (18, 8), (17, 8), (16, 8), (15, 8), (15, 7), (15, 6), (15, 5), (15, 4), (14, 4), (13, 4), (12, 4), (11, 4), (10, 4), (9, 4), (8, 4), (7, 4), (6, 4), (5, 4), (4, 4), (3, 4), (2, 4), (2, 3)]","[{'top_left': (11, 5), 'bottom_right': (14, 8)}, {'top_left': (3, 0), 'bottom_right': (6, 3)}, {'top_left': (16, 13), 'bottom_right': (19, 16)}]"
20,19,19,1,0,"[(19, 19), (18, 19), (17, 19), (16, 19), (15, 19), (14, 19), (13, 19), (12, 19), (11, 19), (10, 19), (9, 19), (8, 19), (7, 19), (6, 19), (5, 19), (5, 18), (5, 17), (5, 16), (5, 15), (5, 14), (5, 13), (5, 12), (5, 11), (5, 10), (5, 9), (5, 8), (5, 7), (5, 6), (5, 5), (5, 4), (5, 3), (5, 2), (5, 1), (5, 0), (4, 0), (3, 0), (2, 0), (1, 0)]","[{'top_left': (1, 1), 'bottom_right': (4, 4)}, {'top_left': (10, 7), 'bottom_right': (13, 10)}, {'top_left': (15, 11), 'bottom_right': (18, 14)}]"
20,8,16,19,12,"[(8, 16), (8, 15), (9, 15), (10, 15), (11, 15), (12, 15), (13, 15), (14, 15), (15, 15), (16, 15), (17, 15), (18, 15), (19, 15), (19, 14), (19, 13), (19, 12)]","[{'top_left': (1, 1), 'bottom_right': (4, 4)}, {'top_left': (10, 7), 'bottom_right': (13, 10)}, {'top_left': (15, 11), 'bottom_right': (18, 14)}]"
20,9,12,11,4,"[(9, 12), (9, 11), (9, 10), (9, 9), (9, 8), (9, 7), (9, 6), (9, 5), (9, 4), (10, 4), (11, 4)]","[{'top_left': (1, 1), 'bottom_right': (4, 4)}, {'top_left': (10, 7), 'bottom_right': (13, 10)}, {'top_left': (15, 11), 'bottom_right': (18, 14)}]"
20,8,5,16,15,"[(8, 5), (8, 6), (8, 7), (8, 8), (8, 9), (8, 10), (8, 11), (8, 12), (8, 13), (8, 14), (8, 15), (9, 15), (10, 15), (11, 15), (12, 15), (13, 15), (14, 15), (15, 15), (16, 15)]","[{'top_left': (1, 1), 'bottom_right': (4, 4)}, {'top_left': (10, 7), 'bottom_right': (13, 10)}, {'top_left': (15, 11), 'bottom_right': (18, 14)}]"
20,10,16,13,4,"[(10, 16), (9, 16), (9, 15), (9, 14), (9, 13), (9, 12), (9, 11), (9, 10), (9, 9), (9, 8), (9, 7), (9, 6), (9, 5), (9, 4), (10, 4), (11, 4), (12, 4), (13, 4)]","[{'top_left': (1, 1), 'bottom_right': (4, 4)}, {'top_left': (10, 7), 'bottom_right': (13, 10)}, {'top_left': (15, 11), 'bottom_right': (18, 14)}]"
20,13,9,8,19,"[(13, 9), (12, 9), (12, 10), (12, 11), (12, 12), (12, 13), (12, 14), (12, 15), (11, 15), (10, 15), (9, 15), (8, 15), (8, 16), (8, 17), (8, 18), (8, 19)]","[{'top_left': (8, 3), 'bottom_right': (11, 6)}, {'top_left': (4, 15), 'bottom_right': (7, 18)}, {'top_left': (8, 11), 'bottom_right': (11, 14)}]"
20,5,10,15,4,"[(5, 10), (5, 9), (5, 8), (5, 7), (6, 7), (7, 7), (8, 7), (9, 7), (10, 7), (11, 7), (12, 7), (12, 6), (12, 5), (12, 4), (13, 4), (14, 4), (15, 4)]","[{'top_left': (8, 3), 'bottom_right': (11, 6)}, {'top_left': (4, 15), 'bottom_right': (7, 18)}, {'top_left': (8, 11), 'bottom_right': (11, 14)}]"
20,17,14,1,6,"[(17, 14), (16, 14), (15, 14), (14, 14), (13, 14), (12, 14), (12, 13), (12, 12), (12, 11), (12, 10), (11, 10), (10, 10), (9, 10), (8, 10), (7, 10), (6, 10), (5, 10), (4, 10), (3, 10), (2, 10), (1, 10), (1, 9), (1, 8), (1, 7), (1, 6)]","[{'top_left': (8, 3), 'bottom_right': (11, 6)}, {'top_left': (4, 15), 'bottom_right': (7, 18)}, {'top_left': (8, 11), 'bottom_right': (11, 14)}]"
20,14,13,3,15,"[(14, 13), (13, 13), (12, 13), (12, 12), (12, 11), (12, 10), (11, 10), (10, 10), (9, 10), (8, 10), (7, 10), (6, 10), (5, 10), (4, 10), (3, 10), (3, 11), (3, 12), (3, 13), (3, 14), (3, 15)]","[{'top_left': (8, 3), 'bottom_right': (11, 6)}, {'top_left': (4, 15), 'bottom_right': (7, 18)}, {'top_left': (8, 11), 'bottom_right': (11, 14)}]"
20,1,14,11,17,"[(1, 14), (1, 15), (1, 16), (1, 17), (1, 18), (1, 19), (2, 19), (3, 19), (4, 19), (5, 19), (6, 19), (7, 19), (8, 19), (8, 18), (8, 17), (9, 17), (10, 17), (11, 17)]","[{'top_left': (8, 3), 'bottom_right': (11, 6)}, {'top_left': (4, 15), 'bottom_right': (7, 18)}, {'top_left': (8, 11), 'bottom_right': (11, 14)}]"
20,11,2,6,9,"[(11, 2), (10, 2), (9, 2), (8, 2), (8, 3), (8, 4), (8, 5), (8, 6), (8, 7), (7, 7), (6, 7), (6, 8), (6, 9)]","[{'top_left': (15, 14), 'bottom_right': (18, 17)}, {'top_left': (15, 3), 'bottom_right': (18, 6)}, {'top_left': (4, 3), 'bottom_right': (7, 6)}]"
20,18,18,6,18,"[(18, 18), (17, 18), (16, 18), (15, 18), (14, 18), (13, 18), (12, 18), (11, 18), (10, 18), (9, 18), (8, 18), (7, 18), (6, 18)]","[{'top_left': (15, 14), 'bottom_right': (18, 17)}, {'top_left': (15, 3), 'bottom_right': (18, 6)}, {'top_left': (4, 3), 'bottom_right': (7, 6)}]"
20,13,2,7,15,"[(13, 2), (12, 2), (11, 2), (10, 2), (9, 2), (8, 2), (8, 3), (8, 4), (8, 5), (8, 6), (8, 7), (7, 7), (7, 8), (7, 9), (7, 10), (7, 11), (7, 12), (7, 13), (7, 14), (7, 15)]","[{'top_left': (15, 14), 'bottom_right': (18, 17)}, {'top_left': (15, 3), 'bottom_right': (18, 6)}, {'top_left': (4, 3), 'bottom_right': (7, 6)}]"
20,3,12,11,18,"[(3, 12), (3, 13), (3, 14), (3, 15), (3, 16), (3, 17), (3, 18), (4, 18), (5, 18), (6, 18), (7, 18), (8, 18), (9, 18), (10, 18), (11, 18)]","[{'top_left': (15, 14), 'bottom_right': (18, 17)}, {'top_left': (15, 3), 'bottom_right': (18, 6)}, {'top_left': (4, 3), 'bottom_right': (7, 6)}]"
20,3,10,4,0,"[(3, 10), (3, 9), (3, 8), (3, 7), (3, 6), (3, 5), (3, 4), (3, 3), (3, 2), (3, 1), (3, 0), (4, 0)]","[{'top_left': (15, 14), 'bottom_right': (18, 17)}, {'top_left': (15, 3), 'bottom_right': (18, 6)}, {'top_left': (4, 3), 'bottom_right': (7, 6)}]"
20,10,18,4,6,"[(10, 18), (9, 18), (8, 18), (7, 18), (6, 18), (6, 17), (6, 16), (6, 15), (6, 14), (6, 13), (5, 13), (4, 13), (4, 12), (4, 11), (4, 10), (4, 9), (4, 8), (4, 7), (4, 6)]","[{'top_left': (2, 14), 'bottom_right': (5, 17)}, {'top_left': (15, 14), 'bottom_right': (18, 17)}, {'top_left': (8, 0), 'bottom_right': (11, 3)}]"
20,2,12,8,5,"[(2, 12), (2, 11), (2, 10), (2, 9), (2, 8), (2, 7), (2, 6), (2, 5), (3, 5), (4, 5), (5, 5), (6, 5), (7, 5), (8, 5)]","[{'top_left': (2, 14), 'bottom_right': (5, 17)}, {'top_left': (15, 14), 'bottom_right': (18, 17)}, {'top_left': (8, 0), 'bottom_right': (11, 3)}]"
20,7,12,2,0,"[(7, 12), (6, 12), (5, 12), (4, 12), (3, 12), (2, 12), (2, 11), (2, 10), (2, 9), (2, 8), (2, 7), (2, 6), (2, 5), (2, 4), (2, 3), (2, 2), (2, 1), (2, 0)]","[{'top_left': (2, 14), 'bottom_right': (5, 17)}, {'top_left': (15, 14), 'bottom_right': (18, 17)}, {'top_left': (8, 0), 'bottom_right': (11, 3)}]"
20,6,5,12,12,"[(6, 5), (6, 6), (6, 7), (6, 8), (6, 9), (6, 10), (6, 11), (6, 12), (7, 12), (8, 12), (9, 12), (10, 12), (11, 12), (12, 12)]","[{'top_left': (2, 14), 'bottom_right': (5, 17)}, {'top_left': (15, 14), 'bottom_right': (18, 17)}, {'top_left': (8, 0), 'bottom_right': (11, 3)}]"
20,15,13,9,19,"[(15, 13), (14, 13), (13, 13), (12, 13), (11, 13), (10, 13), (9, 13), (9, 14), (9, 15), (9, 16), (9, 17), (9, 18), (9, 19)]","[{'top_left': (2, 14), 'bottom_right': (5, 17)}, {'top_left': (15, 14), 'bottom_right': (18, 17)}, {'top_left': (8, 0), 'bottom_right': (11, 3)}]"
20,19,13,2,13,"[(19, 13), (18, 13), (17, 13), (16, 13), (15, 13), (14, 13), (13, 13), (12, 13), (11, 13), (10, 13), (9, 13), (8, 13), (8, 14), (8, 15), (7, 15), (6, 15), (5, 15), (4, 15), (3, 15), (2, 15), (2, 14), (2, 13)]","[{'top_left': (4, 11), 'bottom_right': (7, 14)}, {'top_left': (16, 6), 'bottom_right': (19, 9)}, {'top_left': (15, 14), 'bottom_right': (18, 17)}]"
20,13,2,1,16,"[(13, 2), (12, 2), (11, 2), (10, 2), (9, 2), (8, 2), (7, 2), (6, 2), (5, 2), (4, 2), (3, 2), (2, 2), (1, 2), (1, 3), (1, 4), (1, 5), (1, 6), (1, 7), (1, 8), (1, 9), (1, 10), (1, 11), (1, 12), (1, 13), (1, 14), (1, 15), (1, 16)]","[{'top_left': (4, 11), 'bottom_right': (7, 14)}, {'top_left': (16, 6), 'bottom_right': (19, 9)}, {'top_left': (15, 14), 'bottom_right': (18, 17)}]"
20,10,14,7,4,"[(10, 14), (9, 14), (8, 14), (8, 13), (8, 12), (8, 11), (8, 10), (7, 10), (7, 9), (7, 8), (7, 7), (7, 6), (7, 5), (7, 4)]","[{'top_left': (4, 11), 'bottom_right': (7, 14)}, {'top_left': (16, 6), 'bottom_right': (19, 9)}, {'top_left': (15, 14), 'bottom_right': (18, 17)}]"
20,9,14,13,2,"[(9, 14), (9, 13), (9, 12), (9, 11), (9, 10), (9, 9), (9, 8), (9, 7), (9, 6), (9, 5), (9, 4), (9, 3), (9, 2), (10, 2), (11, 2), (12, 2), (13, 2)]","[{'top_left': (4, 11), 'bottom_right': (7, 14)}, {'top_left': (16, 6), 'bottom_right': (19, 9)}, {'top_left': (15, 14), 'bottom_right': (18, 17)}]"
20,15,9,4,4,"[(15, 9), (14, 9), (13, 9), (12, 9), (11, 9), (10, 9), (9, 9), (8, 9), (7, 9), (6, 9), (5, 9), (4, 9), (4, 8), (4, 7), (4, 6), (4, 5), (4, 4)]","[{'top_left': (4, 11), 'bottom_right': (7, 14)}, {'top_left': (16, 6), 'bottom_right': (19, 9)}, {'top_left': (15, 14), 'bottom_right': (18, 17)}]"
20,17,2,1,16,"[(17, 2), (16, 2), (15, 2), (14, 2), (13, 2), (13, 3), (13, 4), (13, 5), (12, 5), (11, 5), (10, 5), (9, 5), (8, 5), (7, 5), (6, 5), (5, 5), (4, 5), (3, 5), (2, 5), (1, 5), (1, 6), (1, 7), (1, 8), (1, 9), (1, 10), (1, 11), (1, 12), (1, 13), (1, 14), (1, 15), (1, 16)]","[{'top_left': (9, 7), 'bottom_right': (12, 10)}, {'top_left': (16, 13), 'bottom_right': (19, 16)}, {'top_left': (9, 1), 'bottom_right': (12, 4)}]"
20,3,16,13,13,"[(3, 16), (3, 15), (3, 14), (3, 13), (4, 13), (5, 13), (6, 13), (7, 13), (8, 13), (9, 13), (10, 13), (11, 13), (12, 13), (13, 13)]","[{'top_left': (9, 7), 'bottom_right': (12, 10)}, {'top_left': (16, 13), 'bottom_right': (19, 16)}, {'top_left': (9, 1), 'bottom_right': (12, 4)}]"
20,3,14,18,8,"[(3, 14), (3, 13), (3, 12), (3, 11), (4, 11), (5, 11), (6, 11), (7, 11), (8, 11), (9, 11), (10, 11), (11, 11), (12, 11), (13, 11), (13, 10), (13, 9), (13, 8), (14, 8), (15, 8), (16, 8), (17, 8), (18, 8)]","[{'top_left': (9, 7), 'bottom_right': (12, 10)}, {'top_left': (16, 13), 'bottom_right': (19, 16)}, {'top_left': (9, 1), 'bottom_right': (12, 4)}]"
20,16,0,3,14,"[(16, 0), (15, 0), (14, 0), (13, 0), (12, 0), (11, 0), (10, 0), (9, 0), (8, 0), (7, 0), (6, 0), (5, 0), (4, 0), (3, 0), (3, 1), (3, 2), (3, 3), (3, 4), (3, 5), (3, 6), (3, 7), (3, 8), (3, 9), (3, 10), (3, 11), (3, 12), (3, 13), (3, 14)]","[{'top_left': (9, 7), 'bottom_right': (12, 10)}, {'top_left': (16, 13), 'bottom_right': (19, 16)}, {'top_left': (9, 1), 'bottom_right': (12, 4)}]"
20,5,2,19,8,"[(5, 2), (5, 3), (5, 4), (5, 5), (5, 6), (6, 6), (7, 6), (8, 6), (9, 6), (10, 6), (11, 6), (12, 6), (13, 6), (13, 7), (13, 8), (14, 8), (15, 8), (16, 8), (17, 8), (18, 8), (19, 8)]","[{'top_left': (9, 7), 'bottom_right': (12, 10)}, {'top_left': (16, 13), 'bottom_right': (19, 16)}, {'top_left': (9, 1), 'bottom_right': (12, 4)}]"
20,0,5,15,14,"[(0, 5), (0, 6), (0, 7), (0, 8), (0, 9), (0, 10), (0, 11), (0, 12), (1, 12), (2, 12), (3, 12), (4, 12), (5, 12), (6, 12), (7, 12), (7, 13), (7, 14), (8, 14), (9, 14), (10, 14), (11, 14), (12, 14), (13, 14), (14, 14), (15, 14)]","[{'top_left': (3, 13), 'bottom_right': (6, 16)}, {'top_left': (0, 0), 'bottom_right': (3, 3)}, {'top_left': (12, 3), 'bottom_right': (15, 6)}]"
20,12,19,15,9,"[(12, 19), (12, 18), (12, 17), (12, 16), (12, 15), (12, 14), (12, 13), (12, 12), (12, 11), (12, 10), (12, 9), (13, 9), (14, 9), (15, 9)]","[{'top_left': (3, 13), 'bottom_right': (6, 16)}, {'top_left': (0, 0), 'bottom_right': (3, 3)}, {'top_left': (12, 3), 'bottom_right': (15, 6)}]"
20,19,19,11,12,"[(19, 19), (18, 19), (17, 19), (16, 19), (15, 19), (14, 19), (13, 19), (12, 19), (11, 19), (11, 18), (11, 17), (11, 16), (11, 15), (11, 14), (11, 13), (11, 12)]","[{'top_left': (3, 13), 'bottom_right': (6, 16)}, {'top_left': (0, 0), 'bottom_right': (3, 3)}, {'top_left': (12, 3), 'bottom_right': (15, 6)}]"
20,4,7,13,17,"[(4, 7), (4, 8), (4, 9), (4, 10), (4, 11), (4, 12), (5, 12), (6, 12), (7, 12), (7, 13), (7, 14), (7, 15), (7, 16), (7, 17), (8, 17), (9, 17), (10, 17), (11, 17), (12, 17), (13, 17)]","[{'top_left': (3, 13), 'bottom_right': (6, 16)}, {'top_left': (0, 0), 'bottom_right': (3, 3)}, {'top_left': (12, 3), 'bottom_right': (15, 6)}]"
20,6,2,9,14,"[(6, 2), (6, 3), (6, 4), (6, 5), (6, 6), (6, 7), (6, 8), (6, 9), (6, 10), (6, 11), (6, 12), (7, 12), (7, 13), (7, 14), (8, 14), (9, 14)]","[{'top_left': (3, 13), 'bottom_right': (6, 16)}, {'top_left': (0, 0), 'bottom_right': (3, 3)}, {'top_left': (12, 3), 'bottom_right': (15, 6)}]"
20,4,14,15,15,"[(4, 14), (5, 14), (6, 14), (7, 14), (8, 14), (8, 15), (9, 15), (10, 15), (11, 15), (12, 15), (13, 15), (14, 15), (15, 15)]","[{'top_left': (4, 15), 'bottom_right': (7, 18)}, {'top_left': (13, 0), 'bottom_right': (16, 3)}, {'top_left': (3, 5), 'bottom_right': (6, 8)}]"
20,0,14,18,7,"[(0, 14), (0, 13), (0, 12), (0, 11), (0, 10), (0, 9), (1, 9), (2, 9), (3, 9), (4, 9), (5, 9), (6, 9), (7, 9), (7, 8), (7, 7), (8, 7), (9, 7), (10, 7), (11, 7), (12, 7), (13, 7), (14, 7), (15, 7), (16, 7), (17, 7), (18, 7)]","[{'top_left': (4, 15), 'bottom_right': (7, 18)}, {'top_left': (13, 0), 'bottom_right': (16, 3)}, {'top_left': (3, 5), 'bottom_right': (6, 8)}]"
20,6,9,18,12,"[(6, 9), (6, 10), (6, 11), (6, 12), (7, 12), (8, 12), (9, 12), (10, 12), (11, 12), (12, 12), (13, 12), (14, 12), (15, 12), (16, 12), (17, 12), (18, 12)]","[{'top_left': (4, 15), 'bottom_right': (7, 18)}, {'top_left': (13, 0), 'bottom_right': (16, 3)}, {'top_left': (3, 5), 'bottom_right': (6, 8)}]"
20,19,17,9,1,"[(19, 17), (18, 17), (17, 17), (16, 17), (15, 17), (14, 17), (13, 17), (12, 17), (11, 17), (10, 17), (9, 17), (9, 16), (9, 15), (9, 14), (9, 13), (9, 12), (9, 11), (9, 10), (9, 9), (9, 8), (9, 7), (9, 6), (9, 5), (9, 4), (9, 3), (9, 2), (9, 1)]","[{'top_left': (4, 15), 'bottom_right': (7, 18)}, {'top_left': (13, 0), 'bottom_right': (16, 3)}, {'top_left': (3, 5), 'bottom_right': (6, 8)}]"
20,18,19,15,7,"[(18, 19), (17, 19), (16, 19), (15, 19), (15, 18), (15, 17), (15, 16), (15, 15), (15, 14), (15, 13), (15, 12), (15, 11), (15, 10), (15, 9), (15, 8), (15, 7)]","[{'top_left': (4, 15), 'bottom_right': (7, 18)}, {'top_left': (13, 0), 'bottom_right': (16, 3)}, {'top_left': (3, 5), 'bottom_right': (6, 8)}]"
20,15,3,15,19,"[(15, 3), (15, 4), (15, 5), (15, 6), (15, 7), (15, 8), (15, 9), (15, 10), (15, 11), (15, 12), (15, 13), (15, 14), (15, 15), (15, 16), (15, 17), (15, 18), (15, 19)]","[{'top_left': (1, 16), 'bottom_right': (4, 19)}, {'top_left': (10, 2), 'bottom_right': (13, 5)}, {'top_left': (8, 13), 'bottom_right': (11, 16)}]"
20,14,4,9,12,"[(14, 4), (14, 5), (14, 6), (13, 6), (12, 6), (11, 6), (10, 6), (9, 6), (9, 7), (9, 8), (9, 9), (9, 10), (9, 11), (9, 12)]","[{'top_left': (1, 16), 'bottom_right': (4, 19)}, {'top_left': (10, 2), 'bottom_right': (13, 5)}, {'top_left': (8, 13), 'bottom_right': (11, 16)}]"
20,19,6,9,2,"[(19, 6), (18, 6), (17, 6), (16, 6), (15, 6), (14, 6), (13, 6), (12, 6), (11, 6), (10, 6), (9, 6), (9, 5), (9, 4), (9, 3), (9, 2)]","[{'top_left': (1, 16), 'bottom_right': (4, 19)}, {'top_left': (10, 2), 'bottom_right': (13, 5)}, {'top_left': (8, 13), 'bottom_right': (11, 16)}]"
20,15,4,5,6,"[(15, 4), (14, 4), (14, 5), (14, 6), (13, 6), (12, 6), (11, 6), (10, 6), (9, 6), (8, 6), (7, 6), (6, 6), (5, 6)]","[{'top_left': (1, 16), 'bottom_right': (4, 19)}, {'top_left': (10, 2), 'bottom_right': (13, 5)}, {'top_left': (8, 13), 'bottom_right': (11, 16)}]"
20,5,19,15,3,"[(5, 19), (5, 18), (5, 17), (5, 16), (5, 15), (5, 14), (5, 13), (5, 12), (5, 11), (5, 10), (5, 9), (5, 8), (5, 7), (5, 6), (6, 6), (7, 6), (8, 6), (9, 6), (10, 6), (11, 6), (12, 6), (13, 6), (14, 6), (14, 5), (14, 4), (14, 3), (15, 3)]","[{'top_left': (1, 16), 'bottom_right': (4, 19)}, {'top_left': (10, 2), 'bottom_right': (13, 5)}, {'top_left': (8, 13), 'bottom_right': (11, 16)}]"
20,5,5,16,1,"[(5, 5), (6, 5), (7, 5), (8, 5), (9, 5), (10, 5), (10, 4), (10, 3), (10, 2), (10, 1), (11, 1), (12, 1), (13, 1), (14, 1), (15, 1), (16, 1)]","[{'top_left': (13, 15), 'bottom_right': (16, 18)}, {'top_left': (9, 7), 'bottom_right': (12, 10)}, {'top_left': (6, 1), 'bottom_right': (9, 4)}]"
20,2,10,13,3,"[(2, 10), (2, 9), (2, 8), (2, 7), (2, 6), (2, 5), (3, 5), (4, 5), (5, 5), (6, 5), (7, 5), (8, 5), (9, 5), (10, 5), (10, 4), (10, 3), (11, 3), (12, 3), (13, 3)]","[{'top_left': (13, 15), 'bottom_right': (16, 18)}, {'top_left': (9, 7), 'bottom_right': (12, 10)}, {'top_left': (6, 1), 'bottom_right': (9, 4)}]"
20,19,7,3,17,"[(19, 7), (18, 7), (17, 7), (16, 7), (15, 7), (14, 7), (13, 7), (13, 8), (13, 9), (13, 10), (13, 11), (12, 11), (11, 11), (10, 11), (9, 11), (8, 11), (7, 11), (6, 11), (5, 11), (4, 11), (3, 11), (3, 12), (3, 13), (3, 14), (3, 15), (3, 16), (3, 17)]","[{'top_left': (13, 15), 'bottom_right': (16, 18)}, {'top_left': (9, 7), 'bottom_right': (12, 10)}, {'top_left': (6, 1), 'bottom_right': (9, 4)}]"
20,11,1,17,8,"[(11, 1), (11, 2), (11, 3), (11, 4), (11, 5), (11, 6), (12, 6), (13, 6), (13, 7), (13, 8), (14, 8), (15, 8), (16, 8), (17, 8)]","[{'top_left': (13, 15), 'bottom_right': (16, 18)}, {'top_left': (9, 7), 'bottom_right': (12, 10)}, {'top_left': (6, 1), 'bottom_right': (9, 4)}]"
20,4,16,19,3,"[(4, 16), (4, 15), (4, 14), (4, 13), (4, 12), (4, 11), (4, 10), (4, 9), (4, 8), (4, 7), (4, 6), (4, 5), (5, 5), (6, 5), (7, 5), (8, 5), (9, 5), (10, 5), (10, 4), (10, 3), (11, 3), (12, 3), (13, 3), (14, 3), (15, 3), (16, 3), (17, 3), (18, 3), (19, 3)]","[{'top_left': (13, 15), 'bottom_right': (16, 18)}, {'top_left': (9, 7), 'bottom_right': (12, 10)}, {'top_left': (6, 1), 'bottom_right': (9, 4)}]"
20,5,9,14,16,"[(5, 9), (5, 10), (5, 11), (5, 12), (5, 13), (5, 14), (5, 15), (5, 16), (6, 16), (7, 16), (8, 16), (9, 16), (10, 16), (11, 16), (12, 16), (13, 16), (14, 16)]","[{'top_left': (1, 14), 'bottom_right': (4, 17)}, {'top_left': (14, 3), 'bottom_right': (17, 6)}, {'top_left': (3, 3), 'bottom_right': (6, 6)}]"
20,14,13,0,7,"[(14, 13), (13, 13), (12, 13), (11, 13), (10, 13), (9, 13), (8, 13), (7, 13), (6, 13), (5, 13), (4, 13), (3, 13), (2, 13), (1, 13), (0, 13), (0, 12), (0, 11), (0, 10), (0, 9), (0, 8), (0, 7)]","[{'top_left': (1, 14), 'bottom_right': (4, 17)}, {'top_left': (14, 3), 'bottom_right': (17, 6)}, {'top_left': (3, 3), 'bottom_right': (6, 6)}]"
20,15,10,9,16,"[(15, 10), (14, 10), (13, 10), (12, 10), (11, 10), (10, 10), (9, 10), (9, 11), (9, 12), (9, 13), (9, 14), (9, 15), (9, 16)]","[{'top_left': (1, 14), 'bottom_right': (4, 17)}, {'top_left': (14, 3), 'bottom_right': (17, 6)}, {'top_left': (3, 3), 'bottom_right': (6, 6)}]"
20,5,2,8,11,"[(5, 2), (6, 2), (7, 2), (7, 3), (7, 4), (7, 5), (7, 6), (7, 7), (7, 8), (7, 9), (7, 10), (7, 11), (8, 11)]","[{'top_left': (1, 14), 'bottom_right': (4, 17)}, {'top_left': (14, 3), 'bottom_right': (17, 6)}, {'top_left': (3, 3), 'bottom_right': (6, 6)}]"
20,13,11,7,4,"[(13, 11), (12, 11), (11, 11), (10, 11), (9, 11), (8, 11), (7, 11), (7, 10), (7, 9), (7, 8), (7, 7), (7, 6), (7, 5), (7, 4)]","[{'top_left': (1, 14), 'bottom_right': (4, 17)}, {'top_left': (14, 3), 'bottom_right': (17, 6)}, {'top_left': (3, 3), 'bottom_right': (6, 6)}]"
20,4,0,16,2,"[(4, 0), (4, 1), (4, 2), (5, 2), (6, 2), (7, 2), (8, 2), (9, 2), (10, 2), (11, 2), (12, 2), (13, 2), (14, 2), (15, 2), (16, 2)]","[{'top_left': (16, 13), 'bottom_right': (19, 16)}, {'top_left': (7, 4), 'bottom_right': (10, 7)}, {'top_left': (0, 14), 'bottom_right': (3, 17)}]"
20,2,10,10,12,"[(2, 10), (2, 11), (2, 12), (3, 12), (4, 12), (5, 12), (6, 12), (7, 12), (8, 12), (9, 12), (10, 12)]","[{'top_left': (16, 13), 'bottom_right': (19, 16)}, {'top_left': (7, 4), 'bottom_right': (10, 7)}, {'top_left': (0, 14), 'bottom_right': (3, 17)}]"
20,1,4,18,1,"[(1, 4), (1, 3), (1, 2), (1, 1), (2, 1), (3, 1), (4, 1), (5, 1), (6, 1), (7, 1), (8, 1), (9, 1), (10, 1), (11, 1), (12, 1), (13, 1), (14, 1), (15, 1), (16, 1), (17, 1), (18, 1)]","[{'top_left': (16, 13), 'bottom_right': (19, 16)}, {'top_left': (7, 4), 'bottom_right': (10, 7)}, {'top_left': (0, 14), 'bottom_right': (3, 17)}]"
20,0,8,16,19,"[(0, 8), (0, 9), (0, 10), (0, 11), (0, 12), (0, 13), (1, 13), (2, 13), (3, 13), (4, 13), (4, 14), (4, 15), (4, 16), (4, 17), (4, 18), (4, 19), (5, 19), (6, 19), (7, 19), (8, 19), (9, 19), (10, 19), (11, 19), (12, 19), (13, 19), (14, 19), (15, 19), (16, 19)]","[{'top_left': (16, 13), 'bottom_right': (19, 16)}, {'top_left': (7, 4), 'bottom_right': (10, 7)}, {'top_left': (0, 14), 'bottom_right': (3, 17)}]"
20,4,12,14,6,"[(4, 12), (4, 11), (4, 10), (4, 9), (4, 8), (5, 8), (6, 8), (7, 8), (8, 8), (9, 8), (10, 8), (11, 8), (11, 7), (11, 6), (12, 6), (13, 6), (14, 6)]","[{'top_left': (16, 13), 'bottom_right': (19, 16)}, {'top_left': (7, 4), 'bottom_right': (10, 7)}, {'top_left': (0, 14), 'bottom_right': (3, 17)}]"
20,1,17,10,12,"[(1, 17), (1, 16), (1, 15), (1, 14), (1, 13), (1, 12), (2, 12), (3, 12), (4, 12), (5, 12), (6, 12), (7, 12), (8, 12), (9, 12), (10, 12)]","[{'top_left': (14, 11), 'bottom_right': (17, 14)}, {'top_left': (12, 6), 'bottom_right': (15, 9)}, {'top_left': (9, 2), 'bottom_right': (12, 5)}]"
20,4,16,17,9,"[(4, 16), (4, 15), (4, 14), (4, 13), (4, 12), (4, 11), (4, 10), (5, 10), (6, 10), (7, 10), (8, 10), (9, 10), (10, 10), (11, 10), (12, 10), (13, 10), (14, 10), (15, 10), (16, 10), (16, 9), (17, 9)]","[{'top_left': (14, 11), 'bottom_right': (17, 14)}, {'top_left': (12, 6), 'bottom_right': (15, 9)}, {'top_left': (9, 2), 'bottom_right': (12, 5)}]"
20,6,2,16,17,"[(6, 2), (6, 3), (6, 4), (6, 5), (6, 6), (6, 7), (6, 8), (6, 9), (6, 10), (6, 11), (6, 12), (6, 13), (6, 14), (6, 15), (6, 16), (6, 17), (7, 17), (8, 17), (9, 17), (10, 17), (11, 17), (12, 17), (13, 17), (14, 17), (15, 17), (16, 17)]","[{'top_left': (14, 11), 'bottom_right': (17, 14)}, {'top_left': (12, 6), 'bottom_right': (15, 9)}, {'top_left': (9, 2), 'bottom_right': (12, 5)}]"
20,0,0,17,18,"[(0, 0), (0, 1), (0, 2), (0, 3), (0, 4), (0, 5), (0, 6), (0, 7), (0, 8), (0, 9), (0, 10), (0, 11), (0, 12), (0, 13), (0, 14), (0, 15), (0, 16), (0, 17), (0, 18), (1, 18), (2, 18), (3, 18), (4, 18), (5, 18), (6, 18), (7, 18), (8, 18), (9, 18), (10, 18), (11, 18), (12, 18), (13, 18), (14, 18), (15, 18), (16, 18), (17, 18)]","[{'top_left': (14, 11), 'bottom_right': (17, 14)}, {'top_left': (12, 6), 'bottom_right': (15, 9)}, {'top_left': (9, 2), 'bottom_right': (12, 5)}]"
20,16,3,1,11,"[(16, 3), (16, 4), (16, 5), (16, 6), (16, 7), (16, 8), (16, 9), (16, 10), (15, 10), (14, 10), (13, 10), (12, 10), (11, 10), (10, 10), (9, 10), (8, 10), (7, 10), (6, 10), (5, 10), (4, 10), (3, 10), (2, 10), (1, 10), (1, 11)]","[{'top_left': (14, 11), 'bottom_right': (17, 14)}, {'top_left': (12, 6), 'bottom_right': (15, 9)}, {'top_left': (9, 2), 'bottom_right': (12, 5)}]"
20,14,9,18,0,"[(14, 9), (14, 8), (14, 7), (15, 7), (15, 6), (15, 5), (15, 4), (15, 3), (15, 2), (15, 1), (15, 0), (16, 0), (17, 0), (18, 0)]","[{'top_left': (8, 16), 'bottom_right': (11, 19)}, {'top_left': (11, 3), 'bottom_right': (14, 6)}, {'top_left': (1, 3), 'bottom_right': (4, 6)}]"
20,14,10,7,18,"[(14, 10), (13, 10), (12, 10), (11, 10), (10, 10), (9, 10), (8, 10), (7, 10), (7, 11), (7, 12), (7, 13), (7, 14), (7, 15), (7, 16), (7, 17), (7, 18)]","[{'top_left': (8, 16), 'bottom_right': (11, 19)}, {'top_left': (11, 3), 'bottom_right': (14, 6)}, {'top_left': (1, 3), 'bottom_right': (4, 6)}]"
20,18,17,19,7,"[(18, 17), (18, 16), (18, 15), (18, 14), (18, 13), (18, 12), (18, 11), (18, 10), (18, 9), (18, 8), (18, 7), (19, 7)]","[{'top_left': (8, 16), 'bottom_right': (11, 19)}, {'top_left': (11, 3), 'bottom_right': (14, 6)}, {'top_left': (1, 3), 'bottom_right': (4, 6)}]"
20,4,12,16,7,"[(4, 12), (4, 11), (4, 10), (4, 9), (4, 8), (4, 7), (5, 7), (6, 7), (7, 7), (8, 7), (9, 7), (10, 7), (11, 7), (12, 7), (13, 7), (14, 7), (15, 7), (16, 7)]","[{'top_left': (8, 16), 'bottom_right': (11, 19)}, {'top_left': (11, 3), 'bottom_right': (14, 6)}, {'top_left': (1, 3), 'bottom_right': (4, 6)}]"
20,3,10,16,18,"[(3, 10), (3, 11), (3, 12), (3, 13), (3, 14), (3, 15), (4, 15), (5, 15), (6, 15), (7, 15), (8, 15), (9, 15), (10, 15), (11, 15), (12, 15), (12, 16), (12, 17), (12, 18), (13, 18), (14, 18), (15, 18), (16, 18)]","[{'top_left': (8, 16), 'bottom_right': (11, 19)}, {'top_left': (11, 3), 'bottom_right': (14, 6)}, {'top_left': (1, 3), 'bottom_right': (4, 6)}]"
20,14,2,11,16,"[(14, 2), (13, 2), (12, 2), (11, 2), (11, 3), (11, 4), (11, 5), (11, 6), (11, 7), (11, 8), (11, 9), (11, 10), (11, 11), (11, 12), (11, 13), (11, 14), (11, 15), (11, 16)]","[{'top_left': (6, 11), 'bottom_right': (9, 14)}, {'top_left': (14, 3), 'bottom_right': (17, 6)}, {'top_left': (2, 1), 'bottom_right': (5, 4)}]"
20,12,8,18,15,"[(12, 8), (12, 9), (12, 10), (12, 11), (12, 12), (12, 13), (12, 14), (12, 15), (13, 15), (14, 15), (15, 15), (16, 15), (17, 15), (18, 15)]","[{'top_left': (6, 11), 'bottom_right': (9, 14)}, {'top_left': (14, 3), 'bottom_right': (17, 6)}, {'top_left': (2, 1), 'bottom_right': (5, 4)}]"
20,15,14,4,16,"[(15, 14), (14, 14), (13, 14), (12, 14), (11, 14), (10, 14), (10, 15), (9, 15), (8, 15), (7, 15), (6, 15), (5, 15), (4, 15), (4, 16)]","[{'top_left': (6, 11), 'bottom_right': (9, 14)}, {'top_left': (14, 3), 'bottom_right': (17, 6)}, {'top_left': (2, 1), 'bottom_right': (5, 4)}]"
20,15,1,5,17,"[(15, 1), (14, 1), (13, 1), (12, 1), (11, 1), (10, 1), (9, 1), (8, 1), (7, 1), (6, 1), (6, 2), (6, 3), (6, 4), (6, 5), (5, 5), (5, 6), (5, 7), (5, 8), (5, 9), (5, 10), (5, 11), (5, 12), (5, 13), (5, 14), (5, 15), (5, 16), (5, 17)]","[{'top_left': (6, 11), 'bottom_right': (9, 14)}, {'top_left': (14, 3), 'bottom_right': (17, 6)}, {'top_left': (2, 1), 'bottom_right': (5, 4)}]"
20,11,3,19,13,"[(11, 3), (11, 4), (11, 5), (11, 6), (11, 7), (11, 8), (11, 9), (11, 10), (11, 11), (11, 12), (11, 13), (12, 13), (13, 13), (14, 13), (15, 13), (16, 13), (17, 13), (18, 13), (19, 13)]","[{'top_left': (6, 11), 'bottom_right': (9, 14)}, {'top_left': (14, 3), 'bottom_right': (17, 6)}, {'top_left': (2, 1), 'bottom_right': (5, 4)}]"
20,13,1,9,9,"[(13, 1), (12, 1), (11, 1), (10, 1), (9, 1), (9, 2), (9, 3), (9, 4), (9, 5), (9, 6), (9, 7), (9, 8), (9, 9)]","[{'top_left': (3, 3), 'bottom_right': (6, 6)}, {'top_left': (11, 9), 'bottom_right': (14, 12)}, {'top_left': (1, 16), 'bottom_right': (4, 19)}]"
20,1,13,15,18,"[(1, 13), (1, 14), (1, 15), (2, 15), (3, 15), (4, 15), (5, 15), (5, 16), (5, 17), (5, 18), (6, 18), (7, 18), (8, 18), (9, 18), (10, 18), (11, 18), (12, 18), (13, 18), (14, 18), (15, 18)]","[{'top_left': (3, 3), 'bottom_right': (6, 6)}, {'top_left': (11, 9), 'bottom_right': (14, 12)}, {'top_left': (1, 16), 'bottom_right': (4, 19)}]"
20,12,15,19,4,"[(12, 15), (12, 14), (12, 13), (13, 13), (14, 13), (15, 13), (15, 12), (15, 11), (15, 10), (15, 9), (15, 8), (15, 7), (15, 6), (15, 5), (15, 4), (16, 4), (17, 4), (18, 4), (19, 4)]","[{'top_left': (3, 3), 'bottom_right': (6, 6)}, {'top_left': (11, 9), 'bottom_right': (14, 12)}, {'top_left': (1, 16), 'bottom_right': (4, 19)}]"
20,1,14,8,2,"[(1, 14), (1, 13), (1, 12), (1, 11), (1, 10), (1, 9), (1, 8), (1, 7), (1, 6), (1, 5), (1, 4), (1, 3), (1, 2), (2, 2), (3, 2), (4, 2), (5, 2), (6, 2), (7, 2), (8, 2)]","[{'top_left': (3, 3), 'bottom_right': (6, 6)}, {'top_left': (11, 9), 'bottom_right': (14, 12)}, {'top_left': (1, 16), 'bottom_right': (4, 19)}]"
20,5,0,18,9,"[(5, 0), (5, 1), (5, 2), (6, 2), (7, 2), (7, 3), (7, 4), (7, 5), (7, 6), (7, 7), (7, 8), (8, 8), (9, 8), (10, 8), (11, 8), (12, 8), (13, 8), (14, 8), (15, 8), (15, 9), (16, 9), (17, 9), (18, 9)]","[{'top_left': (3, 3), 'bottom_right': (6, 6)}, {'top_left': (11, 9), 'bottom_right': (14, 12)}, {'top_left': (1, 16), 'bottom_right': (4, 19)}]"
20,0,3,17,5,"[(0, 3), (0, 4), (0, 5), (0, 6), (1, 6), (2, 6), (3, 6), (4, 6), (5, 6), (6, 6), (7, 6), (7, 5), (8, 5), (9, 5), (10, 5), (11, 5), (12, 5), (13, 5), (14, 5), (15, 5), (16, 5), (17, 5)]","[{'top_left': (3, 2), 'bottom_right': (6, 5)}, {'top_left': (16, 6), 'bottom_right': (19, 9)}, {'top_left': (15, 16), 'bottom_right': (18, 19)}]"
20,18,14,2,17,"[(18, 14), (17, 14), (16, 14), (15, 14), (14, 14), (13, 14), (12, 14), (11, 14), (10, 14), (9, 14), (8, 14), (7, 14), (6, 14), (5, 14), (4, 14), (3, 14), (2, 14), (2, 15), (2, 16), (2, 17)]","[{'top_left': (3, 2), 'bottom_right': (6, 5)}, {'top_left': (16, 6), 'bottom_right': (19, 9)}, {'top_left': (15, 16), 'bottom_right': (18, 19)}]"
20,19,10,12,18,"[(19, 10), (18, 10), (17, 10), (16, 10), (15, 10), (14, 10), (13, 10), (12, 10), (12, 11), (12, 12), (12, 13), (12, 14), (12, 15), (12, 16), (12, 17), (12, 18)]","[{'top_left': (3, 2), 'bottom_right': (6, 5)}, {'top_left': (16, 6), 'bottom_right': (19, 9)}, {'top_left': (15, 16), 'bottom_right': (18, 19)}]"
20,2,3,3,17,"[(2, 3), (2, 4), (2, 5), (2, 6), (2, 7), (2, 8), (2, 9), (2, 10), (2, 11), (2, 12), (2, 13), (2, 14), (2, 15), (2, 16), (2, 17), (3, 17)]","[{'top_left': (3, 2), 'bottom_right': (6, 5)}, {'top_left': (16, 6), 'bottom_right': (19, 9)}, {'top_left': (15, 16), 'bottom_right': (18, 19)}]"
20,8,2,4,9,"[(8, 2), (7, 2), (7, 3), (7, 4), (7, 5), (7, 6), (6, 6), (5, 6), (4, 6), (4, 7), (4, 8), (4, 9)]","[{'top_left': (3, 2), 'bottom_right': (6, 5)}, {'top_left': (16, 6), 'bottom_right': (19, 9)}, {'top_left': (15, 16), 'bottom_right': (18, 19)}]"
20,1,9,12,3,"[(1, 9), (1, 8), (1, 7), (1, 6), (1, 5), (1, 4), (2, 4), (3, 4), (4, 4), (5, 4), (6, 4), (7, 4), (8, 4), (9, 4), (9, 3), (10, 3), (11, 3), (12, 3)]","[{'top_left': (13, 5), 'bottom_right': (16, 8)}, {'top_left': (1, 10), 'bottom_right': (4, 13)}, {'top_left': (5, 0), 'bottom_right': (8, 3)}]"
20,8,12,3,1,"[(8, 12), (7, 12), (6, 12), (5, 12), (5, 11), (5, 10), (5, 9), (4, 9), (3, 9), (3, 8), (3, 7), (3, 6), (3, 5), (3, 4), (3, 3), (3, 2), (3, 1)]","[{'top_left': (13, 5), 'bottom_right': (16, 8)}, {'top_left': (1, 10), 'bottom_right': (4, 13)}, {'top_left': (5, 0), 'bottom_right': (8, 3)}]"
20,6,7,19,18,"[(6, 7), (6, 8), (6, 9), (6, 10), (6, 11), (6, 12), (6, 13), (6, 14), (6, 15), (6, 16), (6, 17), (6, 18), (7, 18), (8, 18), (9, 18), (10, 18), (11, 18), (12, 18), (13, 18), (14, 18), (15, 18), (16, 18), (17, 18), (18, 18), (19, 18)]","[{'top_left': (13, 5), 'bottom_right': (16, 8)}, {'top_left': (1, 10), 'bottom_right': (4, 13)}, {'top_left': (5, 0), 'bottom_right': (8, 3)}]"
20,7,15,16,16,"[(7, 15), (7, 16), (8, 16), (9, 16), (10, 16), (11, 16), (12, 16), (13, 16), (14, 16), (15, 16), (16, 16)]","[{'top_left': (13, 5), 'bottom_right': (16, 8)}, {'top_left': (1, 10), 'bottom_right': (4, 13)}, {'top_left': (5, 0), 'bottom_right': (8, 3)}]"
20,18,3,7,17,"[(18, 3), (17, 3), (16, 3), (15, 3), (14, 3), (13, 3), (12, 3), (11, 3), (10, 3), (9, 3), (9, 4), (8, 4), (7, 4), (7, 5), (7, 6), (7, 7), (7, 8), (7, 9), (7, 10), (7, 11), (7, 12), (7, 13), (7, 14), (7, 15), (7, 16), (7, 17)]","[{'top_left': (13, 5), 'bottom_right': (16, 8)}, {'top_left': (1, 10), 'bottom_right': (4, 13)}, {'top_left': (5, 0), 'bottom_right': (8, 3)}]"
20,6,4,11,17,"[(6, 4), (6, 5), (6, 6), (6, 7), (6, 8), (7, 8), (8, 8), (8, 9), (8, 10), (8, 11), (8, 12), (8, 13), (8, 14), (8, 15), (8, 16), (8, 17), (9, 17), (10, 17), (11, 17)]","[{'top_left': (4, 9), 'bottom_right': (7, 12)}, {'top_left': (13, 14), 'bottom_right': (16, 17)}, {'top_left': (2, 16), 'bottom_right': (5, 19)}]"
20,5,7,17,13,"[(5, 7), (5, 8), (6, 8), (7, 8), (8, 8), (8, 9), (8, 10), (8, 11), (8, 12), (8, 13), (9, 13), (10, 13), (11, 13), (12, 13), (13, 13), (14, 13), (15, 13), (16, 13), (17, 13)]","[{'top_left': (4, 9), 'bottom_right': (7, 12)}, {'top_left': (13, 14), 'bottom_right': (16, 17)}, {'top_left': (2, 16), 'bottom_right': (5, 19)}]"
20,17,14,1,0,"[(17, 14), (17, 13), (16, 13), (15, 13), (14, 13), (13, 13), (12, 13), (11, 13), (10, 13), (9, 13), (8, 13), (7, 13), (6, 13), (5, 13), (4, 13), (3, 13), (2, 13), (1, 13), (1, 12), (1, 11), (1, 10), (1, 9), (1, 8), (1, 7), (1, 6), (1, 5), (1, 4), (1, 3), (1, 2), (1, 1), (1, 0)]","[{'top_left': (4, 9), 'bottom_right': (7, 12)}, {'top_left': (13, 14), 'bottom_right': (16, 17)}, {'top_left': (2, 16), 'bottom_right': (5, 19)}]"
20,14,19,9,5,"[(14, 19), (13, 19), (12, 19), (11, 19), (10, 19), (9, 19), (9, 18), (9, 17), (9, 16), (9, 15), (9, 14), (9, 13), (9, 12), (9, 11), (9, 10), (9, 9), (9, 8), (9, 7), (9, 6), (9, 5)]","[{'top_left': (4, 9), 'bottom_right': (7, 12)}, {'top_left': (13, 14), 'bottom_right': (16, 17)}, {'top_left': (2, 16), 'bottom_right': (5, 19)}]"
20,0,1,15,8,"[(0, 1), (0, 2), (0, 3), (0, 4), (0, 5), (0, 6), (0, 7), (0, 8), (1, 8), (2, 8), (3, 8), (4, 8), (5, 8), (6, 8), (7, 8), (8, 8), (9, 8), (10, 8), (11, 8), (12, 8), (13, 8), (14, 8), (15, 8)]","[{'top_left': (4, 9), 'bottom_right': (7, 12)}, {'top_left': (13, 14), 'bottom_right': (16, 17)}, {'top_left': (2, 16), 'bottom_right': (5, 19)}]"
20,1,5,17,18,"[(1, 5), (1, 6), (1, 7), (1, 8), (1, 9), (1, 10), (1, 11), (1, 12), (1, 13), (1, 14), (1, 15), (1, 16), (1, 17), (1, 18), (2, 18), (3, 18), (4, 18), (5, 18), (6, 18), (7, 18), (8, 18), (9, 18), (10, 18), (11, 18), (12, 18), (13, 18), (14, 18), (15, 18), (16, 18), (17, 18)]","[{'top_left': (8, 12), 'bottom_right': (11, 15)}, {'top_left': (11, 6), 'bottom_right': (14, 9)}, {'top_left': (16, 9), 'bottom_right': (19, 12)}]"
20,3,4,17,8,"[(3, 4), (3, 5), (4, 5), (5, 5), (6, 5), (7, 5), (8, 5), (9, 5), (10, 5), (11, 5), (12, 5), (13, 5), (14, 5), (15, 5), (15, 6), (15, 7), (15, 8), (16, 8), (17, 8)]","[{'top_left': (8, 12), 'bottom_right': (11, 15)}, {'top_left': (11, 6), 'bottom_right': (14, 9)}, {'top_left': (16, 9), 'bottom_right': (19, 12)}]"
20,0,4,0,19,"[(0, 4), (0, 5), (0, 6), (0, 7), (0, 8), (0, 9), (0, 10), (0, 11), (0, 12), (0, 13), (0, 14), (0, 15), (0, 16), (0, 17), (0, 18), (0, 19)]","[{'top_left': (8, 12), 'bottom_right': (11, 15)}, {'top_left': (11, 6), 'bottom_right': (14, 9)}, {'top_left': (16, 9), 'bottom_right': (19, 12)}]"
20,15,0,0,5,"[(15, 0), (14, 0), (13, 0), (12, 0), (11, 0), (10, 0), (9, 0), (8, 0), (7, 0), (6, 0), (5, 0), (4, 0), (3, 0), (2, 0), (1, 0), (0, 0), (0, 1), (0, 2), (0, 3), (0, 4), (0, 5)]","[{'top_left': (8, 12), 'bottom_right': (11, 15)}, {'top_left': (11, 6), 'bottom_right': (14, 9)}, {'top_left': (16, 9), 'bottom_right': (19, 12)}]"
20,17,2,2,17,"[(17, 2), (16, 2), (15, 2), (14, 2), (13, 2), (12, 2), (11, 2), (10, 2), (9, 2), (8, 2), (7, 2), (6, 2), (5, 2), (4, 2), (3, 2), (2, 2), (2, 3), (2, 4), (2, 5), (2, 6), (2, 7), (2, 8), (2, 9), (2, 10), (2, 11), (2, 12), (2, 13), (2, 14), (2, 15), (2, 16), (2, 17)]","[{'top_left': (8, 12), 'bottom_right': (11, 15)}, {'top_left': (11, 6), 'bottom_right': (14, 9)}, {'top_left': (16, 9), 'bottom_right': (19, 12)}]"
20,6,14,0,7,"[(6, 14), (5, 14), (4, 14), (4, 13), (3, 13), (2, 13), (1, 13), (0, 13), (0, 12), (0, 11), (0, 10), (0, 9), (0, 8), (0, 7)]","[{'top_left': (0, 14), 'bottom_right': (3, 17)}, {'top_left': (12, 11), 'bottom_right': (15, 14)}, {'top_left': (12, 5), 'bottom_right': (15, 8)}]"
20,0,8,11,6,"[(0, 8), (0, 7), (0, 6), (1, 6), (2, 6), (3, 6), (4, 6), (5, 6), (6, 6), (7, 6), (8, 6), (9, 6), (10, 6), (11, 6)]","[{'top_left': (0, 14), 'bottom_right': (3, 17)}, {'top_left': (12, 11), 'bottom_right': (15, 14)}, {'top_left': (12, 5), 'bottom_right': (15, 8)}]"
20,2,19,9,7,"[(2, 19), (2, 18), (3, 18), (4, 18), (4, 17), (4, 16), (4, 15), (4, 14), (4, 13), (4, 12), (4, 11), (4, 10), (4, 9), (4, 8), (4, 7), (5, 7), (6, 7), (7, 7), (8, 7), (9, 7)]","[{'top_left': (0, 14), 'bottom_right': (3, 17)}, {'top_left': (12, 11), 'bottom_right': (15, 14)}, {'top_left': (12, 5), 'bottom_right': (15, 8)}]"
20,7,15,11,1,"[(7, 15), (7, 14), (7, 13), (7, 12), (7, 11), (7, 10), (7, 9), (7, 8), (7, 7), (7, 6), (7, 5), (7, 4), (7, 3), (7, 2), (7, 1), (8, 1), (9, 1), (10, 1), (11, 1)]","[{'top_left': (0, 14), 'bottom_right': (3, 17)}, {'top_left': (12, 11), 'bottom_right': (15, 14)}, {'top_left': (12, 5), 'bottom_right': (15, 8)}]"
20,8,15,19,6,"[(8, 15), (8, 14), (8, 13), (8, 12), (8, 11), (8, 10), (8, 9), (9, 9), (10, 9), (11, 9), (12, 9), (13, 9), (14, 9), (15, 9), (16, 9), (16, 8), (16, 7), (16, 6), (17, 6), (18, 6), (19, 6)]","[{'top_left': (0, 14), 'bottom_right': (3, 17)}, {'top_left': (12, 11), 'bottom_right': (15, 14)}, {'top_left': (12, 5), 'bottom_right': (15, 8)}]"
20,18,19,18,5,"[(18, 19), (18, 18), (18, 17), (18, 16), (18, 15), (18, 14), (18, 13), (18, 12), (18, 11), (18, 10), (18, 9), (18, 8), (18, 7), (18, 6), (18, 5)]","[{'top_left': (0, 6), 'bottom_right': (3, 9)}, {'top_left': (12, 3), 'bottom_right': (15, 6)}, {'top_left': (8, 16), 'bottom_right': (11, 19)}]"
20,2,18,4,2,"[(2, 18), (2, 17), (2, 16), (2, 15), (2, 14), (2, 13), (2, 12), (2, 11), (2, 10), (3, 10), (4, 10), (4, 9), (4, 8), (4, 7), (4, 6), (4, 5), (4, 4), (4, 3), (4, 2)]","[{'top_left': (0, 6), 'bottom_right': (3, 9)}, {'top_left': (12, 3), 'bottom_right': (15, 6)}, {'top_left': (8, 16), 'bottom_right': (11, 19)}]"
20,4,8,18,7,"[(4, 8), (4, 7), (5, 7), (6, 7), (7, 7), (8, 7), (9, 7), (10, 7), (11, 7), (12, 7), (13, 7), (14, 7), (15, 7), (16, 7), (17, 7), (18, 7)]","[{'top_left': (0, 6), 'bottom_right': (3, 9)}, {'top_left': (12, 3), 'bottom_right': (15, 6)}, {'top_left': (8, 16), 'bottom_right': (11, 19)}]"
20,16,8,6,0,"[(16, 8), (15, 8), (14, 8), (13, 8), (12, 8), (11, 8), (10, 8), (9, 8), (8, 8), (7, 8), (6, 8), (6, 7), (6, 6), (6, 5), (6, 4), (6, 3), (6, 2), (6, 1), (6, 0)]","[{'top_left': (0, 6), 'bottom_right': (3, 9)}, {'top_left': (12, 3), 'bottom_right': (15, 6)}, {'top_left': (8, 16), 'bottom_right': (11, 19)}]"
20,3,16,14,15,"[(3, 16), (3, 15), (4, 15), (5, 15), (6, 15), (7, 15), (8, 15), (9, 15), (10, 15), (11, 15), (12, 15), (13, 15), (14, 15)]","[{'top_left': (0, 6), 'bottom_right': (3, 9)}, {'top_left': (12, 3), 'bottom_right': (15, 6)}, {'top_left': (8, 16), 'bottom_right': (11, 19)}]"
20,18,0,7,13,"[(18, 0), (17, 0), (16, 0), (15, 0), (14, 0), (14, 1), (14, 2), (14, 3), (14, 4), (13, 4), (12, 4), (11, 4), (10, 4), (9, 4), (8, 4), (7, 4), (7, 5), (7, 6), (7, 7), (7, 8), (7, 9), (7, 10), (7, 11), (7, 12), (7, 13)]","[{'top_left': (11, 16), 'bottom_right': (14, 19)}, {'top_left': (1, 7), 'bottom_right': (4, 10)}, {'top_left': (10, 0), 'bottom_right': (13, 3)}]"
20,10,9,2,3,"[(10, 9), (9, 9), (8, 9), (7, 9), (6, 9), (5, 9), (5, 8), (5, 7), (5, 6), (4, 6), (3, 6), (2, 6), (2, 5), (2, 4), (2, 3)]","[{'top_left': (11, 16), 'bottom_right': (14, 19)}, {'top_left': (1, 7), 'bottom_right': (4, 10)}, {'top_left': (10, 0), 'bottom_right': (13, 3)}]"
20,18,10,8,7,"[(18, 10), (17, 10), (16, 10), (15, 10), (14, 10), (13, 10), (12, 10), (11, 10), (10, 10), (9, 10), (8, 10), (8, 9), (8, 8), (8, 7)]","[{'top_left': (11, 16), 'bottom_right': (14, 19)}, {'top_left': (1, 7), 'bottom_right': (4, 10)}, {'top_left': (10, 0), 'bottom_right': (13, 3)}]"
20,2,19,19,14,"[(2, 19), (2, 18), (2, 17), (2, 16), (2, 15), (2, 14), (3, 14), (4, 14), (5, 14), (6, 14), (7, 14), (8, 14), (9, 14), (10, 14), (11, 14), (12, 14), (13, 14), (14, 14), (15, 14), (16, 14), (17, 14), (18, 14), (19, 14)]","[{'top_left': (11, 16), 'bottom_right': (14, 19)}, {'top_left': (1, 7), 'bottom_right': (4, 10)}, {'top_left': (10, 0), 'bottom_right': (13, 3)}]"
20,3,14,18,3,"[(3, 14), (3, 13), (3, 12), (3, 11), (4, 11), (5, 11), (5, 10), (5, 9), (5, 8), (5, 7), (5, 6), (5, 5), (5, 4), (6, 4), (7, 4), (8, 4), (9, 4), (10, 4), (11, 4), (12, 4), (13, 4), (14, 4), (14, 3), (15, 3), (16, 3), (17, 3), (18, 3)]","[{'top_left': (11, 16), 'bottom_right': (14, 19)}, {'top_left': (1, 7), 'bottom_right': (4, 10)}, {'top_left': (10, 0), 'bottom_right': (13, 3)}]"
20,19,13,7,19,"[(19, 13), (18, 13), (17, 13), (16, 13), (15, 13), (14, 13), (13, 13), (12, 13), (11, 13), (10, 13), (9, 13), (8, 13), (7, 13), (7, 14), (7, 15), (7, 16), (7, 17), (7, 18), (7, 19)]","[{'top_left': (2, 1), 'bottom_right': (5, 4)}, {'top_left': (1, 12), 'bottom_right': (4, 15)}, {'top_left': (10, 2), 'bottom_right': (13, 5)}]"
20,19,0,14,12,"[(19, 0), (18, 0), (17, 0), (16, 0), (15, 0), (14, 0), (14, 1), (14, 2), (14, 3), (14, 4), (14, 5), (14, 6), (14, 7), (14, 8), (14, 9), (14, 10), (14, 11), (14, 12)]","[{'top_left': (2, 1), 'bottom_right': (5, 4)}, {'top_left': (1, 12), 'bottom_right': (4, 15)}, {'top_left': (10, 2), 'bottom_right': (13, 5)}]"
20,1,4,9,18,"[(1, 4), (1, 5), (1, 6), (1, 7), (1, 8), (1, 9), (1, 10), (1, 11), (2, 11), (3, 11), (4, 11), (5, 11), (5, 12), (5, 13), (5, 14), (5, 15), (5, 16), (5, 17), (5, 18), (6, 18), (7, 18), (8, 18), (9, 18)]","[{'top_left': (2, 1), 'bottom_right': (5, 4)}, {'top_left': (1, 12), 'bottom_right': (4, 15)}, {'top_left': (10, 2), 'bottom_right': (13, 5)}]"
20,9,11,0,16,"[(9, 11), (8, 11), (7, 11), (6, 11), (5, 11), (4, 11), (3, 11), (2, 11), (1, 11), (0, 11), (0, 12), (0, 13), (0, 14), (0, 15), (0, 16)]","[{'top_left': (2, 1), 'bottom_right': (5, 4)}, {'top_left': (1, 12), 'bottom_right': (4, 15)}, {'top_left': (10, 2), 'bottom_right': (13, 5)}]"
20,18,4,1,7,"[(18, 4), (17, 4), (16, 4), (15, 4), (14, 4), (14, 5), (14, 6), (13, 6), (12, 6), (11, 6), (10, 6), (9, 6), (8, 6), (7, 6), (6, 6), (5, 6), (4, 6), (3, 6), (2, 6), (1, 6), (1, 7)]","[{'top_left': (2, 1), 'bottom_right': (5, 4)}, {'top_left': (1, 12), 'bottom_right': (4, 15)}, {'top_left': (10, 2), 'bottom_right': (13, 5)}]"
20,18,18,10,19,"[(18, 18), (17, 18), (16, 18), (15, 18), (14, 18), (13, 18), (12, 18), (11, 18), (10, 18), (10, 19)]","[{'top_left': (16, 1), 'bottom_right': (19, 4)}, {'top_left': (13, 11), 'bottom_right': (16, 14)}, {'top_left': (6, 6), 'bottom_right': (9, 9)}]"
20,9,13,10,5,"[(9, 13), (9, 12), (9, 11), (9, 10), (10, 10), (10, 9), (10, 8), (10, 7), (10, 6), (10, 5)]","[{'top_left': (16, 1), 'bottom_right': (19, 4)}, {'top_left': (13, 11), 'bottom_right': (16, 14)}, {'top_left': (6, 6), 'bottom_right': (9, 9)}]"
20,12,5,0,11,"[(12, 5), (11, 5), (10, 5), (9, 5), (8, 5), (7, 5), (6, 5), (5, 5), (4, 5), (3, 5), (2, 5), (1, 5), (0, 5), (0, 6), (0, 7), (0, 8), (0, 9), (0, 10), (0, 11)]","[{'top_left': (16, 1), 'bottom_right': (19, 4)}, {'top_left': (13, 11), 'bottom_right': (16, 14)}, {'top_left': (6, 6), 'bottom_right': (9, 9)}]"
20,0,2,11,0,"[(0, 2), (0, 1), (0, 0), (1, 0), (2, 0), (3, 0), (4, 0), (5, 0), (6, 0), (7, 0), (8, 0), (9, 0), (10, 0), (11, 0)]","[{'top_left': (16, 1), 'bottom_right': (19, 4)}, {'top_left': (13, 11), 'bottom_right': (16, 14)}, {'top_left': (6, 6), 'bottom_right': (9, 9)}]"
20,5,10,17,7,"[(5, 10), (6, 10), (7, 10), (8, 10), (9, 10), (10, 10), (10, 9), (10, 8), (10, 7), (11, 7), (12, 7), (13, 7), (14, 7), (15, 7), (16, 7), (17, 7)]","[{'top_left': (16, 1), 'bottom_right': (19, 4)}, {'top_left': (13, 11), 'bottom_right': (16, 14)}, {'top_left': (6, 6), 'bottom_right': (9, 9)}]"
20,10,6,9,14,"[(10, 6), (9, 6), (9, 7), (9, 8), (9, 9), (9, 10), (9, 11), (9, 12), (9, 13), (9, 14)]","[{'top_left': (5, 6), 'bottom_right': (8, 9)}, {'top_left': (0, 5), 'bottom_right': (3, 8)}, {'top_left': (12, 3), 'bottom_right': (15, 6)}]"
20,16,19,13,2,"[(16, 19), (16, 18), (16, 17), (16, 16), (16, 15), (16, 14), (16, 13), (16, 12), (16, 11), (16, 10), (16, 9), (16, 8), (16, 7), (16, 6), (16, 5), (16, 4), (16, 3), (16, 2), (15, 2), (14, 2), (13, 2)]","[{'top_left': (5, 6), 'bottom_right': (8, 9)}, {'top_left': (0, 5), 'bottom_right': (3, 8)}, {'top_left': (12, 3), 'bottom_right': (15, 6)}]"
20,6,17,12,11,"[(6, 17), (6, 16), (6, 15), (6, 14), (6, 13), (6, 12), (6, 11), (7, 11), (8, 11), (9, 11), (10, 11), (11, 11), (12, 11)]","[{'top_left': (5, 6), 'bottom_right': (8, 9)}, {'top_left': (0, 5), 'bottom_right': (3, 8)}, {'top_left': (12, 3), 'bottom_right': (15, 6)}]"
20,10,19,13,7,"[(10, 19), (10, 18), (10, 17), (10, 16), (10, 15), (10, 14), (10, 13), (10, 12), (10, 11), (10, 10), (10, 9), (10, 8), (10, 7), (11, 7), (12, 7), (13, 7)]","[{'top_left': (5, 6), 'bottom_right': (8, 9)}, {'top_left': (0, 5), 'bottom_right': (3, 8)}, {'top_left': (12, 3), 'bottom_right': (15, 6)}]"
20,1,19,18,6,"[(1, 19), (1, 18), (1, 17), (1, 16), (1, 15), (1, 14), (1, 13), (1, 12), (1, 11), (1, 10), (2, 10), (3, 10), (4, 10), (5, 10), (6, 10), (7, 10), (8, 10), (9, 10), (9, 9), (9, 8), (9, 7), (10, 7), (11, 7), (12, 7), (13, 7), (14, 7), (15, 7), (16, 7), (16, 6), (17, 6), (18, 6)]","[{'top_left': (5, 6), 'bottom_right': (8, 9)}, {'top_left': (0, 5), 'bottom_right': (3, 8)}, {'top_left': (12, 3), 'bottom_right': (15, 6)}]"
20,18,15,6,2,"[(18, 15), (17, 15), (16, 15), (15, 15), (14, 15), (13, 15), (12, 15), (11, 15), (10, 15), (9, 15), (8, 15), (7, 15), (6, 15), (6, 14), (6, 13), (6, 12), (6, 11), (6, 10), (6, 9), (6, 8), (6, 7), (6, 6), (6, 5), (6, 4), (6, 3), (6, 2)]","[{'top_left': (9, 4), 'bottom_right': (12, 7)}, {'top_left': (1, 8), 'bottom_right': (4, 11)}, {'top_left': (4, 16), 'bottom_right': (7, 19)}]"
20,15,19,2,5,"[(15, 19), (14, 19), (13, 19), (12, 19), (11, 19), (10, 19), (9, 19), (8, 19), (8, 18), (8, 17), (8, 16), (8, 15), (7, 15), (6, 15), (5, 15), (5, 14), (5, 13), (5, 12), (5, 11), (5, 10), (5, 9), (5, 8), (5, 7), (4, 7), (3, 7), (2, 7), (2, 6), (2, 5)]","[{'top_left': (9, 4), 'bottom_right': (12, 7)}, {'top_left': (1, 8), 'bottom_right': (4, 11)}, {'top_left': (4, 16), 'bottom_right': (7, 19)}]"
20,15,16,14,5,"[(15, 16), (14, 16), (14, 15), (14, 14), (14, 13), (14, 12), (14, 11), (14, 10), (14, 9), (14, 8), (14, 7), (14, 6), (14, 5)]","[{'top_left': (9, 4), 'bottom_right': (12, 7)}, {'top_left': (1, 8), 'bottom_right': (4, 11)}, {'top_left': (4, 16), 'bottom_right': (7, 19)}]"
20,12,18,1,6,"[(12, 18), (11, 18), (10, 18), (9, 18), (8, 18), (8, 17), (8, 16), (8, 15), (7, 15), (6, 15), (5, 15), (5, 14), (5, 13), (5, 12), (5, 11), (5, 10), (5, 9), (5, 8), (5, 7), (4, 7), (3, 7), (2, 7), (1, 7), (1, 6)]","[{'top_left': (9, 4), 'bottom_right': (12, 7)}, {'top_left': (1, 8), 'bottom_right': (4, 11)}, {'top_left': (4, 16), 'bottom_right': (7, 19)}]"
20,12,18,5,11,"[(12, 18), (11, 18), (10, 18), (9, 18), (8, 18), (8, 17), (8, 16), (8, 15), (7, 15), (6, 15), (5, 15), (5, 14), (5, 13), (5, 12), (5, 11)]","[{'top_left': (9, 4), 'bottom_right': (12, 7)}, {'top_left': (1, 8), 'bottom_right': (4, 11)}, {'top_left': (4, 16), 'bottom_right': (7, 19)}]"
20,16,11,7,18,"[(16, 11), (15, 11), (14, 11), (13, 11), (12, 11), (11, 11), (10, 11), (9, 11), (8, 11), (7, 11), (7, 12), (7, 13), (7, 14), (7, 15), (7, 16), (7, 17), (7, 18)]","[{'top_left': (8, 2), 'bottom_right': (11, 5)}, {'top_left': (4, 2), 'bottom_right': (7, 5)}, {'top_left': (9, 14), 'bottom_right': (12, 17)}]"
20,1,14,16,19,"[(1, 14), (1, 15), (1, 16), (1, 17), (1, 18), (1, 19), (2, 19), (3, 19), (4, 19), (5, 19), (6, 19), (7, 19), (8, 19), (9, 19), (10, 19), (11, 19), (12, 19), (13, 19), (14, 19), (15, 19), (16, 19)]","[{'top_left': (8, 2), 'bottom_right': (11, 5)}, {'top_left': (4, 2), 'bottom_right': (7, 5)}, {'top_left': (9, 14), 'bottom_right': (12, 17)}]"
20,10,8,12,0,"[(10, 8), (10, 7), (10, 6), (11, 6), (12, 6), (12, 5), (12, 4), (12, 3), (12, 2), (12, 1), (12, 0)]","[{'top_left': (8, 2), 'bottom_right': (11, 5)}, {'top_left': (4, 2), 'bottom_right': (7, 5)}, {'top_left': (9, 14), 'bottom_right': (12, 17)}]"
20,16,16,17,2,"[(16, 16), (16, 15), (16, 14), (16, 13), (16, 12), (16, 11), (16, 10), (16, 9), (16, 8), (16, 7), (16, 6), (16, 5), (16, 4), (16, 3), (16, 2), (17, 2)]","[{'top_left': (8, 2), 'bottom_right': (11, 5)}, {'top_left': (4, 2), 'bottom_right': (7, 5)}, {'top_left': (9, 14), 'bottom_right': (12, 17)}]"
20,0,9,9,11,"[(0, 9), (0, 10), (0, 11), (1, 11), (2, 11), (3, 11), (4, 11), (5, 11), (6, 11), (7, 11), (8, 11), (9, 11)]","[{'top_left': (8, 2), 'bottom_right': (11, 5)}, {'top_left': (4, 2), 'bottom_right': (7, 5)}, {'top_left': (9, 14), 'bottom_right': (12, 17)}]"
20,15,7,16,18,"[(15, 7), (15, 8), (15, 9), (15, 10), (15, 11), (16, 11), (16, 12), (16, 13), (16, 14), (16, 15), (16, 16), (16, 17), (16, 18)]","[{'top_left': (12, 12), 'bottom_right': (15, 15)}, {'top_left': (0, 15), 'bottom_right': (3, 18)}, {'top_left': (16, 4), 'bottom_right': (19, 7)}]"
20,9,10,18,0,"[(9, 10), (9, 9), (9, 8), (9, 7), (9, 6), (9, 5), (9, 4), (9, 3), (9, 2), (9, 1), (9, 0), (10, 0), (11, 0), (12, 0), (13, 0), (14, 0), (15, 0), (16, 0), (17, 0), (18, 0)]","[{'top_left': (12, 12), 'bottom_right': (15, 15)}, {'top_left': (0, 15), 'bottom_right': (3, 18)}, {'top_left': (16, 4), 'bottom_right': (19, 7)}]"
20,18,1,4,4,"[(18, 1), (17, 1), (16, 1), (15, 1), (14, 1), (13, 1), (12, 1), (11, 1), (10, 1), (9, 1), (8, 1), (7, 1), (6, 1), (5, 1), (4, 1), (4, 2), (4, 3), (4, 4)]","[{'top_left': (12, 12), 'bottom_right': (15, 15)}, {'top_left': (0, 15), 'bottom_right': (3, 18)}, {'top_left': (16, 4), 'bottom_right': (19, 7)}]"
20,10,18,19,19,"[(10, 18), (10, 19), (11, 19), (12, 19), (13, 19), (14, 19), (15, 19), (16, 19), (17, 19), (18, 19), (19, 19)]","[{'top_left': (12, 12), 'bottom_right': (15, 15)}, {'top_left': (0, 15), 'bottom_right': (3, 18)}, {'top_left': (16, 4), 'bottom_right': (19, 7)}]"
20,18,12,12,6,"[(18, 12), (17, 12), (16, 12), (16, 11), (15, 11), (14, 11), (13, 11), (12, 11), (12, 10), (12, 9), (12, 8), (12, 7), (12, 6)]","[{'top_left': (12, 12), 'bottom_right': (15, 15)}, {'top_left': (0, 15), 'bottom_right': (3, 18)}, {'top_left': (16, 4), 'bottom_right': (19, 7)}]"
20,17,5,1,19,"[(17, 5), (16, 5), (16, 6), (16, 7), (16, 8), (16, 9), (16, 10), (15, 10), (14, 10), (13, 10), (12, 10), (11, 10), (10, 10), (9, 10), (8, 10), (7, 10), (6, 10), (5, 10), (4, 10), (3, 10), (2, 10), (1, 10), (1, 11), (1, 12), (1, 13), (1, 14), (1, 15), (1, 16), (1, 17), (1, 18), (1, 19)]","[{'top_left': (12, 2), 'bottom_right': (15, 5)}, {'top_left': (12, 6), 'bottom_right': (15, 9)}, {'top_left': (10, 14), 'bottom_right': (13, 17)}]"
20,15,0,5,6,"[(15, 0), (14, 0), (13, 0), (12, 0), (11, 0), (10, 0), (9, 0), (8, 0), (7, 0), (6, 0), (5, 0), (5, 1), (5, 2), (5, 3), (5, 4), (5, 5), (5, 6)]","[{'top_left': (12, 2), 'bottom_right': (15, 5)}, {'top_left': (12, 6), 'bottom_right': (15, 9)}, {'top_left': (10, 14), 'bottom_right': (13, 17)}]"
20,2,12,9,6,"[(2, 12), (2, 11), (2, 10), (2, 9), (2, 8), (2, 7), (2, 6), (3, 6), (4, 6), (5, 6), (6, 6), (7, 6), (8, 6), (9, 6)]","[{'top_left': (12, 2), 'bottom_right': (15, 5)}, {'top_left': (12, 6), 'bottom_right': (15, 9)}, {'top_left': (10, 14), 'bottom_right': (13, 17)}]"
20,7,9,16,2,"[(7, 9), (7, 8), (7, 7), (7, 6), (7, 5), (7, 4), (7, 3), (7, 2), (7, 1), (8, 1), (9, 1), (10, 1), (11, 1), (12, 1), (13, 1), (14, 1), (15, 1), (16, 1), (16, 2)]","[{'top_left': (12, 2), 'bottom_right': (15, 5)}, {'top_left': (12, 6), 'bottom_right': (15, 9)}, {'top_left': (10, 14), 'bottom_right': (13, 17)}]"
20,0,5,10,13,"[(0, 5), (0, 6), (0, 7), (0, 8), (0, 9), (0, 10), (0, 11), (0, 12), (0, 13), (1, 13), (2, 13), (3, 13), (4, 13), (5, 13), (6, 13), (7, 13), (8, 13), (9, 13), (10, 13)]","[{'top_left': (12, 2), 'bottom_right': (15, 5)}, {'top_left': (12, 6), 'bottom_right': (15, 9)}, {'top_left': (10, 14), 'bottom_right': (13, 17)}]"
20,5,19,18,9,"[(5, 19), (5, 18), (5, 17), (5, 16), (5, 15), (5, 14), (5, 13), (5, 12), (5, 11), (5, 10), (5, 9), (6, 9), (7, 9), (8, 9), (9, 9), (10, 9), (11, 9), (12, 9), (13, 9), (14, 9), (15, 9), (16, 9), (17, 9), (18, 9)]","[{'top_left': (12, 5), 'bottom_right': (15, 8)}, {'top_left': (3, 4), 'bottom_right': (6, 7)}, {'top_left': (13, 15), 'bottom_right': (16, 18)}]"
20,18,6,16,14,"[(18, 6), (17, 6), (16, 6), (16, 7), (16, 8), (16, 9), (16, 10), (16, 11), (16, 12), (16, 13), (16, 14)]","[{'top_left': (12, 5), 'bottom_right': (15, 8)}, {'top_left': (3, 4), 'bottom_right': (6, 7)}, {'top_left': (13, 15), 'bottom_right': (16, 18)}]"
20,8,6,0,4,"[(8, 6), (7, 6), (7, 5), (7, 4), (7, 3), (6, 3), (5, 3), (4, 3), (3, 3), (2, 3), (1, 3), (0, 3), (0, 4)]","[{'top_left': (12, 5), 'bottom_right': (15, 8)}, {'top_left': (3, 4), 'bottom_right': (6, 7)}, {'top_left': (13, 15), 'bottom_right': (16, 18)}]"
20,14,2,12,19,"[(14, 2), (13, 2), (12, 2), (11, 2), (11, 3), (11, 4), (11, 5), (11, 6), (11, 7), (11, 8), (11, 9), (11, 10), (11, 11), (11, 12), (11, 13), (11, 14), (11, 15), (11, 16), (11, 17), (11, 18), (11, 19), (12, 19)]","[{'top_left': (12, 5), 'bottom_right': (15, 8)}, {'top_left': (3, 4), 'bottom_right': (6, 7)}, {'top_left': (13, 15), 'bottom_right': (16, 18)}]"
20,1,2,9,14,"[(1, 2), (1, 3), (1, 4), (1, 5), (1, 6), (1, 7), (1, 8), (1, 9), (1, 10), (1, 11), (1, 12), (1, 13), (1, 14), (2, 14), (3, 14), (4, 14), (5, 14), (6, 14), (7, 14), (8, 14), (9, 14)]","[{'top_left': (12, 5), 'bottom_right': (15, 8)}, {'top_left': (3, 4), 'bottom_right': (6, 7)}, {'top_left': (13, 15), 'bottom_right': (16, 18)}]"
20,5,8,17,9,"[(5, 8), (5, 9), (5, 10), (5, 11), (5, 12), (6, 12), (7, 12), (8, 12), (9, 12), (9, 13), (10, 13), (11, 13), (12, 13), (13, 13), (14, 13), (15, 13), (15, 12), (15, 11), (15, 10), (15, 9), (16, 9), (17, 9)]","[{'top_left': (11, 9), 'bottom_right': (14, 12)}, {'top_left': (12, 5), 'bottom_right': (15, 8)}, {'top_left': (5, 13), 'bottom_right': (8, 16)}]"
20,2,6,15,13,"[(2, 6), (2, 7), (2, 8), (2, 9), (2, 10), (2, 11), (2, 12), (3, 12), (4, 12), (5, 12), (6, 12), (7, 12), (8, 12), (9, 12), (9, 13), (10, 13), (11, 13), (12, 13), (13, 13), (14, 13), (15, 13)]","[{'top_left': (11, 9), 'bottom_right': (14, 12)}, {'top_left': (12, 5), 'bottom_right': (15, 8)}, {'top_left': (5, 13), 'bottom_right': (8, 16)}]"
20,2,2,17,7,"[(2, 2), (2, 3), (2, 4), (3, 4), (4, 4), (5, 4), (6, 4), (7, 4), (8, 4), (9, 4), (10, 4), (11, 4), (12, 4), (13, 4), (14, 4), (15, 4), (16, 4), (16, 5), (16, 6), (16, 7), (17, 7)]","[{'top_left': (11, 9), 'bottom_right': (14, 12)}, {'top_left': (12, 5), 'bottom_right': (15, 8)}, {'top_left': (5, 13), 'bottom_right': (8, 16)}]"
20,5,5,0,19,"[(5, 5), (4, 5), (3, 5), (2, 5), (1, 5), (0, 5), (0, 6), (0, 7), (0, 8), (0, 9), (0, 10), (0, 11), (0, 12), (0, 13), (0, 14), (0, 15), (0, 16), (0, 17), (0, 18), (0, 19)]","[{'top_left': (11, 9), 'bottom_right': (14, 12)}, {'top_left': (12, 5), 'bottom_right': (15, 8)}, {'top_left': (5, 13), 'bottom_right': (8, 16)}]"
20,17,12,5,2,"[(17, 12), (16, 12), (16, 11), (16, 10), (16, 9), (16, 8), (16, 7), (16, 6), (16, 5), (16, 4), (15, 4), (14, 4), (13, 4), (12, 4), (11, 4), (10, 4), (9, 4), (8, 4), (7, 4), (6, 4), (5, 4), (5, 3), (5, 2)]","[{'top_left': (11, 9), 'bottom_right': (14, 12)}, {'top_left': (12, 5), 'bottom_right': (15, 8)}, {'top_left': (5, 13), 'bottom_right': (8, 16)}]"
20,6,1,17,6,"[(6, 1), (6, 2), (6, 3), (6, 4), (7, 4), (8, 4), (9, 4), (10, 4), (11, 4), (12, 4), (13, 4), (14, 4), (15, 4), (15, 5), (15, 6), (16, 6), (17, 6)]","[{'top_left': (0, 8), 'bottom_right': (3, 11)}, {'top_left': (4, 14), 'bottom_right': (7, 17)}, {'top_left': (11, 5), 'bottom_right': (14, 8)}]"
20,12,9,14,1,"[(12, 9), (13, 9), (14, 9), (15, 9), (15, 8), (15, 7), (15, 6), (15, 5), (15, 4), (14, 4), (14, 3), (14, 2), (14, 1)]","[{'top_left': (0, 8), 'bottom_right': (3, 11)}, {'top_left': (4, 14), 'bottom_right': (7, 17)}, {'top_left': (11, 5), 'bottom_right': (14, 8)}]"
20,19,0,1,12,"[(19, 0), (18, 0), (17, 0), (16, 0), (15, 0), (14, 0), (13, 0), (12, 0), (11, 0), (10, 0), (9, 0), (8, 0), (7, 0), (6, 0), (5, 0), (4, 0), (4, 1), (4, 2), (4, 3), (4, 4), (4, 5), (4, 6), (4, 7), (4, 8), (4, 9), (4, 10), (4, 11), (4, 12), (3, 12), (2, 12), (1, 12)]","[{'top_left': (0, 8), 'bottom_right': (3, 11)}, {'top_left': (4, 14), 'bottom_right': (7, 17)}, {'top_left': (11, 5), 'bottom_right': (14, 8)}]"
20,6,2,0,13,"[(6, 2), (5, 2), (4, 2), (4, 3), (4, 4), (4, 5), (4, 6), (4, 7), (4, 8), (4, 9), (4, 10), (4, 11), (4, 12), (3, 12), (2, 12), (1, 12), (0, 12), (0, 13)]","[{'top_left': (0, 8), 'bottom_right': (3, 11)}, {'top_left': (4, 14), 'bottom_right': (7, 17)}, {'top_left': (11, 5), 'bottom_right': (14, 8)}]"
20,0,0,10,6,"[(0, 0), (0, 1), (0, 2), (0, 3), (0, 4), (0, 5), (0, 6), (1, 6), (2, 6), (3, 6), (4, 6), (5, 6), (6, 6), (7, 6), (8, 6), (9, 6), (10, 6)]","[{'top_left': (0, 8), 'bottom_right': (3, 11)}, {'top_left': (4, 14), 'bottom_right': (7, 17)}, {'top_left': (11, 5), 'bottom_right': (14, 8)}]"
20,5,0,12,10,"[(5, 0), (6, 0), (7, 0), (8, 0), (9, 0), (9, 1), (9, 2), (9, 3), (9, 4), (9, 5), (9, 6), (9, 7), (9, 8), (9, 9), (9, 10), (10, 10), (11, 10), (12, 10)]","[{'top_left': (2, 7), 'bottom_right': (5, 10)}, {'top_left': (5, 1), 'bottom_right': (8, 4)}, {'top_left': (13, 16), 'bottom_right': (16, 19)}]"
20,11,1,2,6,"[(11, 1), (10, 1), (9, 1), (9, 2), (9, 3), (9, 4), (9, 5), (8, 5), (7, 5), (6, 5), (5, 5), (4, 5), (3, 5), (2, 5), (2, 6)]","[{'top_left': (2, 7), 'bottom_right': (5, 10)}, {'top_left': (5, 1), 'bottom_right': (8, 4)}, {'top_left': (13, 16), 'bottom_right': (16, 19)}]"
20,13,9,19,15,"[(13, 9), (13, 10), (13, 11), (13, 12), (13, 13), (13, 14), (13, 15), (14, 15), (15, 15), (16, 15), (17, 15), (18, 15), (19, 15)]","[{'top_left': (2, 7), 'bottom_right': (5, 10)}, {'top_left': (5, 1), 'bottom_right': (8, 4)}, {'top_left': (13, 16), 'bottom_right': (16, 19)}]"
20,3,17,18,5,"[(3, 17), (3, 16), (3, 15), (3, 14), (3, 13), (3, 12), (3, 11), (4, 11), (5, 11), (6, 11), (6, 10), (6, 9), (6, 8), (6, 7), (6, 6), (6, 5), (7, 5), (8, 5), (9, 5), (10, 5), (11, 5), (12, 5), (13, 5), (14, 5), (15, 5), (16, 5), (17, 5), (18, 5)]","[{'top_left': (2, 7), 'bottom_right': (5, 10)}, {'top_left': (5, 1), 'bottom_right': (8, 4)}, {'top_left': (13, 16), 'bottom_right': (16, 19)}]"
20,0,19,18,14,"[(0, 19), (0, 18), (0, 17), (0, 16), (0, 15), (0, 14), (1, 14), (2, 14), (3, 14), (4, 14), (5, 14), (6, 14), (7, 14), (8, 14), (9, 14), (10, 14), (11, 14), (12, 14), (13, 14), (14, 14), (15, 14), (16, 14), (17, 14), (18, 14)]","[{'top_left': (2, 7), 'bottom_right': (5, 10)}, {'top_left': (5, 1), 'bottom_right': (8, 4)}, {'top_left': (13, 16), 'bottom_right': (16, 19)}]"
20,2,1,4,11,"[(2, 1), (2, 2), (2, 3), (2, 4), (2, 5), (2, 6), (3, 6), (4, 6), (4, 7), (4, 8), (4, 9), (4, 10), (4, 11)]","[{'top_left': (12, 16), 'bottom_right': (15, 19)}, {'top_left': (7, 16), 'bottom_right': (10, 19)}, {'top_left': (0, 7), 'bottom_right': (3, 10)}]"
20,15,9,6,4,"[(15, 9), (14, 9), (13, 9), (12, 9), (11, 9), (10, 9), (9, 9), (8, 9), (7, 9), (6, 9), (6, 8), (6, 7), (6, 6), (6, 5), (6, 4)]","[{'top_left': (12, 16), 'bottom_right': (15, 19)}, {'top_left': (7, 16), 'bottom_right': (10, 19)}, {'top_left': (0, 7), 'bottom_right': (3, 10)}]"
20,19,14,10,4,"[(19, 14), (18, 14), (17, 14), (16, 14), (15, 14), (14, 14), (13, 14), (12, 14), (11, 14), (10, 14), (10, 13), (10, 12), (10, 11), (10, 10), (10, 9), (10, 8), (10, 7), (10, 6), (10, 5), (10, 4)]","[{'top_left': (12, 16), 'bottom_right': (15, 19)}, {'top_left': (7, 16), 'bottom_right': (10, 19)}, {'top_left': (0, 7), 'bottom_right': (3, 10)}]"
20,8,10,1,16,"[(8, 10), (7, 10), (6, 10), (5, 10), (4, 10), (4, 11), (3, 11), (2, 11), (1, 11), (1, 12), (1, 13), (1, 14), (1, 15), (1, 16)]","[{'top_left': (12, 16), 'bottom_right': (15, 19)}, {'top_left': (7, 16), 'bottom_right': (10, 19)}, {'top_left': (0, 7), 'bottom_right': (3, 10)}]"
20,17,1,7,7,"[(17, 1), (16, 1), (15, 1), (14, 1), (13, 1), (12, 1), (11, 1), (10, 1), (9, 1), (8, 1), (7, 1), (7, 2), (7, 3), (7, 4), (7, 5), (7, 6), (7, 7)]","[{'top_left': (12, 16), 'bottom_right': (15, 19)}, {'top_left': (7, 16), 'bottom_right': (10, 19)}, {'top_left': (0, 7), 'bottom_right': (3, 10)}]"
20,2,15,2,6,"[(2, 15), (2, 14), (2, 13), (2, 12), (2, 11), (2, 10), (2, 9), (2, 8), (2, 7), (2, 6)]","[{'top_left': (12, 16), 'bottom_right': (15, 19)}, {'top_left': (10, 5), 'bottom_right': (13, 8)}, {'top_left': (14, 0), 'bottom_right': (17, 3)}]"
20,2,5,18,17,"[(2, 5), (2, 6), (2, 7), (2, 8), (2, 9), (2, 10), (2, 11), (2, 12), (2, 13), (2, 14), (2, 15), (3, 15), (4, 15), (5, 15), (6, 15), (7, 15), (8, 15), (9, 15), (10, 15), (11, 15), (12, 15), (13, 15), (14, 15), (15, 15), (16, 15), (16, 16), (16, 17), (17, 17), (18, 17)]","[{'top_left': (12, 16), 'bottom_right': (15, 19)}, {'top_left': (10, 5), 'bottom_right': (13, 8)}, {'top_left': (14, 0), 'bottom_right': (17, 3)}]"
20,13,14,9,5,"[(13, 14), (12, 14), (11, 14), (10, 14), (9, 14), (9, 13), (9, 12), (9, 11), (9, 10), (9, 9), (9, 8), (9, 7), (9, 6), (9, 5)]","[{'top_left': (12, 16), 'bottom_right': (15, 19)}, {'top_left': (10, 5), 'bottom_right': (13, 8)}, {'top_left': (14, 0), 'bottom_right': (17, 3)}]"
20,19,7,9,9,"[(19, 7), (18, 7), (17, 7), (16, 7), (15, 7), (14, 7), (14, 8), (14, 9), (13, 9), (12, 9), (11, 9), (10, 9), (9, 9)]","[{'top_left': (12, 16), 'bottom_right': (15, 19)}, {'top_left': (10, 5), 'bottom_right': (13, 8)}, {'top_left': (14, 0), 'bottom_right': (17, 3)}]"
20,18,14,6,8,"[(18, 14), (17, 14), (16, 14), (15, 14), (14, 14), (13, 14), (12, 14), (11, 14), (10, 14), (9, 14), (8, 14), (7, 14), (6, 14), (6, 13), (6, 12), (6, 11), (6, 10), (6, 9), (6, 8)]","[{'top_left': (12, 16), 'bottom_right': (15, 19)}, {'top_left': (10, 5), 'bottom_right': (13, 8)}, {'top_left': (14, 0), 'bottom_right': (17, 3)}]"
20,13,2,9,19,"[(13, 2), (12, 2), (11, 2), (10, 2), (9, 2), (9, 3), (9, 4), (9, 5), (9, 6), (9, 7), (9, 8), (9, 9), (9, 10), (9, 11), (9, 12), (9, 13), (9, 14), (9, 15), (9, 16), (9, 17), (9, 18), (9, 19)]","[{'top_left': (15, 2), 'bottom_right': (18, 5)}, {'top_left': (11, 12), 'bottom_right': (14, 15)}, {'top_left': (15, 14), 'bottom_right': (18, 17)}]"
20,14,9,12,17,"[(14, 9), (13, 9), (12, 9), (11, 9), (10, 9), (10, 10), (10, 11), (10, 12), (10, 13), (10, 14), (10, 15), (10, 16), (10, 17), (11, 17), (12, 17)]","[{'top_left': (15, 2), 'bottom_right': (18, 5)}, {'top_left': (11, 12), 'bottom_right': (14, 15)}, {'top_left': (15, 14), 'bottom_right': (18, 17)}]"
20,19,15,2,10,"[(19, 15), (19, 14), (19, 13), (18, 13), (17, 13), (16, 13), (15, 13), (15, 12), (15, 11), (14, 11), (13, 11), (12, 11), (11, 11), (10, 11), (9, 11), (8, 11), (7, 11), (6, 11), (5, 11), (4, 11), (3, 11), (2, 11), (2, 10)]","[{'top_left': (15, 2), 'bottom_right': (18, 5)}, {'top_left': (11, 12), 'bottom_right': (14, 15)}, {'top_left': (15, 14), 'bottom_right': (18, 17)}]"
20,4,15,6,4,"[(4, 15), (4, 14), (4, 13), (4, 12), (4, 11), (4, 10), (4, 9), (4, 8), (4, 7), (4, 6), (4, 5), (4, 4), (5, 4), (6, 4)]","[{'top_left': (15, 2), 'bottom_right': (18, 5)}, {'top_left': (11, 12), 'bottom_right': (14, 15)}, {'top_left': (15, 14), 'bottom_right': (18, 17)}]"
20,6,0,0,16,"[(6, 0), (5, 0), (4, 0), (3, 0), (2, 0), (1, 0), (0, 0), (0, 1), (0, 2), (0, 3), (0, 4), (0, 5), (0, 6), (0, 7), (0, 8), (0, 9), (0, 10), (0, 11), (0, 12), (0, 13), (0, 14), (0, 15), (0, 16)]","[{'top_left': (15, 2), 'bottom_right': (18, 5)}, {'top_left': (11, 12), 'bottom_right': (14, 15)}, {'top_left': (15, 14), 'bottom_right': (18, 17)}]"
20,13,1,3,12,"[(13, 1), (12, 1), (11, 1), (10, 1), (9, 1), (8, 1), (7, 1), (6, 1), (5, 1), (4, 1), (3, 1), (3, 2), (3, 3), (3, 4), (3, 5), (3, 6), (3, 7), (3, 8), (3, 9), (3, 10), (3, 11), (3, 12)]","[{'top_left': (11, 15), 'bottom_right': (14, 18)}, {'top_left': (12, 11), 'bottom_right': (15, 14)}, {'top_left': (9, 2), 'bottom_right': (12, 5)}]"
20,18,5,6,13,"[(18, 5), (17, 5), (16, 5), (15, 5), (14, 5), (13, 5), (13, 6), (12, 6), (11, 6), (10, 6), (9, 6), (8, 6), (7, 6), (6, 6), (6, 7), (6, 8), (6, 9), (6, 10), (6, 11), (6, 12), (6, 13)]","[{'top_left': (11, 15), 'bottom_right': (14, 18)}, {'top_left': (12, 11), 'bottom_right': (15, 14)}, {'top_left': (9, 2), 'bottom_right': (12, 5)}]"
20,8,11,16,15,"[(8, 11), (8, 10), (9, 10), (10, 10), (11, 10), (12, 10), (13, 10), (14, 10), (15, 10), (16, 10), (16, 11), (16, 12), (16, 13), (16, 14), (16, 15)]","[{'top_left': (11, 15), 'bottom_right': (14, 18)}, {'top_left': (12, 11), 'bottom_right': (15, 14)}, {'top_left': (9, 2), 'bottom_right': (12, 5)}]"
20,7,7,15,1,"[(7, 7), (7, 6), (7, 5), (7, 4), (7, 3), (7, 2), (7, 1), (8, 1), (9, 1), (10, 1), (11, 1), (12, 1), (13, 1), (14, 1), (15, 1)]","[{'top_left': (11, 15), 'bottom_right': (14, 18)}, {'top_left': (12, 11), 'bottom_right': (15, 14)}, {'top_left': (9, 2), 'bottom_right': (12, 5)}]"
20,11,0,4,8,"[(11, 0), (10, 0), (9, 0), (8, 0), (7, 0), (6, 0), (5, 0), (4, 0), (4, 1), (4, 2), (4, 3), (4, 4), (4, 5), (4, 6), (4, 7), (4, 8)]","[{'top_left': (11, 15), 'bottom_right': (14, 18)}, {'top_left': (12, 11), 'bottom_right': (15, 14)}, {'top_left': (9, 2), 'bottom_right': (12, 5)}]"
30,24,2,20,22,"[(24, 2), (23, 2), (22, 2), (21, 2), (20, 2), (19, 2), (18, 2), (18, 3), (18, 4), (18, 5), (18, 6), (18, 7), (18, 8), (18, 9), (18, 10), (18, 11), (18, 12), (18, 13), (18, 14), (18, 15), (18, 16), (18, 17), (18, 18), (18, 19), (18, 20), (18, 21), (18, 22), (19, 22), (20, 22)]","[{'top_left': (19, 14), 'bottom_right': (23, 18)}, {'top_left': (21, 4), 'bottom_right': (25, 8)}, {'top_left': (8, 7), 'bottom_right': (12, 11)}, {'top_left': (0, 3), 'bottom_right': (4, 7)}]"
30,29,12,12,22,"[(29, 12), (28, 12), (27, 12), (26, 12), (25, 12), (24, 12), (23, 12), (22, 12), (21, 12), (20, 12), (19, 12), (18, 12), (17, 12), (16, 12), (15, 12), (14, 12), (13, 12), (12, 12), (12, 13), (12, 14), (12, 15), (12, 16), (12, 17), (12, 18), (12, 19), (12, 20), (12, 21), (12, 22)]","[{'top_left': (19, 14), 'bottom_right': (23, 18)}, {'top_left': (21, 4), 'bottom_right': (25, 8)}, {'top_left': (8, 7), 'bottom_right': (12, 11)}, {'top_left': (0, 3), 'bottom_right': (4, 7)}]"
30,18,28,2,16,"[(18, 28), (17, 28), (16, 28), (15, 28), (14, 28), (13, 28), (12, 28), (11, 28), (10, 28), (9, 28), (8, 28), (7, 28), (6, 28), (5, 28), (4, 28), (3, 28), (2, 28), (2, 27), (2, 26), (2, 25), (2, 24), (2, 23), (2, 22), (2, 21), (2, 20), (2, 19), (2, 18), (2, 17), (2, 16)]","[{'top_left': (19, 14), 'bottom_right': (23, 18)}, {'top_left': (21, 4), 'bottom_right': (25, 8)}, {'top_left': (8, 7), 'bottom_right': (12, 11)}, {'top_left': (0, 3), 'bottom_right': (4, 7)}]"
30,5,26,13,8,"[(5, 26), (5, 25), (5, 24), (5, 23), (5, 22), (5, 21), (5, 20), (5, 19), (5, 18), (5, 17), (5, 16), (5, 15), (5, 14), (5, 13), (5, 12), (6, 12), (7, 12), (8, 12), (9, 12), (10, 12), (11, 12), (12, 12), (13, 12), (13, 11), (13, 10), (13, 9), (13, 8)]","[{'top_left': (19, 14), 'bottom_right': (23, 18)}, {'top_left': (21, 4), 'bottom_right': (25, 8)}, {'top_left': (8, 7), 'bottom_right': (12, 11)}, {'top_left': (0, 3), 'bottom_right': (4, 7)}]"
30,21,28,12,18,"[(21, 28), (20, 28), (19, 28), (18, 28), (17, 28), (16, 28), (15, 28), (14, 28), (13, 28), (12, 28), (12, 27), (12, 26), (12, 25), (12, 24), (12, 23), (12, 22), (12, 21), (12, 20), (12, 19), (12, 18)]","[{'top_left': (19, 14), 'bottom_right': (23, 18)}, {'top_left': (21, 4), 'bottom_right': (25, 8)}, {'top_left': (8, 7), 'bottom_right': (12, 11)}, {'top_left': (0, 3), 'bottom_right': (4, 7)}]"
30,0,5,26,15,"[(0, 5), (0, 6), (0, 7), (0, 8), (0, 9), (0, 10), (0, 11), (0, 12), (0, 13), (0, 14), (0, 15), (1, 15), (2, 15), (3, 15), (4, 15), (5, 15), (6, 15), (7, 15), (8, 15), (9, 15), (10, 15), (11, 15), (12, 15), (13, 15), (14, 15), (15, 15), (16, 15), (17, 15), (18, 15), (19, 15), (20, 15), (21, 15), (22, 15), (23, 15), (24, 15), (25, 15), (26, 15)]","[{'top_left': (9, 23), 'bottom_right': (13, 27)}, {'top_left': (23, 2), 'bottom_right': (27, 6)}, {'top_left': (3, 20), 'bottom_right': (7, 24)}, {'top_left': (18, 24), 'bottom_right': (22, 28)}]"
30,0,3,2,24,"[(0, 3), (0, 4), (0, 5), (0, 6), (0, 7), (0, 8), (0, 9), (0, 10), (0, 11), (0, 12), (0, 13), (0, 14), (0, 15), (0, 16), (0, 17), (0, 18), (0, 19), (0, 20), (0, 21), (0, 22), (0, 23), (0, 24), (1, 24), (2, 24)]","[{'top_left': (9, 23), 'bottom_right': (13, 27)}, {'top_left': (23, 2), 'bottom_right': (27, 6)}, {'top_left': (3, 20), 'bottom_right': (7, 24)}, {'top_left': (18, 24), 'bottom_right': (22, 28)}]"
30,22,4,6,15,"[(22, 4), (21, 4), (20, 4), (19, 4), (18, 4), (17, 4), (16, 4), (15, 4), (14, 4), (13, 4), (12, 4), (11, 4), (10, 4), (9, 4), (8, 4), (7, 4), (6, 4), (6, 5), (6, 6), (6, 7), (6, 8), (6, 9), (6, 10), (6, 11), (6, 12), (6, 13), (6, 14), (6, 15)]","[{'top_left': (9, 23), 'bottom_right': (13, 27)}, {'top_left': (23, 2), 'bottom_right': (27, 6)}, {'top_left': (3, 20), 'bottom_right': (7, 24)}, {'top_left': (18, 24), 'bottom_right': (22, 28)}]"
30,25,24,6,8,"[(25, 24), (24, 24), (23, 24), (23, 23), (22, 23), (21, 23), (20, 23), (19, 23), (18, 23), (17, 23), (16, 23), (15, 23), (14, 23), (14, 22), (13, 22), (12, 22), (11, 22), (10, 22), (9, 22), (8, 22), (8, 21), (8, 20), (8, 19), (7, 19), (6, 19), (6, 18), (6, 17), (6, 16), (6, 15), (6, 14), (6, 13), (6, 12), (6, 11), (6, 10), (6, 9), (6, 8)]","[{'top_left': (9, 23), 'bottom_right': (13, 27)}, {'top_left': (23, 2), 'bottom_right': (27, 6)}, {'top_left': (3, 20), 'bottom_right': (7, 24)}, {'top_left': (18, 24), 'bottom_right': (22, 28)}]"
30,28,27,13,14,"[(28, 27), (27, 27), (26, 27), (25, 27), (24, 27), (23, 27), (23, 26), (23, 25), (23, 24), (23, 23), (22, 23), (21, 23), (20, 23), (19, 23), (18, 23), (17, 23), (16, 23), (15, 23), (14, 23), (14, 22), (13, 22), (13, 21), (13, 20), (13, 19), (13, 18), (13, 17), (13, 16), (13, 15), (13, 14)]","[{'top_left': (9, 23), 'bottom_right': (13, 27)}, {'top_left': (23, 2), 'bottom_right': (27, 6)}, {'top_left': (3, 20), 'bottom_right': (7, 24)}, {'top_left': (18, 24), 'bottom_right': (22, 28)}]"
30,21,24,3,0,"[(21, 24), (20, 24), (19, 24), (18, 24), (17, 24), (16, 24), (15, 24), (14, 24), (13, 24), (12, 24), (11, 24), (10, 24), (9, 24), (8, 24), (8, 23), (8, 22), (8, 21), (8, 20), (8, 19), (7, 19), (6, 19), (5, 19), (4, 19), (3, 19), (3, 18), (3, 17), (3, 16), (3, 15), (3, 14), (3, 13), (3, 12), (3, 11), (3, 10), (3, 9), (3, 8), (3, 7), (3, 6), (3, 5), (3, 4), (3, 3), (3, 2), (3, 1), (3, 0)]","[{'top_left': (20, 19), 'bottom_right': (24, 23)}, {'top_left': (3, 20), 'bottom_right': (7, 24)}, {'top_left': (5, 2), 'bottom_right': (9, 6)}, {'top_left': (12, 3), 'bottom_right': (16, 7)}]"
30,1,8,24,0,"[(1, 8), (1, 7), (1, 6), (1, 5), (1, 4), (1, 3), (1, 2), (1, 1), (1, 0), (2, 0), (3, 0), (4, 0), (5, 0), (6, 0), (7, 0), (8, 0), (9, 0), (10, 0), (11, 0), (12, 0), (13, 0), (14, 0), (15, 0), (16, 0), (17, 0), (18, 0), (19, 0), (20, 0), (21, 0), (22, 0), (23, 0), (24, 0)]","[{'top_left': (20, 19), 'bottom_right': (24, 23)}, {'top_left': (3, 20), 'bottom_right': (7, 24)}, {'top_left': (5, 2), 'bottom_right': (9, 6)}, {'top_left': (12, 3), 'bottom_right': (16, 7)}]"
30,21,18,25,1,"[(21, 18), (21, 17), (21, 16), (21, 15), (21, 14), (21, 13), (21, 12), (21, 11), (21, 10), (21, 9), (21, 8), (21, 7), (21, 6), (21, 5), (21, 4), (21, 3), (21, 2), (21, 1), (22, 1), (23, 1), (24, 1), (25, 1)]","[{'top_left': (20, 19), 'bottom_right': (24, 23)}, {'top_left': (3, 20), 'bottom_right': (7, 24)}, {'top_left': (5, 2), 'bottom_right': (9, 6)}, {'top_left': (12, 3), 'bottom_right': (16, 7)}]"
30,3,6,16,25,"[(3, 6), (3, 7), (3, 8), (3, 9), (3, 10), (3, 11), (3, 12), (3, 13), (3, 14), (3, 15), (3, 16), (3, 17), (3, 18), (3, 19), (4, 19), (5, 19), (6, 19), (7, 19), (8, 19), (8, 20), (8, 21), (8, 22), (8, 23), (8, 24), (8, 25), (9, 25), (10, 25), (11, 25), (12, 25), (13, 25), (14, 25), (15, 25), (16, 25)]","[{'top_left': (20, 19), 'bottom_right': (24, 23)}, {'top_left': (3, 20), 'bottom_right': (7, 24)}, {'top_left': (5, 2), 'bottom_right': (9, 6)}, {'top_left': (12, 3), 'bottom_right': (16, 7)}]"
30,0,12,19,16,"[(0, 12), (0, 13), (0, 14), (0, 15), (0, 16), (1, 16), (2, 16), (3, 16), (4, 16), (5, 16), (6, 16), (7, 16), (8, 16), (9, 16), (10, 16), (11, 16), (12, 16), (13, 16), (14, 16), (15, 16), (16, 16), (17, 16), (18, 16), (19, 16)]","[{'top_left': (20, 19), 'bottom_right': (24, 23)}, {'top_left': (3, 20), 'bottom_right': (7, 24)}, {'top_left': (5, 2), 'bottom_right': (9, 6)}, {'top_left': (12, 3), 'bottom_right': (16, 7)}]"
30,3,0,14,27,"[(3, 0), (3, 1), (3, 2), (3, 3), (3, 4), (3, 5), (3, 6), (3, 7), (3, 8), (3, 9), (3, 10), (3, 11), (3, 12), (3, 13), (3, 14), (3, 15), (3, 16), (3, 17), (3, 18), (3, 19), (3, 20), (3, 21), (3, 22), (3, 23), (3, 24), (3, 25), (3, 26), (3, 27), (4, 27), (5, 27), (6, 27), (7, 27), (8, 27), (9, 27), (10, 27), (11, 27), (12, 27), (13, 27), (14, 27)]","[{'top_left': (24, 8), 'bottom_right': (28, 12)}, {'top_left': (15, 15), 'bottom_right': (19, 19)}, {'top_left': (10, 11), 'bottom_right': (14, 15)}, {'top_left': (11, 21), 'bottom_right': (15, 25)}]"
30,22,12,23,26,"[(22, 12), (22, 13), (22, 14), (22, 15), (22, 16), (22, 17), (22, 18), (22, 19), (22, 20), (22, 21), (22, 22), (22, 23), (22, 24), (22, 25), (22, 26), (23, 26)]","[{'top_left': (24, 8), 'bottom_right': (28, 12)}, {'top_left': (15, 15), 'bottom_right': (19, 19)}, {'top_left': (10, 11), 'bottom_right': (14, 15)}, {'top_left': (11, 21), 'bottom_right': (15, 25)}]"
30,28,29,4,0,"[(28, 29), (27, 29), (26, 29), (25, 29), (24, 29), (23, 29), (22, 29), (21, 29), (20, 29), (19, 29), (18, 29), (17, 29), (16, 29), (15, 29), (14, 29), (13, 29), (12, 29), (11, 29), (10, 29), (9, 29), (8, 29), (7, 29), (6, 29), (5, 29), (4, 29), (4, 28), (4, 27), (4, 26), (4, 25), (4, 24), (4, 23), (4, 22), (4, 21), (4, 20), (4, 19), (4, 18), (4, 17), (4, 16), (4, 15), (4, 14), (4, 13), (4, 12), (4, 11), (4, 10), (4, 9), (4, 8), (4, 7), (4, 6), (4, 5), (4, 4), (4, 3), (4, 2), (4, 1), (4, 0)]","[{'top_left': (24, 8), 'bottom_right': (28, 12)}, {'top_left': (15, 15), 'bottom_right': (19, 19)}, {'top_left': (10, 11), 'bottom_right': (14, 15)}, {'top_left': (11, 21), 'bottom_right': (15, 25)}]"
30,19,3,27,16,"[(19, 3), (19, 4), (19, 5), (19, 6), (19, 7), (19, 8), (19, 9), (19, 10), (19, 11), (19, 12), (19, 13), (19, 14), (20, 14), (20, 15), (20, 16), (21, 16), (22, 16), (23, 16), (24, 16), (25, 16), (26, 16), (27, 16)]","[{'top_left': (24, 8), 'bottom_right': (28, 12)}, {'top_left': (15, 15), 'bottom_right': (19, 19)}, {'top_left': (10, 11), 'bottom_right': (14, 15)}, {'top_left': (11, 21), 'bottom_right': (15, 25)}]"
30,8,22,24,26,"[(8, 22), (8, 23), (8, 24), (8, 25), (8, 26), (9, 26), (10, 26), (11, 26), (12, 26), (13, 26), (14, 26), (15, 26), (16, 26), (17, 26), (18, 26), (19, 26), (20, 26), (21, 26), (22, 26), (23, 26), (24, 26)]","[{'top_left': (24, 8), 'bottom_right': (28, 12)}, {'top_left': (15, 15), 'bottom_right': (19, 19)}, {'top_left': (10, 11), 'bottom_right': (14, 15)}, {'top_left': (11, 21), 'bottom_right': (15, 25)}]"
30,2,11,13,29,"[(2, 11), (2, 12), (2, 13), (2, 14), (2, 15), (2, 16), (2, 17), (2, 18), (2, 19), (2, 20), (2, 21), (2, 22), (2, 23), (2, 24), (2, 25), (2, 26), (2, 27), (2, 28), (2, 29), (3, 29), (4, 29), (5, 29), (6, 29), (7, 29), (8, 29), (9, 29), (10, 29), (11, 29), (12, 29), (13, 29)]","[{'top_left': (7, 11), 'bottom_right': (11, 15)}, {'top_left': (14, 19), 'bottom_right': (18, 23)}, {'top_left': (21, 21), 'bottom_right': (25, 25)}, {'top_left': (6, 0), 'bottom_right': (10, 4)}]"
30,29,15,21,27,"[(29, 15), (28, 15), (27, 15), (26, 15), (26, 16), (26, 17), (26, 18), (26, 19), (26, 20), (26, 21), (26, 22), (26, 23), (26, 24), (26, 25), (26, 26), (25, 26), (24, 26), (23, 26), (22, 26), (21, 26), (21, 27)]","[{'top_left': (7, 11), 'bottom_right': (11, 15)}, {'top_left': (14, 19), 'bottom_right': (18, 23)}, {'top_left': (21, 21), 'bottom_right': (25, 25)}, {'top_left': (6, 0), 'bottom_right': (10, 4)}]"
30,22,28,3,23,"[(22, 28), (21, 28), (20, 28), (19, 28), (18, 28), (17, 28), (16, 28), (15, 28), (14, 28), (13, 28), (12, 28), (11, 28), (10, 28), (9, 28), (8, 28), (7, 28), (6, 28), (5, 28), (4, 28), (3, 28), (3, 27), (3, 26), (3, 25), (3, 24), (3, 23)]","[{'top_left': (7, 11), 'bottom_right': (11, 15)}, {'top_left': (14, 19), 'bottom_right': (18, 23)}, {'top_left': (21, 21), 'bottom_right': (25, 25)}, {'top_left': (6, 0), 'bottom_right': (10, 4)}]"
30,22,4,27,16,"[(22, 4), (22, 5), (22, 6), (22, 7), (22, 8), (22, 9), (22, 10), (22, 11), (22, 12), (22, 13), (22, 14), (22, 15), (22, 16), (23, 16), (24, 16), (25, 16), (26, 16), (27, 16)]","[{'top_left': (7, 11), 'bottom_right': (11, 15)}, {'top_left': (14, 19), 'bottom_right': (18, 23)}, {'top_left': (21, 21), 'bottom_right': (25, 25)}, {'top_left': (6, 0), 'bottom_right': (10, 4)}]"
30,22,16,1,4,"[(22, 16), (21, 16), (20, 16), (19, 16), (18, 16), (17, 16), (16, 16), (15, 16), (14, 16), (13, 16), (12, 16), (11, 16), (10, 16), (9, 16), (8, 16), (7, 16), (6, 16), (5, 16), (4, 16), (3, 16), (2, 16), (1, 16), (1, 15), (1, 14), (1, 13), (1, 12), (1, 11), (1, 10), (1, 9), (1, 8), (1, 7), (1, 6), (1, 5), (1, 4)]","[{'top_left': (7, 11), 'bottom_right': (11, 15)}, {'top_left': (14, 19), 'bottom_right': (18, 23)}, {'top_left': (21, 21), 'bottom_right': (25, 25)}, {'top_left': (6, 0), 'bottom_right': (10, 4)}]"
30,28,14,3,15,"[(28, 14), (27, 14), (26, 14), (25, 14), (24, 14), (23, 14), (22, 14), (21, 14), (20, 14), (19, 14), (18, 14), (17, 14), (16, 14), (15, 14), (14, 14), (13, 14), (12, 14), (11, 14), (10, 14), (9, 14), (8, 14), (7, 14), (6, 14), (5, 14), (4, 14), (3, 14), (3, 15)]","[{'top_left': (15, 25), 'bottom_right': (19, 29)}, {'top_left': (2, 9), 'bottom_right': (6, 13)}, {'top_left': (21, 17), 'bottom_right': (25, 21)}, {'top_left': (14, 5), 'bottom_right': (18, 9)}]"
30,22,0,5,29,"[(22, 0), (21, 0), (20, 0), (19, 0), (18, 0), (17, 0), (16, 0), (15, 0), (14, 0), (13, 0), (12, 0), (11, 0), (10, 0), (9, 0), (8, 0), (7, 0), (7, 1), (7, 2), (7, 3), (7, 4), (7, 5), (7, 6), (7, 7), (7, 8), (7, 9), (7, 10), (7, 11), (7, 12), (7, 13), (7, 14), (6, 14), (5, 14), (5, 15), (5, 16), (5, 17), (5, 18), (5, 19), (5, 20), (5, 21), (5, 22), (5, 23), (5, 24), (5, 25), (5, 26), (5, 27), (5, 28), (5, 29)]","[{'top_left': (15, 25), 'bottom_right': (19, 29)}, {'top_left': (2, 9), 'bottom_right': (6, 13)}, {'top_left': (21, 17), 'bottom_right': (25, 21)}, {'top_left': (14, 5), 'bottom_right': (18, 9)}]"
30,24,8,7,23,"[(24, 8), (23, 8), (22, 8), (21, 8), (20, 8), (19, 8), (19, 9), (19, 10), (18, 10), (17, 10), (16, 10), (15, 10), (14, 10), (13, 10), (12, 10), (11, 10), (10, 10), (9, 10), (8, 10), (7, 10), (7, 11), (7, 12), (7, 13), (7, 14), (7, 15), (7, 16), (7, 17), (7, 18), (7, 19), (7, 20), (7, 21), (7, 22), (7, 23)]","[{'top_left': (15, 25), 'bottom_right': (19, 29)}, {'top_left': (2, 9), 'bottom_right': (6, 13)}, {'top_left': (21, 17), 'bottom_right': (25, 21)}, {'top_left': (14, 5), 'bottom_right': (18, 9)}]"
30,15,2,25,22,"[(15, 2), (15, 3), (15, 4), (16, 4), (17, 4), (18, 4), (19, 4), (19, 5), (19, 6), (19, 7), (19, 8), (19, 9), (19, 10), (19, 11), (19, 12), (19, 13), (19, 14), (19, 15), (19, 16), (19, 17), (19, 18), (19, 19), (19, 20), (19, 21), (19, 22), (20, 22), (21, 22), (22, 22), (23, 22), (24, 22), (25, 22)]","[{'top_left': (15, 25), 'bottom_right': (19, 29)}, {'top_left': (2, 9), 'bottom_right': (6, 13)}, {'top_left': (21, 17), 'bottom_right': (25, 21)}, {'top_left': (14, 5), 'bottom_right': (18, 9)}]"
30,25,7,7,8,"[(25, 7), (24, 7), (23, 7), (22, 7), (21, 7), (20, 7), (19, 7), (19, 8), (19, 9), (19, 10), (18, 10), (17, 10), (16, 10), (15, 10), (14, 10), (13, 10), (12, 10), (11, 10), (10, 10), (9, 10), (8, 10), (7, 10), (7, 9), (7, 8)]","[{'top_left': (15, 25), 'bottom_right': (19, 29)}, {'top_left': (2, 9), 'bottom_right': (6, 13)}, {'top_left': (21, 17), 'bottom_right': (25, 21)}, {'top_left': (14, 5), 'bottom_right': (18, 9)}]"
30,3,18,11,4,"[(3, 18), (3, 17), (3, 16), (3, 15), (3, 14), (4, 14), (5, 14), (6, 14), (7, 14), (8, 14), (8, 13), (8, 12), (8, 11), (8, 10), (8, 9), (8, 8), (8, 7), (8, 6), (8, 5), (8, 4), (9, 4), (10, 4), (11, 4)]","[{'top_left': (3, 9), 'bottom_right': (7, 13)}, {'top_left': (2, 3), 'bottom_right': (6, 7)}, {'top_left': (23, 18), 'bottom_right': (27, 22)}, {'top_left': (6, 23), 'bottom_right': (10, 27)}]"
30,27,10,12,18,"[(27, 10), (26, 10), (25, 10), (24, 10), (23, 10), (22, 10), (21, 10), (20, 10), (19, 10), (18, 10), (17, 10), (16, 10), (15, 10), (14, 10), (13, 10), (12, 10), (12, 11), (12, 12), (12, 13), (12, 14), (12, 15), (12, 16), (12, 17), (12, 18)]","[{'top_left': (3, 9), 'bottom_right': (7, 13)}, {'top_left': (2, 3), 'bottom_right': (6, 7)}, {'top_left': (23, 18), 'bottom_right': (27, 22)}, {'top_left': (6, 23), 'bottom_right': (10, 27)}]"
30,23,0,9,1,"[(23, 0), (22, 0), (21, 0), (20, 0), (19, 0), (18, 0), (17, 0), (16, 0), (15, 0), (14, 0), (13, 0), (12, 0), (11, 0), (10, 0), (9, 0), (9, 1)]","[{'top_left': (3, 9), 'bottom_right': (7, 13)}, {'top_left': (2, 3), 'bottom_right': (6, 7)}, {'top_left': (23, 18), 'bottom_right': (27, 22)}, {'top_left': (6, 23), 'bottom_right': (10, 27)}]"
30,25,4,16,21,"[(25, 4), (24, 4), (23, 4), (22, 4), (21, 4), (20, 4), (19, 4), (18, 4), (17, 4), (16, 4), (16, 5), (16, 6), (16, 7), (16, 8), (16, 9), (16, 10), (16, 11), (16, 12), (16, 13), (16, 14), (16, 15), (16, 16), (16, 17), (16, 18), (16, 19), (16, 20), (16, 21)]","[{'top_left': (3, 9), 'bottom_right': (7, 13)}, {'top_left': (2, 3), 'bottom_right': (6, 7)}, {'top_left': (23, 18), 'bottom_right': (27, 22)}, {'top_left': (6, 23), 'bottom_right': (10, 27)}]"
30,19,18,7,3,"[(19, 18), (18, 18), (17, 18), (16, 18), (15, 18), (14, 18), (13, 18), (12, 18), (11, 18), (10, 18), (9, 18), (8, 18), (8, 17), (8, 16), (8, 15), (8, 14), (8, 13), (8, 12), (8, 11), (8, 10), (8, 9), (8, 8), (7, 8), (7, 7), (7, 6), (7, 5), (7, 4), (7, 3)]","[{'top_left': (3, 9), 'bottom_right': (7, 13)}, {'top_left': (2, 3), 'bottom_right': (6, 7)}, {'top_left': (23, 18), 'bottom_right': (27, 22)}, {'top_left': (6, 23), 'bottom_right': (10, 27)}]"
30,4,23,21,27,"[(4, 23), (4, 24), (4, 25), (4, 26), (4, 27), (5, 27), (6, 27), (7, 27), (8, 27), (9, 27), (10, 27), (11, 27), (12, 27), (13, 27), (14, 27), (15, 27), (16, 27), (17, 27), (18, 27), (19, 27), (20, 27), (21, 27)]","[{'top_left': (12, 0), 'bottom_right': (16, 4)}, {'top_left': (17, 14), 'bottom_right': (21, 18)}, {'top_left': (9, 7), 'bottom_right': (13, 11)}, {'top_left': (15, 21), 'bottom_right': (19, 25)}]"
30,25,26,22,1,"[(25, 26), (24, 26), (23, 26), (22, 26), (22, 25), (22, 24), (22, 23), (22, 22), (22, 21), (22, 20), (22, 19), (22, 18), (22, 17), (22, 16), (22, 15), (22, 14), (22, 13), (22, 12), (22, 11), (22, 10), (22, 9), (22, 8), (22, 7), (22, 6), (22, 5), (22, 4), (22, 3), (22, 2), (22, 1)]","[{'top_left': (12, 0), 'bottom_right': (16, 4)}, {'top_left': (17, 14), 'bottom_right': (21, 18)}, {'top_left': (9, 7), 'bottom_right': (13, 11)}, {'top_left': (15, 21), 'bottom_right': (19, 25)}]"
30,22,3,8,27,"[(22, 3), (21, 3), (20, 3), (19, 3), (18, 3), (17, 3), (17, 4), (17, 5), (16, 5), (15, 5), (14, 5), (13, 5), (12, 5), (11, 5), (10, 5), (9, 5), (8, 5), (8, 6), (8, 7), (8, 8), (8, 9), (8, 10), (8, 11), (8, 12), (8, 13), (8, 14), (8, 15), (8, 16), (8, 17), (8, 18), (8, 19), (8, 20), (8, 21), (8, 22), (8, 23), (8, 24), (8, 25), (8, 26), (8, 27)]","[{'top_left': (12, 0), 'bottom_right': (16, 4)}, {'top_left': (17, 14), 'bottom_right': (21, 18)}, {'top_left': (9, 7), 'bottom_right': (13, 11)}, {'top_left': (15, 21), 'bottom_right': (19, 25)}]"
30,22,12,1,25,"[(22, 12), (21, 12), (20, 12), (19, 12), (18, 12), (17, 12), (16, 12), (15, 12), (14, 12), (13, 12), (12, 12), (11, 12), (10, 12), (9, 12), (8, 12), (7, 12), (6, 12), (5, 12), (4, 12), (3, 12), (2, 12), (1, 12), (1, 13), (1, 14), (1, 15), (1, 16), (1, 17), (1, 18), (1, 19), (1, 20), (1, 21), (1, 22), (1, 23), (1, 24), (1, 25)]","[{'top_left': (12, 0), 'bottom_right': (16, 4)}, {'top_left': (17, 14), 'bottom_right': (21, 18)}, {'top_left': (9, 7), 'bottom_right': (13, 11)}, {'top_left': (15, 21), 'bottom_right': (19, 25)}]"
30,10,4,26,22,"[(10, 4), (10, 5), (10, 6), (11, 6), (12, 6), (13, 6), (14, 6), (14, 7), (14, 8), (14, 9), (14, 10), (14, 11), (14, 12), (14, 13), (14, 14), (14, 15), (14, 16), (14, 17), (14, 18), (14, 19), (14, 20), (15, 20), (16, 20), (17, 20), (18, 20), (19, 20), (20, 20), (20, 21), (20, 22), (21, 22), (22, 22), (23, 22), (24, 22), (25, 22), (26, 22)]","[{'top_left': (12, 0), 'bottom_right': (16, 4)}, {'top_left': (17, 14), 'bottom_right': (21, 18)}, {'top_left': (9, 7), 'bottom_right': (13, 11)}, {'top_left': (15, 21), 'bottom_right': (19, 25)}]"
30,12,9,26,21,"[(12, 9), (12, 10), (12, 11), (12, 12), (12, 13), (12, 14), (12, 15), (12, 16), (12, 17), (12, 18), (12, 19), (12, 20), (12, 21), (13, 21), (14, 21), (15, 21), (16, 21), (17, 21), (18, 21), (19, 21), (20, 21), (21, 21), (22, 21), (23, 21), (24, 21), (25, 21), (26, 21)]","[{'top_left': (6, 23), 'bottom_right': (10, 27)}, {'top_left': (25, 7), 'bottom_right': (29, 11)}, {'top_left': (22, 23), 'bottom_right': (26, 27)}, {'top_left': (1, 24), 'bottom_right': (5, 28)}]"
30,29,27,5,0,"[(29, 27), (28, 27), (27, 27), (27, 26), (27, 25), (27, 24), (27, 23), (27, 22), (26, 22), (25, 22), (24, 22), (23, 22), (22, 22), (21, 22), (20, 22), (19, 22), (18, 22), (17, 22), (16, 22), (15, 22), (14, 22), (13, 22), (12, 22), (11, 22), (10, 22), (9, 22), (8, 22), (7, 22), (6, 22), (5, 22), (5, 21), (5, 20), (5, 19), (5, 18), (5, 17), (5, 16), (5, 15), (5, 14), (5, 13), (5, 12), (5, 11), (5, 10), (5, 9), (5, 8), (5, 7), (5, 6), (5, 5), (5, 4), (5, 3), (5, 2), (5, 1), (5, 0)]","[{'top_left': (6, 23), 'bottom_right': (10, 27)}, {'top_left': (25, 7), 'bottom_right': (29, 11)}, {'top_left': (22, 23), 'bottom_right': (26, 27)}, {'top_left': (1, 24), 'bottom_right': (5, 28)}]"
30,21,15,11,24,"[(21, 15), (20, 15), (19, 15), (18, 15), (17, 15), (16, 15), (15, 15), (14, 15), (13, 15), (12, 15), (11, 15), (11, 16), (11, 17), (11, 18), (11, 19), (11, 20), (11, 21), (11, 22), (11, 23), (11, 24)]","[{'top_left': (6, 23), 'bottom_right': (10, 27)}, {'top_left': (25, 7), 'bottom_right': (29, 11)}, {'top_left': (22, 23), 'bottom_right': (26, 27)}, {'top_left': (1, 24), 'bottom_right': (5, 28)}]"
30,23,9,9,22,"[(23, 9), (22, 9), (21, 9), (20, 9), (19, 9), (18, 9), (17, 9), (16, 9), (15, 9), (14, 9), (13, 9), (12, 9), (11, 9), (10, 9), (9, 9), (9, 10), (9, 11), (9, 12), (9, 13), (9, 14), (9, 15), (9, 16), (9, 17), (9, 18), (9, 19), (9, 20), (9, 21), (9, 22)]","[{'top_left': (6, 23), 'bottom_right': (10, 27)}, {'top_left': (25, 7), 'bottom_right': (29, 11)}, {'top_left': (22, 23), 'bottom_right': (26, 27)}, {'top_left': (1, 24), 'bottom_right': (5, 28)}]"
30,17,12,3,4,"[(17, 12), (16, 12), (15, 12), (14, 12), (13, 12), (12, 12), (11, 12), (10, 12), (9, 12), (8, 12), (7, 12), (6, 12), (5, 12), (4, 12), (3, 12), (3, 11), (3, 10), (3, 9), (3, 8), (3, 7), (3, 6), (3, 5), (3, 4)]","[{'top_left': (6, 23), 'bottom_right': (10, 27)}, {'top_left': (25, 7), 'bottom_right': (29, 11)}, {'top_left': (22, 23), 'bottom_right': (26, 27)}, {'top_left': (1, 24), 'bottom_right': (5, 28)}]"
30,4,14,22,15,"[(4, 14), (4, 15), (5, 15), (6, 15), (7, 15), (8, 15), (9, 15), (10, 15), (11, 15), (12, 15), (13, 15), (14, 15), (15, 15), (16, 15), (17, 15), (18, 15), (19, 15), (20, 15), (21, 15), (22, 15)]","[{'top_left': (10, 24), 'bottom_right': (14, 28)}, {'top_left': (25, 18), 'bottom_right': (29, 22)}, {'top_left': (25, 1), 'bottom_right': (29, 5)}, {'top_left': (22, 9), 'bottom_right': (26, 13)}]"
30,9,28,4,6,"[(9, 28), (8, 28), (7, 28), (6, 28), (5, 28), (4, 28), (4, 27), (4, 26), (4, 25), (4, 24), (4, 23), (4, 22), (4, 21), (4, 20), (4, 19), (4, 18), (4, 17), (4, 16), (4, 15), (4, 14), (4, 13), (4, 12), (4, 11), (4, 10), (4, 9), (4, 8), (4, 7), (4, 6)]","[{'top_left': (10, 24), 'bottom_right': (14, 28)}, {'top_left': (25, 18), 'bottom_right': (29, 22)}, {'top_left': (25, 1), 'bottom_right': (29, 5)}, {'top_left': (22, 9), 'bottom_right': (26, 13)}]"
30,6,25,23,6,"[(6, 25), (6, 24), (6, 23), (6, 22), (6, 21), (6, 20), (6, 19), (6, 18), (6, 17), (6, 16), (6, 15), (6, 14), (6, 13), (6, 12), (6, 11), (6, 10), (6, 9), (6, 8), (6, 7), (6, 6), (7, 6), (8, 6), (9, 6), (10, 6), (11, 6), (12, 6), (13, 6), (14, 6), (15, 6), (16, 6), (17, 6), (18, 6), (19, 6), (20, 6), (21, 6), (22, 6), (23, 6)]","[{'top_left': (10, 24), 'bottom_right': (14, 28)}, {'top_left': (25, 18), 'bottom_right': (29, 22)}, {'top_left': (25, 1), 'bottom_right': (29, 5)}, {'top_left': (22, 9), 'bottom_right': (26, 13)}]"
30,23,20,0,11,"[(23, 20), (22, 20), (21, 20), (20, 20), (19, 20), (18, 20), (17, 20), (16, 20), (15, 20), (14, 20), (13, 20), (12, 20), (11, 20), (10, 20), (9, 20), (8, 20), (7, 20), (6, 20), (5, 20), (4, 20), (3, 20), (2, 20), (1, 20), (0, 20), (0, 19), (0, 18), (0, 17), (0, 16), (0, 15), (0, 14), (0, 13), (0, 12), (0, 11)]","[{'top_left': (10, 24), 'bottom_right': (14, 28)}, {'top_left': (25, 18), 'bottom_right': (29, 22)}, {'top_left': (25, 1), 'bottom_right': (29, 5)}, {'top_left': (22, 9), 'bottom_right': (26, 13)}]"
30,23,27,18,3,"[(23, 27), (22, 27), (21, 27), (20, 27), (19, 27), (18, 27), (18, 26), (18, 25), (18, 24), (18, 23), (18, 22), (18, 21), (18, 20), (18, 19), (18, 18), (18, 17), (18, 16), (18, 15), (18, 14), (18, 13), (18, 12), (18, 11), (18, 10), (18, 9), (18, 8), (18, 7), (18, 6), (18, 5), (18, 4), (18, 3)]","[{'top_left': (10, 24), 'bottom_right': (14, 28)}, {'top_left': (25, 18), 'bottom_right': (29, 22)}, {'top_left': (25, 1), 'bottom_right': (29, 5)}, {'top_left': (22, 9), 'bottom_right': (26, 13)}]"
30,3,11,15,5,"[(3, 11), (3, 10), (3, 9), (3, 8), (3, 7), (3, 6), (4, 6), (5, 6), (6, 6), (7, 6), (8, 6), (9, 6), (10, 6), (10, 5), (11, 5), (12, 5), (13, 5), (14, 5), (15, 5)]","[{'top_left': (21, 25), 'bottom_right': (25, 29)}, {'top_left': (4, 12), 'bottom_right': (8, 16)}, {'top_left': (13, 21), 'bottom_right': (17, 25)}, {'top_left': (5, 1), 'bottom_right': (9, 5)}]"
30,1,3,16,20,"[(1, 3), (1, 4), (1, 5), (1, 6), (1, 7), (1, 8), (1, 9), (1, 10), (1, 11), (1, 12), (1, 13), (1, 14), (1, 15), (1, 16), (1, 17), (1, 18), (1, 19), (1, 20), (2, 20), (3, 20), (4, 20), (5, 20), (6, 20), (7, 20), (8, 20), (9, 20), (10, 20), (11, 20), (12, 20), (13, 20), (14, 20), (15, 20), (16, 20)]","[{'top_left': (21, 25), 'bottom_right': (25, 29)}, {'top_left': (4, 12), 'bottom_right': (8, 16)}, {'top_left': (13, 21), 'bottom_right': (17, 25)}, {'top_left': (5, 1), 'bottom_right': (9, 5)}]"
30,10,18,13,4,"[(10, 18), (10, 17), (10, 16), (10, 15), (10, 14), (10, 13), (10, 12), (10, 11), (10, 10), (10, 9), (10, 8), (10, 7), (10, 6), (10, 5), (10, 4), (11, 4), (12, 4), (13, 4)]","[{'top_left': (21, 25), 'bottom_right': (25, 29)}, {'top_left': (4, 12), 'bottom_right': (8, 16)}, {'top_left': (13, 21), 'bottom_right': (17, 25)}, {'top_left': (5, 1), 'bottom_right': (9, 5)}]"
30,20,23,12,7,"[(20, 23), (19, 23), (18, 23), (18, 22), (18, 21), (18, 20), (17, 20), (16, 20), (15, 20), (14, 20), (13, 20), (12, 20), (12, 19), (12, 18), (12, 17), (12, 16), (12, 15), (12, 14), (12, 13), (12, 12), (12, 11), (12, 10), (12, 9), (12, 8), (12, 7)]","[{'top_left': (21, 25), 'bottom_right': (25, 29)}, {'top_left': (4, 12), 'bottom_right': (8, 16)}, {'top_left': (13, 21), 'bottom_right': (17, 25)}, {'top_left': (5, 1), 'bottom_right': (9, 5)}]"
30,5,20,23,12,"[(5, 20), (5, 19), (5, 18), (5, 17), (6, 17), (7, 17), (8, 17), (9, 17), (9, 16), (9, 15), (9, 14), (9, 13), (9, 12), (10, 12), (11, 12), (12, 12), (13, 12), (14, 12), (15, 12), (16, 12), (17, 12), (18, 12), (19, 12), (20, 12), (21, 12), (22, 12), (23, 12)]","[{'top_left': (21, 25), 'bottom_right': (25, 29)}, {'top_left': (4, 12), 'bottom_right': (8, 16)}, {'top_left': (13, 21), 'bottom_right': (17, 25)}, {'top_left': (5, 1), 'bottom_right': (9, 5)}]"
30,20,14,11,0,"[(20, 14), (19, 14), (18, 14), (17, 14), (16, 14), (15, 14), (14, 14), (13, 14), (12, 14), (11, 14), (11, 13), (11, 12), (11, 11), (11, 10), (11, 9), (11, 8), (11, 7), (11, 6), (11, 5), (11, 4), (11, 3), (11, 2), (11, 1), (11, 0)]","[{'top_left': (24, 22), 'bottom_right': (28, 26)}, {'top_left': (21, 2), 'bottom_right': (25, 6)}, {'top_left': (24, 14), 'bottom_right': (28, 18)}, {'top_left': (8, 20), 'bottom_right': (12, 24)}]"
30,16,7,0,18,"[(16, 7), (15, 7), (14, 7), (13, 7), (12, 7), (11, 7), (10, 7), (9, 7), (8, 7), (7, 7), (6, 7), (5, 7), (4, 7), (3, 7), (2, 7), (1, 7), (0, 7), (0, 8), (0, 9), (0, 10), (0, 11), (0, 12), (0, 13), (0, 14), (0, 15), (0, 16), (0, 17), (0, 18)]","[{'top_left': (24, 22), 'bottom_right': (28, 26)}, {'top_left': (21, 2), 'bottom_right': (25, 6)}, {'top_left': (24, 14), 'bottom_right': (28, 18)}, {'top_left': (8, 20), 'bottom_right': (12, 24)}]"
30,22,23,3,25,"[(22, 23), (21, 23), (20, 23), (19, 23), (18, 23), (17, 23), (16, 23), (15, 23), (14, 23), (13, 23), (13, 24), (13, 25), (12, 25), (11, 25), (10, 25), (9, 25), (8, 25), (7, 25), (6, 25), (5, 25), (4, 25), (3, 25)]","[{'top_left': (24, 22), 'bottom_right': (28, 26)}, {'top_left': (21, 2), 'bottom_right': (25, 6)}, {'top_left': (24, 14), 'bottom_right': (28, 18)}, {'top_left': (8, 20), 'bottom_right': (12, 24)}]"
30,20,22,13,9,"[(20, 22), (19, 22), (18, 22), (17, 22), (16, 22), (15, 22), (14, 22), (13, 22), (13, 21), (13, 20), (13, 19), (13, 18), (13, 17), (13, 16), (13, 15), (13, 14), (13, 13), (13, 12), (13, 11), (13, 10), (13, 9)]","[{'top_left': (24, 22), 'bottom_right': (28, 26)}, {'top_left': (21, 2), 'bottom_right': (25, 6)}, {'top_left': (24, 14), 'bottom_right': (28, 18)}, {'top_left': (8, 20), 'bottom_right': (12, 24)}]"
30,18,4,3,10,"[(18, 4), (17, 4), (16, 4), (15, 4), (14, 4), (13, 4), (12, 4), (11, 4), (10, 4), (9, 4), (8, 4), (7, 4), (6, 4), (5, 4), (4, 4), (3, 4), (3, 5), (3, 6), (3, 7), (3, 8), (3, 9), (3, 10)]","[{'top_left': (24, 22), 'bottom_right': (28, 26)}, {'top_left': (21, 2), 'bottom_right': (25, 6)}, {'top_left': (24, 14), 'bottom_right': (28, 18)}, {'top_left': (8, 20), 'bottom_right': (12, 24)}]"
30,25,25,16,15,"[(25, 25), (24, 25), (23, 25), (22, 25), (21, 25), (20, 25), (19, 25), (18, 25), (17, 25), (16, 25), (16, 24), (16, 23), (16, 22), (16, 21), (16, 20), (16, 19), (16, 18), (16, 17), (16, 16), (16, 15)]","[{'top_left': (2, 22), 'bottom_right': (6, 26)}, {'top_left': (25, 17), 'bottom_right': (29, 21)}, {'top_left': (5, 12), 'bottom_right': (9, 16)}, {'top_left': (22, 0), 'bottom_right': (26, 4)}]"
30,20,3,24,24,"[(20, 3), (20, 4), (20, 5), (20, 6), (20, 7), (20, 8), (20, 9), (20, 10), (20, 11), (20, 12), (20, 13), (20, 14), (20, 15), (20, 16), (20, 17), (20, 18), (20, 19), (20, 20), (20, 21), (20, 22), (20, 23), (20, 24), (21, 24), (22, 24), (23, 24), (24, 24)]","[{'top_left': (2, 22), 'bottom_right': (6, 26)}, {'top_left': (25, 17), 'bottom_right': (29, 21)}, {'top_left': (5, 12), 'bottom_right': (9, 16)}, {'top_left': (22, 0), 'bottom_right': (26, 4)}]"
30,6,21,28,3,"[(6, 21), (6, 20), (6, 19), (6, 18), (6, 17), (7, 17), (8, 17), (9, 17), (10, 17), (10, 16), (10, 15), (10, 14), (10, 13), (10, 12), (10, 11), (10, 10), (10, 9), (10, 8), (10, 7), (10, 6), (10, 5), (11, 5), (12, 5), (13, 5), (14, 5), (15, 5), (16, 5), (17, 5), (18, 5), (19, 5), (20, 5), (21, 5), (22, 5), (23, 5), (24, 5), (25, 5), (26, 5), (27, 5), (27, 4), (27, 3), (28, 3)]","[{'top_left': (2, 22), 'bottom_right': (6, 26)}, {'top_left': (25, 17), 'bottom_right': (29, 21)}, {'top_left': (5, 12), 'bottom_right': (9, 16)}, {'top_left': (22, 0), 'bottom_right': (26, 4)}]"
30,5,27,19,22,"[(5, 27), (6, 27), (7, 27), (7, 26), (7, 25), (7, 24), (7, 23), (7, 22), (8, 22), (9, 22), (10, 22), (11, 22), (12, 22), (13, 22), (14, 22), (15, 22), (16, 22), (17, 22), (18, 22), (19, 22)]","[{'top_left': (2, 22), 'bottom_right': (6, 26)}, {'top_left': (25, 17), 'bottom_right': (29, 21)}, {'top_left': (5, 12), 'bottom_right': (9, 16)}, {'top_left': (22, 0), 'bottom_right': (26, 4)}]"
30,5,0,17,14,"[(5, 0), (5, 1), (5, 2), (5, 3), (5, 4), (5, 5), (5, 6), (5, 7), (5, 8), (5, 9), (5, 10), (5, 11), (6, 11), (7, 11), (8, 11), (9, 11), (10, 11), (10, 12), (10, 13), (10, 14), (11, 14), (12, 14), (13, 14), (14, 14), (15, 14), (16, 14), (17, 14)]","[{'top_left': (2, 22), 'bottom_right': (6, 26)}, {'top_left': (25, 17), 'bottom_right': (29, 21)}, {'top_left': (5, 12), 'bottom_right': (9, 16)}, {'top_left': (22, 0), 'bottom_right': (26, 4)}]"
30,27,24,1,2,"[(27, 24), (26, 24), (25, 24), (24, 24), (23, 24), (22, 24), (21, 24), (20, 24), (19, 24), (18, 24), (17, 24), (16, 24), (15, 24), (14, 24), (13, 24), (12, 24), (11, 24), (10, 24), (9, 24), (8, 24), (7, 24), (6, 24), (5, 24), (4, 24), (3, 24), (2, 24), (1, 24), (1, 23), (1, 22), (1, 21), (1, 20), (1, 19), (1, 18), (1, 17), (1, 16), (1, 15), (1, 14), (1, 13), (1, 12), (1, 11), (1, 10), (1, 9), (1, 8), (1, 7), (1, 6), (1, 5), (1, 4), (1, 3), (1, 2)]","[{'top_left': (25, 10), 'bottom_right': (29, 14)}, {'top_left': (3, 1), 'bottom_right': (7, 5)}, {'top_left': (4, 18), 'bottom_right': (8, 22)}, {'top_left': (17, 8), 'bottom_right': (21, 12)}]"
30,17,5,13,21,"[(17, 5), (16, 5), (15, 5), (14, 5), (13, 5), (13, 6), (13, 7), (13, 8), (13, 9), (13, 10), (13, 11), (13, 12), (13, 13), (13, 14), (13, 15), (13, 16), (13, 17), (13, 18), (13, 19), (13, 20), (13, 21)]","[{'top_left': (25, 10), 'bottom_right': (29, 14)}, {'top_left': (3, 1), 'bottom_right': (7, 5)}, {'top_left': (4, 18), 'bottom_right': (8, 22)}, {'top_left': (17, 8), 'bottom_right': (21, 12)}]"
30,16,28,25,9,"[(16, 28), (16, 27), (16, 26), (16, 25), (16, 24), (16, 23), (16, 22), (16, 21), (16, 20), (16, 19), (16, 18), (16, 17), (16, 16), (16, 15), (16, 14), (16, 13), (17, 13), (18, 13), (19, 13), (20, 13), (21, 13), (22, 13), (22, 12), (22, 11), (22, 10), (22, 9), (23, 9), (24, 9), (25, 9)]","[{'top_left': (25, 10), 'bottom_right': (29, 14)}, {'top_left': (3, 1), 'bottom_right': (7, 5)}, {'top_left': (4, 18), 'bottom_right': (8, 22)}, {'top_left': (17, 8), 'bottom_right': (21, 12)}]"
30,21,17,14,4,"[(21, 17), (20, 17), (19, 17), (18, 17), (17, 17), (16, 17), (15, 17), (14, 17), (14, 16), (14, 15), (14, 14), (14, 13), (14, 12), (14, 11), (14, 10), (14, 9), (14, 8), (14, 7), (14, 6), (14, 5), (14, 4)]","[{'top_left': (25, 10), 'bottom_right': (29, 14)}, {'top_left': (3, 1), 'bottom_right': (7, 5)}, {'top_left': (4, 18), 'bottom_right': (8, 22)}, {'top_left': (17, 8), 'bottom_right': (21, 12)}]"
30,3,21,26,1,"[(3, 21), (3, 20), (3, 19), (3, 18), (3, 17), (3, 16), (3, 15), (3, 14), (3, 13), (3, 12), (3, 11), (3, 10), (3, 9), (3, 8), (3, 7), (3, 6), (4, 6), (5, 6), (6, 6), (7, 6), (8, 6), (8, 5), (8, 4), (8, 3), (8, 2), (8, 1), (9, 1), (10, 1), (11, 1), (12, 1), (13, 1), (14, 1), (15, 1), (16, 1), (17, 1), (18, 1), (19, 1), (20, 1), (21, 1), (22, 1), (23, 1), (24, 1), (25, 1), (26, 1)]","[{'top_left': (25, 10), 'bottom_right': (29, 14)}, {'top_left': (3, 1), 'bottom_right': (7, 5)}, {'top_left': (4, 18), 'bottom_right': (8, 22)}, {'top_left': (17, 8), 'bottom_right': (21, 12)}]"
30,23,19,13,2,"[(23, 19), (22, 19), (21, 19), (20, 19), (19, 19), (18, 19), (17, 19), (16, 19), (15, 19), (14, 19), (14, 18), (14, 17), (14, 16), (14, 15), (14, 14), (14, 13), (14, 12), (14, 11), (14, 10), (14, 9), (14, 8), (14, 7), (14, 6), (14, 5), (13, 5), (13, 4), (13, 3), (13, 2)]","[{'top_left': (7, 1), 'bottom_right': (11, 5)}, {'top_left': (9, 6), 'bottom_right': (13, 10)}, {'top_left': (4, 19), 'bottom_right': (8, 23)}, {'top_left': (17, 6), 'bottom_right': (21, 10)}]"
30,20,28,5,12,"[(20, 28), (19, 28), (18, 28), (17, 28), (16, 28), (15, 28), (14, 28), (13, 28), (12, 28), (11, 28), (10, 28), (9, 28), (9, 27), (9, 26), (9, 25), (9, 24), (9, 23), (9, 22), (9, 21), (9, 20), (9, 19), (9, 18), (8, 18), (7, 18), (6, 18), (5, 18), (5, 17), (5, 16), (5, 15), (5, 14), (5, 13), (5, 12)]","[{'top_left': (7, 1), 'bottom_right': (11, 5)}, {'top_left': (9, 6), 'bottom_right': (13, 10)}, {'top_left': (4, 19), 'bottom_right': (8, 23)}, {'top_left': (17, 6), 'bottom_right': (21, 10)}]"
30,6,2,20,23,"[(6, 2), (6, 3), (6, 4), (6, 5), (6, 6), (6, 7), (6, 8), (6, 9), (6, 10), (6, 11), (6, 12), (6, 13), (6, 14), (6, 15), (6, 16), (6, 17), (6, 18), (7, 18), (8, 18), (9, 18), (9, 19), (9, 20), (9, 21), (9, 22), (9, 23), (10, 23), (11, 23), (12, 23), (13, 23), (14, 23), (15, 23), (16, 23), (17, 23), (18, 23), (19, 23), (20, 23)]","[{'top_left': (7, 1), 'bottom_right': (11, 5)}, {'top_left': (9, 6), 'bottom_right': (13, 10)}, {'top_left': (4, 19), 'bottom_right': (8, 23)}, {'top_left': (17, 6), 'bottom_right': (21, 10)}]"
30,19,5,13,26,"[(19, 5), (18, 5), (17, 5), (16, 5), (15, 5), (14, 5), (14, 6), (14, 7), (14, 8), (14, 9), (14, 10), (14, 11), (13, 11), (13, 12), (13, 13), (13, 14), (13, 15), (13, 16), (13, 17), (13, 18), (13, 19), (13, 20), (13, 21), (13, 22), (13, 23), (13, 24), (13, 25), (13, 26)]","[{'top_left': (7, 1), 'bottom_right': (11, 5)}, {'top_left': (9, 6), 'bottom_right': (13, 10)}, {'top_left': (4, 19), 'bottom_right': (8, 23)}, {'top_left': (17, 6), 'bottom_right': (21, 10)}]"
30,4,10,25,13,"[(4, 10), (4, 11), (4, 12), (4, 13), (5, 13), (6, 13), (7, 13), (8, 13), (9, 13), (10, 13), (11, 13), (12, 13), (13, 13), (14, 13), (15, 13), (16, 13), (17, 13), (18, 13), (19, 13), (20, 13), (21, 13), (22, 13), (23, 13), (24, 13), (25, 13)]","[{'top_left': (7, 1), 'bottom_right': (11, 5)}, {'top_left': (9, 6), 'bottom_right': (13, 10)}, {'top_left': (4, 19), 'bottom_right': (8, 23)}, {'top_left': (17, 6), 'bottom_right': (21, 10)}]"
30,8,4,27,25,"[(8, 4), (8, 5), (8, 6), (8, 7), (8, 8), (8, 9), (8, 10), (8, 11), (8, 12), (8, 13), (8, 14), (8, 15), (8, 16), (8, 17), (8, 18), (8, 19), (8, 20), (8, 21), (8, 22), (8, 23), (8, 24), (8, 25), (9, 25), (10, 25), (11, 25), (12, 25), (13, 25), (14, 25), (15, 25), (16, 25), (17, 25), (18, 25), (19, 25), (20, 25), (21, 25), (22, 25), (23, 25), (24, 25), (25, 25), (26, 25), (27, 25)]","[{'top_left': (12, 0), 'bottom_right': (16, 4)}, {'top_left': (19, 7), 'bottom_right': (23, 11)}, {'top_left': (2, 8), 'bottom_right': (6, 12)}, {'top_left': (3, 17), 'bottom_right': (7, 21)}]"
30,25,29,3,5,"[(25, 29), (24, 29), (23, 29), (22, 29), (21, 29), (20, 29), (19, 29), (18, 29), (17, 29), (16, 29), (15, 29), (14, 29), (13, 29), (12, 29), (11, 29), (10, 29), (9, 29), (8, 29), (8, 28), (8, 27), (8, 26), (8, 25), (8, 24), (8, 23), (8, 22), (8, 21), (8, 20), (8, 19), (8, 18), (8, 17), (8, 16), (7, 16), (7, 15), (7, 14), (7, 13), (7, 12), (7, 11), (7, 10), (7, 9), (7, 8), (7, 7), (6, 7), (5, 7), (4, 7), (3, 7), (3, 6), (3, 5)]","[{'top_left': (12, 0), 'bottom_right': (16, 4)}, {'top_left': (19, 7), 'bottom_right': (23, 11)}, {'top_left': (2, 8), 'bottom_right': (6, 12)}, {'top_left': (3, 17), 'bottom_right': (7, 21)}]"
30,16,23,28,9,"[(16, 23), (16, 22), (16, 21), (16, 20), (16, 19), (16, 18), (16, 17), (16, 16), (16, 15), (16, 14), (16, 13), (16, 12), (17, 12), (18, 12), (19, 12), (20, 12), (21, 12), (22, 12), (23, 12), (24, 12), (24, 11), (24, 10), (24, 9), (25, 9), (26, 9), (27, 9), (28, 9)]","[{'top_left': (12, 0), 'bottom_right': (16, 4)}, {'top_left': (19, 7), 'bottom_right': (23, 11)}, {'top_left': (2, 8), 'bottom_right': (6, 12)}, {'top_left': (3, 17), 'bottom_right': (7, 21)}]"
30,18,26,25,15,"[(18, 26), (18, 25), (18, 24), (18, 23), (18, 22), (18, 21), (18, 20), (18, 19), (18, 18), (18, 17), (18, 16), (18, 15), (19, 15), (20, 15), (21, 15), (22, 15), (23, 15), (24, 15), (25, 15)]","[{'top_left': (12, 0), 'bottom_right': (16, 4)}, {'top_left': (19, 7), 'bottom_right': (23, 11)}, {'top_left': (2, 8), 'bottom_right': (6, 12)}, {'top_left': (3, 17), 'bottom_right': (7, 21)}]"
30,18,27,9,17,"[(18, 27), (17, 27), (16, 27), (15, 27), (14, 27), (13, 27), (12, 27), (11, 27), (10, 27), (9, 27), (9, 26), (9, 25), (9, 24), (9, 23), (9, 22), (9, 21), (9, 20), (9, 19), (9, 18), (9, 17)]","[{'top_left': (12, 0), 'bottom_right': (16, 4)}, {'top_left': (19, 7), 'bottom_right': (23, 11)}, {'top_left': (2, 8), 'bottom_right': (6, 12)}, {'top_left': (3, 17), 'bottom_right': (7, 21)}]"
30,15,18,4,8,"[(15, 18), (14, 18), (13, 18), (12, 18), (11, 18), (10, 18), (9, 18), (8, 18), (7, 18), (6, 18), (5, 18), (4, 18), (4, 17), (4, 16), (4, 15), (4, 14), (4, 13), (4, 12), (4, 11), (4, 10), (4, 9), (4, 8)]","[{'top_left': (8, 19), 'bottom_right': (12, 23)}, {'top_left': (3, 1), 'bottom_right': (7, 5)}, {'top_left': (5, 10), 'bottom_right': (9, 14)}, {'top_left': (24, 12), 'bottom_right': (28, 16)}]"
30,0,21,16,22,"[(0, 21), (0, 22), (0, 23), (0, 24), (1, 24), (2, 24), (3, 24), (4, 24), (5, 24), (6, 24), (7, 24), (8, 24), (9, 24), (10, 24), (11, 24), (12, 24), (13, 24), (13, 23), (13, 22), (14, 22), (15, 22), (16, 22)]","[{'top_left': (8, 19), 'bottom_right': (12, 23)}, {'top_left': (3, 1), 'bottom_right': (7, 5)}, {'top_left': (5, 10), 'bottom_right': (9, 14)}, {'top_left': (24, 12), 'bottom_right': (28, 16)}]"
30,12,18,23,8,"[(12, 18), (12, 17), (12, 16), (12, 15), (12, 14), (12, 13), (12, 12), (12, 11), (12, 10), (12, 9), (12, 8), (13, 8), (14, 8), (15, 8), (16, 8), (17, 8), (18, 8), (19, 8), (20, 8), (21, 8), (22, 8), (23, 8)]","[{'top_left': (8, 19), 'bottom_right': (12, 23)}, {'top_left': (3, 1), 'bottom_right': (7, 5)}, {'top_left': (5, 10), 'bottom_right': (9, 14)}, {'top_left': (24, 12), 'bottom_right': (28, 16)}]"
30,1,29,23,20,"[(1, 29), (1, 28), (1, 27), (1, 26), (1, 25), (1, 24), (2, 24), (3, 24), (4, 24), (5, 24), (6, 24), (7, 24), (8, 24), (9, 24), (10, 24), (11, 24), (12, 24), (13, 24), (13, 23), (13, 22), (13, 21), (13, 20), (14, 20), (15, 20), (16, 20), (17, 20), (18, 20), (19, 20), (20, 20), (21, 20), (22, 20), (23, 20)]","[{'top_left': (8, 19), 'bottom_right': (12, 23)}, {'top_left': (3, 1), 'bottom_right': (7, 5)}, {'top_left': (5, 10), 'bottom_right': (9, 14)}, {'top_left': (24, 12), 'bottom_right': (28, 16)}]"
30,28,29,26,7,"[(28, 29), (28, 28), (28, 27), (28, 26), (28, 25), (28, 24), (28, 23), (28, 22), (28, 21), (28, 20), (28, 19), (28, 18), (28, 17), (29, 17), (29, 16), (29, 15), (29, 14), (29, 13), (29, 12), (29, 11), (28, 11), (27, 11), (26, 11), (26, 10), (26, 9), (26, 8), (26, 7)]","[{'top_left': (8, 19), 'bottom_right': (12, 23)}, {'top_left': (3, 1), 'bottom_right': (7, 5)}, {'top_left': (5, 10), 'bottom_right': (9, 14)}, {'top_left': (24, 12), 'bottom_right': (28, 16)}]"
30,2,23,7,2,"[(2, 23), (2, 22), (2, 21), (2, 20), (2, 19), (2, 18), (2, 17), (2, 16), (2, 15), (2, 14), (3, 14), (4, 14), (5, 14), (6, 14), (7, 14), (7, 13), (7, 12), (7, 11), (7, 10), (7, 9), (7, 8), (7, 7), (7, 6), (7, 5), (7, 4), (7, 3), (7, 2)]","[{'top_left': (9, 20), 'bottom_right': (13, 24)}, {'top_left': (2, 9), 'bottom_right': (6, 13)}, {'top_left': (10, 2), 'bottom_right': (14, 6)}, {'top_left': (20, 2), 'bottom_right': (24, 6)}]"
30,5,18,1,2,"[(5, 18), (4, 18), (3, 18), (2, 18), (1, 18), (1, 17), (1, 16), (1, 15), (1, 14), (1, 13), (1, 12), (1, 11), (1, 10), (1, 9), (1, 8), (1, 7), (1, 6), (1, 5), (1, 4), (1, 3), (1, 2)]","[{'top_left': (9, 20), 'bottom_right': (13, 24)}, {'top_left': (2, 9), 'bottom_right': (6, 13)}, {'top_left': (10, 2), 'bottom_right': (14, 6)}, {'top_left': (20, 2), 'bottom_right': (24, 6)}]"
30,23,9,17,29,"[(23, 9), (22, 9), (21, 9), (20, 9), (19, 9), (18, 9), (17, 9), (17, 10), (17, 11), (17, 12), (17, 13), (17, 14), (17, 15), (17, 16), (17, 17), (17, 18), (17, 19), (17, 20), (17, 21), (17, 22), (17, 23), (17, 24), (17, 25), (17, 26), (17, 27), (17, 28), (17, 29)]","[{'top_left': (9, 20), 'bottom_right': (13, 24)}, {'top_left': (2, 9), 'bottom_right': (6, 13)}, {'top_left': (10, 2), 'bottom_right': (14, 6)}, {'top_left': (20, 2), 'bottom_right': (24, 6)}]"
30,15,25,27,0,"[(15, 25), (15, 24), (15, 23), (15, 22), (15, 21), (15, 20), (15, 19), (15, 18), (15, 17), (15, 16), (15, 15), (15, 14), (15, 13), (15, 12), (15, 11), (15, 10), (15, 9), (15, 8), (15, 7), (15, 6), (15, 5), (15, 4), (15, 3), (15, 2), (15, 1), (15, 0), (16, 0), (17, 0), (18, 0), (19, 0), (20, 0), (21, 0), (22, 0), (23, 0), (24, 0), (25, 0), (26, 0), (27, 0)]","[{'top_left': (9, 20), 'bottom_right': (13, 24)}, {'top_left': (2, 9), 'bottom_right': (6, 13)}, {'top_left': (10, 2), 'bottom_right': (14, 6)}, {'top_left': (20, 2), 'bottom_right': (24, 6)}]"
30,26,23,0,22,"[(26, 23), (25, 23), (24, 23), (23, 23), (22, 23), (21, 23), (20, 23), (19, 23), (18, 23), (17, 23), (16, 23), (15, 23), (14, 23), (14, 24), (14, 25), (13, 25), (12, 25), (11, 25), (10, 25), (9, 25), (8, 25), (7, 25), (6, 25), (5, 25), (4, 25), (3, 25), (2, 25), (1, 25), (0, 25), (0, 24), (0, 23), (0, 22)]","[{'top_left': (9, 20), 'bottom_right': (13, 24)}, {'top_left': (2, 9), 'bottom_right': (6, 13)}, {'top_left': (10, 2), 'bottom_right': (14, 6)}, {'top_left': (20, 2), 'bottom_right': (24, 6)}]"
30,19,14,5,21,"[(19, 14), (18, 14), (17, 14), (16, 14), (15, 14), (14, 14), (13, 14), (12, 14), (11, 14), (10, 14), (9, 14), (8, 14), (7, 14), (6, 14), (5, 14), (5, 15), (5, 16), (5, 17), (5, 18), (5, 19), (5, 20), (5, 21)]","[{'top_left': (13, 22), 'bottom_right': (17, 26)}, {'top_left': (11, 7), 'bottom_right': (15, 11)}, {'top_left': (23, 21), 'bottom_right': (27, 25)}, {'top_left': (19, 1), 'bottom_right': (23, 5)}]"
30,29,28,24,16,"[(29, 28), (28, 28), (28, 27), (28, 26), (28, 25), (28, 24), (28, 23), (28, 22), (28, 21), (28, 20), (27, 20), (26, 20), (25, 20), (24, 20), (24, 19), (24, 18), (24, 17), (24, 16)]","[{'top_left': (13, 22), 'bottom_right': (17, 26)}, {'top_left': (11, 7), 'bottom_right': (15, 11)}, {'top_left': (23, 21), 'bottom_right': (27, 25)}, {'top_left': (19, 1), 'bottom_right': (23, 5)}]"
30,28,7,5,2,"[(28, 7), (27, 7), (26, 7), (25, 7), (24, 7), (23, 7), (22, 7), (21, 7), (20, 7), (19, 7), (18, 7), (17, 7), (16, 7), (16, 6), (15, 6), (14, 6), (13, 6), (12, 6), (11, 6), (10, 6), (9, 6), (8, 6), (7, 6), (6, 6), (5, 6), (5, 5), (5, 4), (5, 3), (5, 2)]","[{'top_left': (13, 22), 'bottom_right': (17, 26)}, {'top_left': (11, 7), 'bottom_right': (15, 11)}, {'top_left': (23, 21), 'bottom_right': (27, 25)}, {'top_left': (19, 1), 'bottom_right': (23, 5)}]"
30,11,1,13,15,"[(11, 1), (10, 1), (10, 2), (10, 3), (10, 4), (10, 5), (10, 6), (10, 7), (10, 8), (10, 9), (10, 10), (10, 11), (10, 12), (10, 13), (10, 14), (10, 15), (11, 15), (12, 15), (13, 15)]","[{'top_left': (13, 22), 'bottom_right': (17, 26)}, {'top_left': (11, 7), 'bottom_right': (15, 11)}, {'top_left': (23, 21), 'bottom_right': (27, 25)}, {'top_left': (19, 1), 'bottom_right': (23, 5)}]"
30,10,29,21,7,"[(10, 29), (10, 28), (10, 27), (10, 26), (10, 25), (10, 24), (10, 23), (10, 22), (10, 21), (10, 20), (10, 19), (10, 18), (10, 17), (10, 16), (10, 15), (10, 14), (10, 13), (10, 12), (11, 12), (12, 12), (13, 12), (14, 12), (15, 12), (16, 12), (16, 11), (16, 10), (16, 9), (16, 8), (16, 7), (17, 7), (18, 7), (19, 7), (20, 7), (21, 7)]","[{'top_left': (13, 22), 'bottom_right': (17, 26)}, {'top_left': (11, 7), 'bottom_right': (15, 11)}, {'top_left': (23, 21), 'bottom_right': (27, 25)}, {'top_left': (19, 1), 'bottom_right': (23, 5)}]"
30,6,0,23,20,"[(6, 0), (6, 1), (6, 2), (6, 3), (6, 4), (6, 5), (6, 6), (6, 7), (6, 8), (7, 8), (8, 8), (8, 9), (8, 10), (8, 11), (8, 12), (8, 13), (8, 14), (8, 15), (8, 16), (8, 17), (8, 18), (8, 19), (8, 20), (9, 20), (10, 20), (11, 20), (12, 20), (13, 20), (14, 20), (15, 20), (16, 20), (17, 20), (18, 20), (19, 20), (20, 20), (21, 20), (22, 20), (23, 20)]","[{'top_left': (17, 24), 'bottom_right': (21, 28)}, {'top_left': (3, 9), 'bottom_right': (7, 13)}, {'top_left': (9, 15), 'bottom_right': (13, 19)}, {'top_left': (9, 8), 'bottom_right': (13, 12)}]"
30,18,12,6,29,"[(18, 12), (17, 12), (16, 12), (15, 12), (14, 12), (14, 13), (13, 13), (12, 13), (11, 13), (10, 13), (9, 13), (8, 13), (8, 14), (7, 14), (6, 14), (6, 15), (6, 16), (6, 17), (6, 18), (6, 19), (6, 20), (6, 21), (6, 22), (6, 23), (6, 24), (6, 25), (6, 26), (6, 27), (6, 28), (6, 29)]","[{'top_left': (17, 24), 'bottom_right': (21, 28)}, {'top_left': (3, 9), 'bottom_right': (7, 13)}, {'top_left': (9, 15), 'bottom_right': (13, 19)}, {'top_left': (9, 8), 'bottom_right': (13, 12)}]"
30,9,29,29,20,"[(9, 29), (9, 28), (9, 27), (9, 26), (9, 25), (9, 24), (9, 23), (9, 22), (9, 21), (9, 20), (10, 20), (11, 20), (12, 20), (13, 20), (14, 20), (15, 20), (16, 20), (17, 20), (18, 20), (19, 20), (20, 20), (21, 20), (22, 20), (23, 20), (24, 20), (25, 20), (26, 20), (27, 20), (28, 20), (29, 20)]","[{'top_left': (17, 24), 'bottom_right': (21, 28)}, {'top_left': (3, 9), 'bottom_right': (7, 13)}, {'top_left': (9, 15), 'bottom_right': (13, 19)}, {'top_left': (9, 8), 'bottom_right': (13, 12)}]"
30,16,26,28,1,"[(16, 26), (16, 25), (16, 24), (16, 23), (16, 22), (16, 21), (16, 20), (16, 19), (16, 18), (16, 17), (16, 16), (16, 15), (16, 14), (16, 13), (16, 12), (16, 11), (16, 10), (16, 9), (16, 8), (16, 7), (16, 6), (16, 5), (16, 4), (16, 3), (16, 2), (16, 1), (17, 1), (18, 1), (19, 1), (20, 1), (21, 1), (22, 1), (23, 1), (24, 1), (25, 1), (26, 1), (27, 1), (28, 1)]","[{'top_left': (17, 24), 'bottom_right': (21, 28)}, {'top_left': (3, 9), 'bottom_right': (7, 13)}, {'top_left': (9, 15), 'bottom_right': (13, 19)}, {'top_left': (9, 8), 'bottom_right': (13, 12)}]"
30,27,15,1,11,"[(27, 15), (26, 15), (25, 15), (24, 15), (23, 15), (22, 15), (21, 15), (20, 15), (19, 15), (18, 15), (17, 15), (16, 15), (15, 15), (14, 15), (14, 14), (13, 14), (12, 14), (11, 14), (10, 14), (9, 14), (8, 14), (7, 14), (6, 14), (5, 14), (4, 14), (3, 14), (2, 14), (1, 14), (1, 13), (1, 12), (1, 11)]","[{'top_left': (17, 24), 'bottom_right': (21, 28)}, {'top_left': (3, 9), 'bottom_right': (7, 13)}, {'top_left': (9, 15), 'bottom_right': (13, 19)}, {'top_left': (9, 8), 'bottom_right': (13, 12)}]"
30,11,28,23,5,"[(11, 28), (11, 27), (11, 26), (11, 25), (11, 24), (11, 23), (11, 22), (11, 21), (11, 20), (11, 19), (11, 18), (11, 17), (11, 16), (12, 16), (13, 16), (14, 16), (14, 15), (15, 15), (16, 15), (17, 15), (18, 15), (19, 15), (19, 14), (19, 13), (19, 12), (19, 11), (19, 10), (19, 9), (19, 8), (19, 7), (19, 6), (19, 5), (20, 5), (21, 5), (22, 5), (23, 5)]","[{'top_left': (0, 19), 'bottom_right': (4, 23)}, {'top_left': (14, 10), 'bottom_right': (18, 14)}, {'top_left': (9, 11), 'bottom_right': (13, 15)}, {'top_left': (3, 0), 'bottom_right': (7, 4)}]"
30,16,16,28,4,"[(16, 16), (16, 15), (17, 15), (18, 15), (19, 15), (19, 14), (19, 13), (19, 12), (19, 11), (19, 10), (19, 9), (19, 8), (19, 7), (19, 6), (19, 5), (19, 4), (20, 4), (21, 4), (22, 4), (23, 4), (24, 4), (25, 4), (26, 4), (27, 4), (28, 4)]","[{'top_left': (0, 19), 'bottom_right': (4, 23)}, {'top_left': (14, 10), 'bottom_right': (18, 14)}, {'top_left': (9, 11), 'bottom_right': (13, 15)}, {'top_left': (3, 0), 'bottom_right': (7, 4)}]"
30,13,3,29,15,"[(13, 3), (13, 4), (13, 5), (13, 6), (13, 7), (13, 8), (13, 9), (14, 9), (15, 9), (16, 9), (17, 9), (18, 9), (19, 9), (19, 10), (19, 11), (19, 12), (19, 13), (19, 14), (19, 15), (20, 15), (21, 15), (22, 15), (23, 15), (24, 15), (25, 15), (26, 15), (27, 15), (28, 15), (29, 15)]","[{'top_left': (0, 19), 'bottom_right': (4, 23)}, {'top_left': (14, 10), 'bottom_right': (18, 14)}, {'top_left': (9, 11), 'bottom_right': (13, 15)}, {'top_left': (3, 0), 'bottom_right': (7, 4)}]"
30,0,4,24,21,"[(0, 4), (0, 5), (0, 6), (0, 7), (0, 8), (0, 9), (0, 10), (0, 11), (0, 12), (0, 13), (0, 14), (0, 15), (0, 16), (0, 17), (0, 18), (1, 18), (2, 18), (3, 18), (4, 18), (5, 18), (5, 19), (5, 20), (5, 21), (6, 21), (7, 21), (8, 21), (9, 21), (10, 21), (11, 21), (12, 21), (13, 21), (14, 21), (15, 21), (16, 21), (17, 21), (18, 21), (19, 21), (20, 21), (21, 21), (22, 21), (23, 21), (24, 21)]","[{'top_left': (0, 19), 'bottom_right': (4, 23)}, {'top_left': (14, 10), 'bottom_right': (18, 14)}, {'top_left': (9, 11), 'bottom_right': (13, 15)}, {'top_left': (3, 0), 'bottom_right': (7, 4)}]"
30,28,5,17,25,"[(28, 5), (27, 5), (26, 5), (25, 5), (24, 5), (23, 5), (22, 5), (21, 5), (20, 5), (19, 5), (19, 6), (19, 7), (19, 8), (19, 9), (19, 10), (19, 11), (19, 12), (19, 13), (19, 14), (19, 15), (18, 15), (17, 15), (17, 16), (17, 17), (17, 18), (17, 19), (17, 20), (17, 21), (17, 22), (17, 23), (17, 24), (17, 25)]","[{'top_left': (0, 19), 'bottom_right': (4, 23)}, {'top_left': (14, 10), 'bottom_right': (18, 14)}, {'top_left': (9, 11), 'bottom_right': (13, 15)}, {'top_left': (3, 0), 'bottom_right': (7, 4)}]"
30,23,13,0,11,"[(23, 13), (22, 13), (21, 13), (20, 13), (19, 13), (18, 13), (17, 13), (16, 13), (15, 13), (14, 13), (13, 13), (12, 13), (11, 13), (10, 13), (9, 13), (9, 12), (9, 11), (9, 10), (8, 10), (7, 10), (6, 10), (5, 10), (4, 10), (3, 10), (2, 10), (1, 10), (0, 10), (0, 11)]","[{'top_left': (8, 3), 'bottom_right': (12, 7)}, {'top_left': (14, 21), 'bottom_right': (18, 25)}, {'top_left': (14, 5), 'bottom_right': (18, 9)}, {'top_left': (4, 11), 'bottom_right': (8, 15)}]"
30,28,27,22,6,"[(28, 27), (27, 27), (26, 27), (25, 27), (24, 27), (23, 27), (22, 27), (22, 26), (22, 25), (22, 24), (22, 23), (22, 22), (22, 21), (22, 20), (22, 19), (22, 18), (22, 17), (22, 16), (22, 15), (22, 14), (22, 13), (22, 12), (22, 11), (22, 10), (22, 9), (22, 8), (22, 7), (22, 6)]","[{'top_left': (8, 3), 'bottom_right': (12, 7)}, {'top_left': (14, 21), 'bottom_right': (18, 25)}, {'top_left': (14, 5), 'bottom_right': (18, 9)}, {'top_left': (4, 11), 'bottom_right': (8, 15)}]"
30,10,28,1,5,"[(10, 28), (9, 28), (8, 28), (7, 28), (6, 28), (5, 28), (4, 28), (3, 28), (2, 28), (1, 28), (1, 27), (1, 26), (1, 25), (1, 24), (1, 23), (1, 22), (1, 21), (1, 20), (1, 19), (1, 18), (1, 17), (1, 16), (1, 15), (1, 14), (1, 13), (1, 12), (1, 11), (1, 10), (1, 9), (1, 8), (1, 7), (1, 6), (1, 5)]","[{'top_left': (8, 3), 'bottom_right': (12, 7)}, {'top_left': (14, 21), 'bottom_right': (18, 25)}, {'top_left': (14, 5), 'bottom_right': (18, 9)}, {'top_left': (4, 11), 'bottom_right': (8, 15)}]"
30,22,4,10,24,"[(22, 4), (21, 4), (20, 4), (19, 4), (18, 4), (17, 4), (16, 4), (15, 4), (14, 4), (13, 4), (13, 5), (13, 6), (13, 7), (13, 8), (12, 8), (11, 8), (10, 8), (10, 9), (10, 10), (10, 11), (10, 12), (10, 13), (10, 14), (10, 15), (10, 16), (10, 17), (10, 18), (10, 19), (10, 20), (10, 21), (10, 22), (10, 23), (10, 24)]","[{'top_left': (8, 3), 'bottom_right': (12, 7)}, {'top_left': (14, 21), 'bottom_right': (18, 25)}, {'top_left': (14, 5), 'bottom_right': (18, 9)}, {'top_left': (4, 11), 'bottom_right': (8, 15)}]"
30,24,24,28,12,"[(24, 24), (24, 23), (24, 22), (24, 21), (24, 20), (24, 19), (24, 18), (24, 17), (24, 16), (24, 15), (24, 14), (24, 13), (24, 12), (25, 12), (26, 12), (27, 12), (28, 12)]","[{'top_left': (8, 3), 'bottom_right': (12, 7)}, {'top_left': (14, 21), 'bottom_right': (18, 25)}, {'top_left': (14, 5), 'bottom_right': (18, 9)}, {'top_left': (4, 11), 'bottom_right': (8, 15)}]"
30,16,0,24,21,"[(16, 0), (16, 1), (16, 2), (16, 3), (16, 4), (16, 5), (16, 6), (16, 7), (16, 8), (16, 9), (16, 10), (16, 11), (16, 12), (16, 13), (16, 14), (16, 15), (16, 16), (16, 17), (16, 18), (16, 19), (16, 20), (16, 21), (17, 21), (18, 21), (19, 21), (20, 21), (21, 21), (22, 21), (23, 21), (24, 21)]","[{'top_left': (16, 23), 'bottom_right': (20, 27)}, {'top_left': (23, 12), 'bottom_right': (27, 16)}, {'top_left': (4, 3), 'bottom_right': (8, 7)}, {'top_left': (3, 25), 'bottom_right': (7, 29)}]"
30,7,1,21,26,"[(7, 1), (7, 2), (8, 2), (9, 2), (9, 3), (9, 4), (9, 5), (9, 6), (9, 7), (9, 8), (9, 9), (9, 10), (9, 11), (9, 12), (9, 13), (9, 14), (9, 15), (9, 16), (9, 17), (9, 18), (9, 19), (9, 20), (9, 21), (9, 22), (10, 22), (11, 22), (12, 22), (13, 22), (14, 22), (15, 22), (16, 22), (17, 22), (18, 22), (19, 22), (20, 22), (21, 22), (21, 23), (21, 24), (21, 25), (21, 26)]","[{'top_left': (16, 23), 'bottom_right': (20, 27)}, {'top_left': (23, 12), 'bottom_right': (27, 16)}, {'top_left': (4, 3), 'bottom_right': (8, 7)}, {'top_left': (3, 25), 'bottom_right': (7, 29)}]"
30,0,13,15,9,"[(0, 13), (0, 12), (0, 11), (0, 10), (0, 9), (1, 9), (2, 9), (3, 9), (4, 9), (5, 9), (6, 9), (7, 9), (8, 9), (9, 9), (10, 9), (11, 9), (12, 9), (13, 9), (14, 9), (15, 9)]","[{'top_left': (16, 23), 'bottom_right': (20, 27)}, {'top_left': (23, 12), 'bottom_right': (27, 16)}, {'top_left': (4, 3), 'bottom_right': (8, 7)}, {'top_left': (3, 25), 'bottom_right': (7, 29)}]"
30,22,25,25,3,"[(22, 25), (22, 24), (22, 23), (22, 22), (22, 21), (22, 20), (22, 19), (22, 18), (22, 17), (22, 16), (22, 15), (22, 14), (22, 13), (22, 12), (22, 11), (22, 10), (22, 9), (22, 8), (22, 7), (22, 6), (22, 5), (22, 4), (22, 3), (23, 3), (24, 3), (25, 3)]","[{'top_left': (16, 23), 'bottom_right': (20, 27)}, {'top_left': (23, 12), 'bottom_right': (27, 16)}, {'top_left': (4, 3), 'bottom_right': (8, 7)}, {'top_left': (3, 25), 'bottom_right': (7, 29)}]"
30,2,27,1,12,"[(2, 27), (1, 27), (1, 26), (1, 25), (1, 24), (1, 23), (1, 22), (1, 21), (1, 20), (1, 19), (1, 18), (1, 17), (1, 16), (1, 15), (1, 14), (1, 13), (1, 12)]","[{'top_left': (16, 23), 'bottom_right': (20, 27)}, {'top_left': (23, 12), 'bottom_right': (27, 16)}, {'top_left': (4, 3), 'bottom_right': (8, 7)}, {'top_left': (3, 25), 'bottom_right': (7, 29)}]"
30,10,28,1,5,"[(10, 28), (9, 28), (8, 28), (7, 28), (6, 28), (5, 28), (4, 28), (3, 28), (2, 28), (1, 28), (1, 27), (1, 26), (1, 25), (1, 24), (1, 23), (1, 22), (1, 21), (1, 20), (1, 19), (1, 18), (1, 17), (1, 16), (1, 15), (1, 14), (1, 13), (1, 12), (1, 11), (1, 10), (1, 9), (1, 8), (1, 7), (1, 6), (1, 5)]","[{'top_left': (13, 16), 'bottom_right': (17, 20)}, {'top_left': (9, 22), 'bottom_right': (13, 26)}, {'top_left': (20, 7), 'bottom_right': (24, 11)}, {'top_left': (7, 10), 'bottom_right': (11, 14)}]"
30,1,0,1,21,"[(1, 0), (1, 1), (1, 2), (1, 3), (1, 4), (1, 5), (1, 6), (1, 7), (1, 8), (1, 9), (1, 10), (1, 11), (1, 12), (1, 13), (1, 14), (1, 15), (1, 16), (1, 17), (1, 18), (1, 19), (1, 20), (1, 21)]","[{'top_left': (13, 16), 'bottom_right': (17, 20)}, {'top_left': (9, 22), 'bottom_right': (13, 26)}, {'top_left': (20, 7), 'bottom_right': (24, 11)}, {'top_left': (7, 10), 'bottom_right': (11, 14)}]"
30,15,8,29,19,"[(15, 8), (15, 9), (15, 10), (15, 11), (15, 12), (15, 13), (15, 14), (15, 15), (16, 15), (17, 15), (18, 15), (18, 16), (18, 17), (18, 18), (18, 19), (19, 19), (20, 19), (21, 19), (22, 19), (23, 19), (24, 19), (25, 19), (26, 19), (27, 19), (28, 19), (29, 19)]","[{'top_left': (13, 16), 'bottom_right': (17, 20)}, {'top_left': (9, 22), 'bottom_right': (13, 26)}, {'top_left': (20, 7), 'bottom_right': (24, 11)}, {'top_left': (7, 10), 'bottom_right': (11, 14)}]"
30,3,3,21,0,"[(3, 3), (3, 2), (3, 1), (3, 0), (4, 0), (5, 0), (6, 0), (7, 0), (8, 0), (9, 0), (10, 0), (11, 0), (12, 0), (13, 0), (14, 0), (15, 0), (16, 0), (17, 0), (18, 0), (19, 0), (20, 0), (21, 0)]","[{'top_left': (13, 16), 'bottom_right': (17, 20)}, {'top_left': (9, 22), 'bottom_right': (13, 26)}, {'top_left': (20, 7), 'bottom_right': (24, 11)}, {'top_left': (7, 10), 'bottom_right': (11, 14)}]"
30,25,11,23,24,"[(25, 11), (25, 12), (24, 12), (23, 12), (23, 13), (23, 14), (23, 15), (23, 16), (23, 17), (23, 18), (23, 19), (23, 20), (23, 21), (23, 22), (23, 23), (23, 24)]","[{'top_left': (13, 16), 'bottom_right': (17, 20)}, {'top_left': (9, 22), 'bottom_right': (13, 26)}, {'top_left': (20, 7), 'bottom_right': (24, 11)}, {'top_left': (7, 10), 'bottom_right': (11, 14)}]"
30,18,12,2,28,"[(18, 12), (17, 12), (16, 12), (15, 12), (14, 12), (13, 12), (12, 12), (11, 12), (10, 12), (9, 12), (8, 12), (7, 12), (6, 12), (5, 12), (4, 12), (3, 12), (2, 12), (2, 13), (2, 14), (2, 15), (2, 16), (2, 17), (2, 18), (2, 19), (2, 20), (2, 21), (2, 22), (2, 23), (2, 24), (2, 25), (2, 26), (2, 27), (2, 28)]","[{'top_left': (18, 16), 'bottom_right': (22, 20)}, {'top_left': (19, 11), 'bottom_right': (23, 15)}, {'top_left': (7, 20), 'bottom_right': (11, 24)}, {'top_left': (8, 6), 'bottom_right': (12, 10)}]"
30,3,4,20,23,"[(3, 4), (3, 5), (3, 6), (3, 7), (3, 8), (3, 9), (3, 10), (3, 11), (3, 12), (3, 13), (3, 14), (3, 15), (3, 16), (3, 17), (3, 18), (3, 19), (4, 19), (5, 19), (6, 19), (7, 19), (8, 19), (9, 19), (10, 19), (11, 19), (12, 19), (12, 20), (12, 21), (12, 22), (12, 23), (13, 23), (14, 23), (15, 23), (16, 23), (17, 23), (18, 23), (19, 23), (20, 23)]","[{'top_left': (18, 16), 'bottom_right': (22, 20)}, {'top_left': (19, 11), 'bottom_right': (23, 15)}, {'top_left': (7, 20), 'bottom_right': (11, 24)}, {'top_left': (8, 6), 'bottom_right': (12, 10)}]"
30,19,3,1,18,"[(19, 3), (18, 3), (17, 3), (16, 3), (15, 3), (14, 3), (13, 3), (12, 3), (11, 3), (10, 3), (9, 3), (8, 3), (7, 3), (6, 3), (5, 3), (4, 3), (3, 3), (2, 3), (1, 3), (1, 4), (1, 5), (1, 6), (1, 7), (1, 8), (1, 9), (1, 10), (1, 11), (1, 12), (1, 13), (1, 14), (1, 15), (1, 16), (1, 17), (1, 18)]","[{'top_left': (18, 16), 'bottom_right': (22, 20)}, {'top_left': (19, 11), 'bottom_right': (23, 15)}, {'top_left': (7, 20), 'bottom_right': (11, 24)}, {'top_left': (8, 6), 'bottom_right': (12, 10)}]"
30,29,3,2,17,"[(29, 3), (28, 3), (27, 3), (26, 3), (25, 3), (24, 3), (23, 3), (22, 3), (21, 3), (20, 3), (19, 3), (18, 3), (17, 3), (16, 3), (15, 3), (14, 3), (13, 3), (12, 3), (11, 3), (10, 3), (9, 3), (8, 3), (7, 3), (6, 3), (5, 3), (4, 3), (3, 3), (2, 3), (2, 4), (2, 5), (2, 6), (2, 7), (2, 8), (2, 9), (2, 10), (2, 11), (2, 12), (2, 13), (2, 14), (2, 15), (2, 16), (2, 17)]","[{'top_left': (18, 16), 'bottom_right': (22, 20)}, {'top_left': (19, 11), 'bottom_right': (23, 15)}, {'top_left': (7, 20), 'bottom_right': (11, 24)}, {'top_left': (8, 6), 'bottom_right': (12, 10)}]"
30,23,4,1,4,"[(23, 4), (22, 4), (21, 4), (20, 4), (19, 4), (18, 4), (17, 4), (16, 4), (15, 4), (14, 4), (13, 4), (12, 4), (11, 4), (10, 4), (9, 4), (8, 4), (7, 4), (6, 4), (5, 4), (4, 4), (3, 4), (2, 4), (1, 4)]","[{'top_left': (18, 16), 'bottom_right': (22, 20)}, {'top_left': (19, 11), 'bottom_right': (23, 15)}, {'top_left': (7, 20), 'bottom_right': (11, 24)}, {'top_left': (8, 6), 'bottom_right': (12, 10)}]"
30,28,11,14,20,"[(28, 11), (27, 11), (26, 11), (25, 11), (24, 11), (23, 11), (22, 11), (22, 12), (22, 13), (22, 14), (22, 15), (22, 16), (21, 16), (20, 16), (19, 16), (18, 16), (17, 16), (16, 16), (15, 16), (14, 16), (14, 17), (14, 18), (14, 19), (14, 20)]","[{'top_left': (6, 13), 'bottom_right': (10, 17)}, {'top_left': (17, 22), 'bottom_right': (21, 26)}, {'top_left': (8, 24), 'bottom_right': (12, 28)}, {'top_left': (17, 11), 'bottom_right': (21, 15)}]"
30,29,16,25,0,"[(29, 16), (28, 16), (27, 16), (26, 16), (25, 16), (25, 15), (25, 14), (25, 13), (25, 12), (25, 11), (25, 10), (25, 9), (25, 8), (25, 7), (25, 6), (25, 5), (25, 4), (25, 3), (25, 2), (25, 1), (25, 0)]","[{'top_left': (6, 13), 'bottom_right': (10, 17)}, {'top_left': (17, 22), 'bottom_right': (21, 26)}, {'top_left': (8, 24), 'bottom_right': (12, 28)}, {'top_left': (17, 11), 'bottom_right': (21, 15)}]"
30,1,25,22,6,"[(1, 25), (1, 24), (1, 23), (1, 22), (1, 21), (1, 20), (1, 19), (1, 18), (1, 17), (1, 16), (1, 15), (1, 14), (1, 13), (1, 12), (1, 11), (1, 10), (1, 9), (1, 8), (1, 7), (1, 6), (2, 6), (3, 6), (4, 6), (5, 6), (6, 6), (7, 6), (8, 6), (9, 6), (10, 6), (11, 6), (12, 6), (13, 6), (14, 6), (15, 6), (16, 6), (17, 6), (18, 6), (19, 6), (20, 6), (21, 6), (22, 6)]","[{'top_left': (6, 13), 'bottom_right': (10, 17)}, {'top_left': (17, 22), 'bottom_right': (21, 26)}, {'top_left': (8, 24), 'bottom_right': (12, 28)}, {'top_left': (17, 11), 'bottom_right': (21, 15)}]"
30,23,26,12,15,"[(23, 26), (22, 26), (22, 25), (22, 24), (22, 23), (22, 22), (22, 21), (21, 21), (20, 21), (19, 21), (18, 21), (17, 21), (16, 21), (15, 21), (14, 21), (13, 21), (12, 21), (12, 20), (12, 19), (12, 18), (12, 17), (12, 16), (12, 15)]","[{'top_left': (6, 13), 'bottom_right': (10, 17)}, {'top_left': (17, 22), 'bottom_right': (21, 26)}, {'top_left': (8, 24), 'bottom_right': (12, 28)}, {'top_left': (17, 11), 'bottom_right': (21, 15)}]"
30,2,5,14,24,"[(2, 5), (2, 6), (2, 7), (2, 8), (2, 9), (2, 10), (2, 11), (2, 12), (2, 13), (2, 14), (2, 15), (2, 16), (2, 17), (2, 18), (2, 19), (2, 20), (2, 21), (2, 22), (2, 23), (3, 23), (4, 23), (5, 23), (6, 23), (7, 23), (8, 23), (9, 23), (10, 23), (11, 23), (12, 23), (13, 23), (13, 24), (14, 24)]","[{'top_left': (6, 13), 'bottom_right': (10, 17)}, {'top_left': (17, 22), 'bottom_right': (21, 26)}, {'top_left': (8, 24), 'bottom_right': (12, 28)}, {'top_left': (17, 11), 'bottom_right': (21, 15)}]"
30,18,6,18,22,"[(18, 6), (17, 6), (16, 6), (15, 6), (15, 7), (15, 8), (15, 9), (15, 10), (15, 11), (15, 12), (15, 13), (15, 14), (15, 15), (15, 16), (15, 17), (15, 18), (15, 19), (15, 20), (15, 21), (15, 22), (16, 22), (17, 22), (18, 22)]","[{'top_left': (16, 12), 'bottom_right': (20, 16)}, {'top_left': (17, 24), 'bottom_right': (21, 28)}, {'top_left': (6, 5), 'bottom_right': (10, 9)}, {'top_left': (0, 5), 'bottom_right': (4, 9)}]"
30,0,28,29,25,"[(0, 28), (0, 29), (1, 29), (2, 29), (3, 29), (4, 29), (5, 29), (6, 29), (7, 29), (8, 29), (9, 29), (10, 29), (11, 29), (12, 29), (13, 29), (14, 29), (15, 29), (16, 29), (17, 29), (18, 29), (19, 29), (20, 29), (21, 29), (22, 29), (22, 28), (22, 27), (22, 26), (22, 25), (23, 25), (24, 25), (25, 25), (26, 25), (27, 25), (28, 25), (29, 25)]","[{'top_left': (16, 12), 'bottom_right': (20, 16)}, {'top_left': (17, 24), 'bottom_right': (21, 28)}, {'top_left': (6, 5), 'bottom_right': (10, 9)}, {'top_left': (0, 5), 'bottom_right': (4, 9)}]"
30,27,7,9,22,"[(27, 7), (26, 7), (25, 7), (24, 7), (23, 7), (22, 7), (21, 7), (20, 7), (19, 7), (18, 7), (17, 7), (16, 7), (15, 7), (14, 7), (13, 7), (12, 7), (11, 7), (11, 8), (11, 9), (11, 10), (10, 10), (9, 10), (9, 11), (9, 12), (9, 13), (9, 14), (9, 15), (9, 16), (9, 17), (9, 18), (9, 19), (9, 20), (9, 21), (9, 22)]","[{'top_left': (16, 12), 'bottom_right': (20, 16)}, {'top_left': (17, 24), 'bottom_right': (21, 28)}, {'top_left': (6, 5), 'bottom_right': (10, 9)}, {'top_left': (0, 5), 'bottom_right': (4, 9)}]"
30,8,27,25,1,"[(8, 27), (8, 26), (8, 25), (8, 24), (8, 23), (8, 22), (8, 21), (8, 20), (8, 19), (8, 18), (8, 17), (8, 16), (8, 15), (8, 14), (8, 13), (8, 12), (8, 11), (8, 10), (9, 10), (10, 10), (11, 10), (11, 9), (11, 8), (11, 7), (11, 6), (11, 5), (11, 4), (11, 3), (11, 2), (11, 1), (12, 1), (13, 1), (14, 1), (15, 1), (16, 1), (17, 1), (18, 1), (19, 1), (20, 1), (21, 1), (22, 1), (23, 1), (24, 1), (25, 1)]","[{'top_left': (16, 12), 'bottom_right': (20, 16)}, {'top_left': (17, 24), 'bottom_right': (21, 28)}, {'top_left': (6, 5), 'bottom_right': (10, 9)}, {'top_left': (0, 5), 'bottom_right': (4, 9)}]"
30,17,3,0,20,"[(17, 3), (16, 3), (15, 3), (14, 3), (13, 3), (12, 3), (11, 3), (10, 3), (9, 3), (8, 3), (7, 3), (6, 3), (5, 3), (5, 4), (5, 5), (5, 6), (5, 7), (5, 8), (5, 9), (5, 10), (4, 10), (3, 10), (2, 10), (1, 10), (0, 10), (0, 11), (0, 12), (0, 13), (0, 14), (0, 15), (0, 16), (0, 17), (0, 18), (0, 19), (0, 20)]","[{'top_left': (16, 12), 'bottom_right': (20, 16)}, {'top_left': (17, 24), 'bottom_right': (21, 28)}, {'top_left': (6, 5), 'bottom_right': (10, 9)}, {'top_left': (0, 5), 'bottom_right': (4, 9)}]"
30,28,19,9,10,"[(28, 19), (27, 19), (27, 18), (27, 17), (27, 16), (26, 16), (25, 16), (24, 16), (23, 16), (22, 16), (21, 16), (20, 16), (19, 16), (18, 16), (17, 16), (16, 16), (15, 16), (14, 16), (13, 16), (12, 16), (11, 16), (10, 16), (9, 16), (9, 15), (9, 14), (9, 13), (9, 12), (9, 11), (9, 10)]","[{'top_left': (11, 20), 'bottom_right': (15, 24)}, {'top_left': (19, 11), 'bottom_right': (23, 15)}, {'top_left': (10, 2), 'bottom_right': (14, 6)}, {'top_left': (22, 17), 'bottom_right': (26, 21)}]"
30,1,20,26,0,"[(1, 20), (1, 19), (1, 18), (1, 17), (1, 16), (1, 15), (1, 14), (1, 13), (1, 12), (1, 11), (1, 10), (1, 9), (1, 8), (1, 7), (1, 6), (1, 5), (1, 4), (1, 3), (1, 2), (1, 1), (1, 0), (2, 0), (3, 0), (4, 0), (5, 0), (6, 0), (7, 0), (8, 0), (9, 0), (10, 0), (11, 0), (12, 0), (13, 0), (14, 0), (15, 0), (16, 0), (17, 0), (18, 0), (19, 0), (20, 0), (21, 0), (22, 0), (23, 0), (24, 0), (25, 0), (26, 0)]","[{'top_left': (11, 20), 'bottom_right': (15, 24)}, {'top_left': (19, 11), 'bottom_right': (23, 15)}, {'top_left': (10, 2), 'bottom_right': (14, 6)}, {'top_left': (22, 17), 'bottom_right': (26, 21)}]"
30,26,11,7,23,"[(26, 11), (25, 11), (24, 11), (24, 12), (24, 13), (24, 14), (24, 15), (24, 16), (23, 16), (22, 16), (21, 16), (20, 16), (19, 16), (18, 16), (17, 16), (16, 16), (15, 16), (14, 16), (13, 16), (12, 16), (11, 16), (10, 16), (9, 16), (8, 16), (7, 16), (7, 17), (7, 18), (7, 19), (7, 20), (7, 21), (7, 22), (7, 23)]","[{'top_left': (11, 20), 'bottom_right': (15, 24)}, {'top_left': (19, 11), 'bottom_right': (23, 15)}, {'top_left': (10, 2), 'bottom_right': (14, 6)}, {'top_left': (22, 17), 'bottom_right': (26, 21)}]"
30,8,27,20,20,"[(8, 27), (8, 26), (8, 25), (9, 25), (10, 25), (11, 25), (12, 25), (13, 25), (14, 25), (15, 25), (16, 25), (16, 24), (16, 23), (16, 22), (16, 21), (16, 20), (17, 20), (18, 20), (19, 20), (20, 20)]","[{'top_left': (11, 20), 'bottom_right': (15, 24)}, {'top_left': (19, 11), 'bottom_right': (23, 15)}, {'top_left': (10, 2), 'bottom_right': (14, 6)}, {'top_left': (22, 17), 'bottom_right': (26, 21)}]"
30,19,17,6,26,"[(19, 17), (18, 17), (17, 17), (16, 17), (15, 17), (14, 17), (13, 17), (12, 17), (11, 17), (10, 17), (9, 17), (8, 17), (7, 17), (6, 17), (6, 18), (6, 19), (6, 20), (6, 21), (6, 22), (6, 23), (6, 24), (6, 25), (6, 26)]","[{'top_left': (11, 20), 'bottom_right': (15, 24)}, {'top_left': (19, 11), 'bottom_right': (23, 15)}, {'top_left': (10, 2), 'bottom_right': (14, 6)}, {'top_left': (22, 17), 'bottom_right': (26, 21)}]"
30,23,13,11,4,"[(23, 13), (22, 13), (21, 13), (20, 13), (19, 13), (18, 13), (17, 13), (16, 13), (15, 13), (14, 13), (13, 13), (12, 13), (11, 13), (11, 12), (11, 11), (11, 10), (11, 9), (11, 8), (11, 7), (11, 6), (11, 5), (11, 4)]","[{'top_left': (14, 7), 'bottom_right': (18, 11)}, {'top_left': (6, 18), 'bottom_right': (10, 22)}, {'top_left': (20, 25), 'bottom_right': (24, 29)}, {'top_left': (24, 12), 'bottom_right': (28, 16)}]"
30,21,19,6,2,"[(21, 19), (20, 19), (19, 19), (18, 19), (17, 19), (16, 19), (15, 19), (14, 19), (13, 19), (12, 19), (11, 19), (11, 18), (11, 17), (10, 17), (9, 17), (8, 17), (7, 17), (6, 17), (6, 16), (6, 15), (6, 14), (6, 13), (6, 12), (6, 11), (6, 10), (6, 9), (6, 8), (6, 7), (6, 6), (6, 5), (6, 4), (6, 3), (6, 2)]","[{'top_left': (14, 7), 'bottom_right': (18, 11)}, {'top_left': (6, 18), 'bottom_right': (10, 22)}, {'top_left': (20, 25), 'bottom_right': (24, 29)}, {'top_left': (24, 12), 'bottom_right': (28, 16)}]"
30,14,29,20,12,"[(14, 29), (14, 28), (14, 27), (14, 26), (14, 25), (14, 24), (14, 23), (14, 22), (14, 21), (14, 20), (14, 19), (14, 18), (14, 17), (14, 16), (14, 15), (14, 14), (14, 13), (14, 12), (15, 12), (16, 12), (17, 12), (18, 12), (19, 12), (20, 12)]","[{'top_left': (14, 7), 'bottom_right': (18, 11)}, {'top_left': (6, 18), 'bottom_right': (10, 22)}, {'top_left': (20, 25), 'bottom_right': (24, 29)}, {'top_left': (24, 12), 'bottom_right': (28, 16)}]"
30,3,23,16,4,"[(3, 23), (3, 22), (3, 21), (3, 20), (3, 19), (3, 18), (3, 17), (3, 16), (3, 15), (3, 14), (3, 13), (3, 12), (3, 11), (3, 10), (3, 9), (3, 8), (3, 7), (3, 6), (3, 5), (3, 4), (4, 4), (5, 4), (6, 4), (7, 4), (8, 4), (9, 4), (10, 4), (11, 4), (12, 4), (13, 4), (14, 4), (15, 4), (16, 4)]","[{'top_left': (14, 7), 'bottom_right': (18, 11)}, {'top_left': (6, 18), 'bottom_right': (10, 22)}, {'top_left': (20, 25), 'bottom_right': (24, 29)}, {'top_left': (24, 12), 'bottom_right': (28, 16)}]"
30,23,24,25,0,"[(23, 24), (23, 23), (23, 22), (23, 21), (23, 20), (23, 19), (23, 18), (23, 17), (23, 16), (23, 15), (23, 14), (23, 13), (23, 12), (23, 11), (23, 10), (23, 9), (23, 8), (23, 7), (23, 6), (23, 5), (23, 4), (23, 3), (23, 2), (23, 1), (23, 0), (24, 0), (25, 0)]","[{'top_left': (14, 7), 'bottom_right': (18, 11)}, {'top_left': (6, 18), 'bottom_right': (10, 22)}, {'top_left': (20, 25), 'bottom_right': (24, 29)}, {'top_left': (24, 12), 'bottom_right': (28, 16)}]"
30,26,20,29,1,"[(26, 20), (26, 19), (26, 18), (26, 17), (26, 16), (26, 15), (26, 14), (26, 13), (26, 12), (26, 11), (26, 10), (26, 9), (26, 8), (26, 7), (26, 6), (26, 5), (26, 4), (26, 3), (26, 2), (26, 1), (27, 1), (28, 1), (29, 1)]","[{'top_left': (19, 3), 'bottom_right': (23, 7)}, {'top_left': (12, 12), 'bottom_right': (16, 16)}, {'top_left': (0, 3), 'bottom_right': (4, 7)}, {'top_left': (0, 24), 'bottom_right': (4, 28)}]"
30,8,4,20,19,"[(8, 4), (8, 5), (8, 6), (8, 7), (8, 8), (8, 9), (8, 10), (8, 11), (8, 12), (8, 13), (8, 14), (8, 15), (8, 16), (8, 17), (8, 18), (8, 19), (9, 19), (10, 19), (11, 19), (12, 19), (13, 19), (14, 19), (15, 19), (16, 19), (17, 19), (18, 19), (19, 19), (20, 19)]","[{'top_left': (19, 3), 'bottom_right': (23, 7)}, {'top_left': (12, 12), 'bottom_right': (16, 16)}, {'top_left': (0, 3), 'bottom_right': (4, 7)}, {'top_left': (0, 24), 'bottom_right': (4, 28)}]"
30,3,17,23,26,"[(3, 17), (3, 18), (3, 19), (3, 20), (3, 21), (3, 22), (3, 23), (4, 23), (5, 23), (5, 24), (5, 25), (5, 26), (6, 26), (7, 26), (8, 26), (9, 26), (10, 26), (11, 26), (12, 26), (13, 26), (14, 26), (15, 26), (16, 26), (17, 26), (18, 26), (19, 26), (20, 26), (21, 26), (22, 26), (23, 26)]","[{'top_left': (19, 3), 'bottom_right': (23, 7)}, {'top_left': (12, 12), 'bottom_right': (16, 16)}, {'top_left': (0, 3), 'bottom_right': (4, 7)}, {'top_left': (0, 24), 'bottom_right': (4, 28)}]"
30,10,27,22,2,"[(10, 27), (10, 26), (10, 25), (10, 24), (10, 23), (10, 22), (10, 21), (10, 20), (10, 19), (10, 18), (10, 17), (10, 16), (10, 15), (10, 14), (10, 13), (10, 12), (10, 11), (10, 10), (10, 9), (10, 8), (10, 7), (10, 6), (10, 5), (10, 4), (10, 3), (10, 2), (11, 2), (12, 2), (13, 2), (14, 2), (15, 2), (16, 2), (17, 2), (18, 2), (19, 2), (20, 2), (21, 2), (22, 2)]","[{'top_left': (19, 3), 'bottom_right': (23, 7)}, {'top_left': (12, 12), 'bottom_right': (16, 16)}, {'top_left': (0, 3), 'bottom_right': (4, 7)}, {'top_left': (0, 24), 'bottom_right': (4, 28)}]"
30,6,4,15,24,"[(6, 4), (6, 5), (6, 6), (6, 7), (6, 8), (6, 9), (6, 10), (6, 11), (6, 12), (6, 13), (6, 14), (6, 15), (6, 16), (6, 17), (6, 18), (6, 19), (6, 20), (6, 21), (6, 22), (6, 23), (6, 24), (7, 24), (8, 24), (9, 24), (10, 24), (11, 24), (12, 24), (13, 24), (14, 24), (15, 24)]","[{'top_left': (19, 3), 'bottom_right': (23, 7)}, {'top_left': (12, 12), 'bottom_right': (16, 16)}, {'top_left': (0, 3), 'bottom_right': (4, 7)}, {'top_left': (0, 24), 'bottom_right': (4, 28)}]"
30,3,0,26,1,"[(3, 0), (3, 1), (4, 1), (5, 1), (6, 1), (7, 1), (8, 1), (9, 1), (10, 1), (11, 1), (12, 1), (13, 1), (14, 1), (15, 1), (16, 1), (17, 1), (18, 1), (19, 1), (20, 1), (21, 1), (22, 1), (23, 1), (24, 1), (25, 1), (26, 1)]","[{'top_left': (18, 14), 'bottom_right': (22, 18)}, {'top_left': (5, 9), 'bottom_right': (9, 13)}, {'top_left': (10, 15), 'bottom_right': (14, 19)}, {'top_left': (1, 17), 'bottom_right': (5, 21)}]"
30,16,28,26,13,"[(16, 28), (16, 27), (16, 26), (16, 25), (16, 24), (16, 23), (16, 22), (16, 21), (16, 20), (16, 19), (16, 18), (16, 17), (16, 16), (16, 15), (16, 14), (16, 13), (17, 13), (18, 13), (19, 13), (20, 13), (21, 13), (22, 13), (23, 13), (24, 13), (25, 13), (26, 13)]","[{'top_left': (18, 14), 'bottom_right': (22, 18)}, {'top_left': (5, 9), 'bottom_right': (9, 13)}, {'top_left': (10, 15), 'bottom_right': (14, 19)}, {'top_left': (1, 17), 'bottom_right': (5, 21)}]"
30,4,0,29,7,"[(4, 0), (4, 1), (4, 2), (4, 3), (4, 4), (4, 5), (4, 6), (4, 7), (5, 7), (6, 7), (7, 7), (8, 7), (9, 7), (10, 7), (11, 7), (12, 7), (13, 7), (14, 7), (15, 7), (16, 7), (17, 7), (18, 7), (19, 7), (20, 7), (21, 7), (22, 7), (23, 7), (24, 7), (25, 7), (26, 7), (27, 7), (28, 7), (29, 7)]","[{'top_left': (18, 14), 'bottom_right': (22, 18)}, {'top_left': (5, 9), 'bottom_right': (9, 13)}, {'top_left': (10, 15), 'bottom_right': (14, 19)}, {'top_left': (1, 17), 'bottom_right': (5, 21)}]"
30,0,7,13,12,"[(0, 7), (0, 8), (1, 8), (2, 8), (3, 8), (4, 8), (5, 8), (6, 8), (7, 8), (8, 8), (9, 8), (10, 8), (10, 9), (10, 10), (10, 11), (10, 12), (11, 12), (12, 12), (13, 12)]","[{'top_left': (18, 14), 'bottom_right': (22, 18)}, {'top_left': (5, 9), 'bottom_right': (9, 13)}, {'top_left': (10, 15), 'bottom_right': (14, 19)}, {'top_left': (1, 17), 'bottom_right': (5, 21)}]"
30,4,11,20,9,"[(4, 11), (4, 10), (4, 9), (4, 8), (5, 8), (6, 8), (7, 8), (8, 8), (9, 8), (10, 8), (10, 9), (11, 9), (12, 9), (13, 9), (14, 9), (15, 9), (16, 9), (17, 9), (18, 9), (19, 9), (20, 9)]","[{'top_left': (18, 14), 'bottom_right': (22, 18)}, {'top_left': (5, 9), 'bottom_right': (9, 13)}, {'top_left': (10, 15), 'bottom_right': (14, 19)}, {'top_left': (1, 17), 'bottom_right': (5, 21)}]"
30,3,11,29,29,"[(3, 11), (3, 12), (3, 13), (3, 14), (3, 15), (3, 16), (3, 17), (3, 18), (3, 19), (3, 20), (3, 21), (3, 22), (3, 23), (3, 24), (3, 25), (3, 26), (3, 27), (3, 28), (3, 29), (4, 29), (5, 29), (6, 29), (7, 29), (8, 29), (9, 29), (10, 29), (11, 29), (12, 29), (13, 29), (14, 29), (15, 29), (16, 29), (17, 29), (18, 29), (19, 29), (20, 29), (21, 29), (22, 29), (23, 29), (24, 29), (25, 29), (26, 29), (27, 29), (28, 29), (29, 29)]","[{'top_left': (7, 21), 'bottom_right': (11, 25)}, {'top_left': (12, 21), 'bottom_right': (16, 25)}, {'top_left': (22, 3), 'bottom_right': (26, 7)}, {'top_left': (15, 5), 'bottom_right': (19, 9)}]"
30,19,4,5,13,"[(19, 4), (18, 4), (17, 4), (16, 4), (15, 4), (14, 4), (13, 4), (12, 4), (11, 4), (10, 4), (9, 4), (8, 4), (7, 4), (6, 4), (5, 4), (5, 5), (5, 6), (5, 7), (5, 8), (5, 9), (5, 10), (5, 11), (5, 12), (5, 13)]","[{'top_left': (7, 21), 'bottom_right': (11, 25)}, {'top_left': (12, 21), 'bottom_right': (16, 25)}, {'top_left': (22, 3), 'bottom_right': (26, 7)}, {'top_left': (15, 5), 'bottom_right': (19, 9)}]"
30,21,13,4,28,"[(21, 13), (20, 13), (19, 13), (18, 13), (17, 13), (16, 13), (15, 13), (14, 13), (13, 13), (12, 13), (11, 13), (10, 13), (9, 13), (8, 13), (7, 13), (6, 13), (5, 13), (4, 13), (4, 14), (4, 15), (4, 16), (4, 17), (4, 18), (4, 19), (4, 20), (4, 21), (4, 22), (4, 23), (4, 24), (4, 25), (4, 26), (4, 27), (4, 28)]","[{'top_left': (7, 21), 'bottom_right': (11, 25)}, {'top_left': (12, 21), 'bottom_right': (16, 25)}, {'top_left': (22, 3), 'bottom_right': (26, 7)}, {'top_left': (15, 5), 'bottom_right': (19, 9)}]"
30,26,9,11,28,"[(26, 9), (25, 9), (24, 9), (23, 9), (22, 9), (21, 9), (20, 9), (20, 10), (19, 10), (18, 10), (17, 10), (17, 11), (17, 12), (17, 13), (17, 14), (17, 15), (17, 16), (17, 17), (17, 18), (17, 19), (17, 20), (17, 21), (17, 22), (17, 23), (17, 24), (17, 25), (17, 26), (16, 26), (15, 26), (14, 26), (13, 26), (12, 26), (11, 26), (11, 27), (11, 28)]","[{'top_left': (7, 21), 'bottom_right': (11, 25)}, {'top_left': (12, 21), 'bottom_right': (16, 25)}, {'top_left': (22, 3), 'bottom_right': (26, 7)}, {'top_left': (15, 5), 'bottom_right': (19, 9)}]"
30,3,8,29,15,"[(3, 8), (3, 9), (3, 10), (3, 11), (3, 12), (3, 13), (3, 14), (3, 15), (4, 15), (5, 15), (6, 15), (7, 15), (8, 15), (9, 15), (10, 15), (11, 15), (12, 15), (13, 15), (14, 15), (15, 15), (16, 15), (17, 15), (18, 15), (19, 15), (20, 15), (21, 15), (22, 15), (23, 15), (24, 15), (25, 15), (26, 15), (27, 15), (28, 15), (29, 15)]","[{'top_left': (7, 21), 'bottom_right': (11, 25)}, {'top_left': (12, 21), 'bottom_right': (16, 25)}, {'top_left': (22, 3), 'bottom_right': (26, 7)}, {'top_left': (15, 5), 'bottom_right': (19, 9)}]"
30,0,27,29,4,"[(0, 27), (0, 26), (0, 25), (0, 24), (0, 23), (0, 22), (0, 21), (0, 20), (0, 19), (0, 18), (0, 17), (0, 16), (0, 15), (0, 14), (0, 13), (0, 12), (0, 11), (0, 10), (0, 9), (0, 8), (0, 7), (0, 6), (0, 5), (0, 4), (1, 4), (2, 4), (3, 4), (4, 4), (5, 4), (6, 4), (7, 4), (8, 4), (9, 4), (10, 4), (11, 4), (12, 4), (13, 4), (14, 4), (15, 4), (16, 4), (17, 4), (18, 4), (19, 4), (20, 4), (21, 4), (22, 4), (23, 4), (24, 4), (25, 4), (26, 4), (27, 4), (28, 4), (29, 4)]","[{'top_left': (21, 11), 'bottom_right': (25, 15)}, {'top_left': (8, 25), 'bottom_right': (12, 29)}, {'top_left': (22, 25), 'bottom_right': (26, 29)}, {'top_left': (2, 25), 'bottom_right': (6, 29)}]"
30,24,20,4,10,"[(24, 20), (23, 20), (22, 20), (21, 20), (20, 20), (19, 20), (18, 20), (17, 20), (16, 20), (15, 20), (14, 20), (13, 20), (12, 20), (11, 20), (10, 20), (9, 20), (8, 20), (7, 20), (6, 20), (5, 20), (4, 20), (4, 19), (4, 18), (4, 17), (4, 16), (4, 15), (4, 14), (4, 13), (4, 12), (4, 11), (4, 10)]","[{'top_left': (21, 11), 'bottom_right': (25, 15)}, {'top_left': (8, 25), 'bottom_right': (12, 29)}, {'top_left': (22, 25), 'bottom_right': (26, 29)}, {'top_left': (2, 25), 'bottom_right': (6, 29)}]"
30,4,12,14,23,"[(4, 12), (4, 13), (4, 14), (4, 15), (4, 16), (4, 17), (4, 18), (4, 19), (4, 20), (4, 21), (4, 22), (4, 23), (5, 23), (6, 23), (7, 23), (8, 23), (9, 23), (10, 23), (11, 23), (12, 23), (13, 23), (14, 23)]","[{'top_left': (21, 11), 'bottom_right': (25, 15)}, {'top_left': (8, 25), 'bottom_right': (12, 29)}, {'top_left': (22, 25), 'bottom_right': (26, 29)}, {'top_left': (2, 25), 'bottom_right': (6, 29)}]"
30,2,3,18,13,"[(2, 3), (2, 4), (2, 5), (2, 6), (2, 7), (2, 8), (2, 9), (2, 10), (2, 11), (2, 12), (2, 13), (3, 13), (4, 13), (5, 13), (6, 13), (7, 13), (8, 13), (9, 13), (10, 13), (11, 13), (12, 13), (13, 13), (14, 13), (15, 13), (16, 13), (17, 13), (18, 13)]","[{'top_left': (21, 11), 'bottom_right': (25, 15)}, {'top_left': (8, 25), 'bottom_right': (12, 29)}, {'top_left': (22, 25), 'bottom_right': (26, 29)}, {'top_left': (2, 25), 'bottom_right': (6, 29)}]"
30,23,8,4,2,"[(23, 8), (22, 8), (21, 8), (20, 8), (19, 8), (18, 8), (17, 8), (16, 8), (15, 8), (14, 8), (13, 8), (12, 8), (11, 8), (10, 8), (9, 8), (8, 8), (7, 8), (6, 8), (5, 8), (4, 8), (4, 7), (4, 6), (4, 5), (4, 4), (4, 3), (4, 2)]","[{'top_left': (21, 11), 'bottom_right': (25, 15)}, {'top_left': (8, 25), 'bottom_right': (12, 29)}, {'top_left': (22, 25), 'bottom_right': (26, 29)}, {'top_left': (2, 25), 'bottom_right': (6, 29)}]"
30,19,25,20,10,"[(19, 25), (19, 24), (19, 23), (19, 22), (19, 21), (19, 20), (19, 19), (19, 18), (19, 17), (19, 16), (19, 15), (19, 14), (19, 13), (19, 12), (19, 11), (19, 10), (20, 10)]","[{'top_left': (10, 4), 'bottom_right': (14, 8)}, {'top_left': (5, 24), 'bottom_right': (9, 28)}, {'top_left': (12, 11), 'bottom_right': (16, 15)}, {'top_left': (22, 13), 'bottom_right': (26, 17)}]"
30,4,25,20,29,"[(4, 25), (4, 26), (4, 27), (4, 28), (4, 29), (5, 29), (6, 29), (7, 29), (8, 29), (9, 29), (10, 29), (11, 29), (12, 29), (13, 29), (14, 29), (15, 29), (16, 29), (17, 29), (18, 29), (19, 29), (20, 29)]","[{'top_left': (10, 4), 'bottom_right': (14, 8)}, {'top_left': (5, 24), 'bottom_right': (9, 28)}, {'top_left': (12, 11), 'bottom_right': (16, 15)}, {'top_left': (22, 13), 'bottom_right': (26, 17)}]"
30,17,17,26,7,"[(17, 17), (17, 16), (17, 15), (17, 14), (17, 13), (17, 12), (17, 11), (17, 10), (17, 9), (17, 8), (17, 7), (18, 7), (19, 7), (20, 7), (21, 7), (22, 7), (23, 7), (24, 7), (25, 7), (26, 7)]","[{'top_left': (10, 4), 'bottom_right': (14, 8)}, {'top_left': (5, 24), 'bottom_right': (9, 28)}, {'top_left': (12, 11), 'bottom_right': (16, 15)}, {'top_left': (22, 13), 'bottom_right': (26, 17)}]"
30,12,2,18,22,"[(12, 2), (12, 3), (13, 3), (14, 3), (15, 3), (15, 4), (15, 5), (15, 6), (15, 7), (15, 8), (15, 9), (15, 10), (16, 10), (17, 10), (17, 11), (17, 12), (17, 13), (17, 14), (17, 15), (17, 16), (17, 17), (17, 18), (17, 19), (17, 20), (17, 21), (17, 22), (18, 22)]","[{'top_left': (10, 4), 'bottom_right': (14, 8)}, {'top_left': (5, 24), 'bottom_right': (9, 28)}, {'top_left': (12, 11), 'bottom_right': (16, 15)}, {'top_left': (22, 13), 'bottom_right': (26, 17)}]"
30,22,25,23,7,"[(22, 25), (21, 25), (21, 24), (21, 23), (21, 22), (21, 21), (21, 20), (21, 19), (21, 18), (21, 17), (21, 16), (21, 15), (21, 14), (21, 13), (21, 12), (21, 11), (21, 10), (21, 9), (21, 8), (21, 7), (22, 7), (23, 7)]","[{'top_left': (10, 4), 'bottom_right': (14, 8)}, {'top_left': (5, 24), 'bottom_right': (9, 28)}, {'top_left': (12, 11), 'bottom_right': (16, 15)}, {'top_left': (22, 13), 'bottom_right': (26, 17)}]"
30,17,15,4,29,"[(17, 15), (16, 15), (15, 15), (14, 15), (13, 15), (12, 15), (12, 16), (11, 16), (10, 16), (9, 16), (8, 16), (7, 16), (6, 16), (5, 16), (4, 16), (4, 17), (4, 18), (4, 19), (4, 20), (4, 21), (4, 22), (4, 23), (4, 24), (4, 25), (4, 26), (4, 27), (4, 28), (4, 29)]","[{'top_left': (22, 2), 'bottom_right': (26, 6)}, {'top_left': (7, 11), 'bottom_right': (11, 15)}, {'top_left': (0, 6), 'bottom_right': (4, 10)}, {'top_left': (0, 11), 'bottom_right': (4, 15)}]"
30,3,1,29,11,"[(3, 1), (3, 2), (3, 3), (3, 4), (3, 5), (4, 5), (5, 5), (5, 6), (5, 7), (5, 8), (5, 9), (5, 10), (6, 10), (7, 10), (8, 10), (9, 10), (10, 10), (11, 10), (12, 10), (12, 11), (13, 11), (14, 11), (15, 11), (16, 11), (17, 11), (18, 11), (19, 11), (20, 11), (21, 11), (22, 11), (23, 11), (24, 11), (25, 11), (26, 11), (27, 11), (28, 11), (29, 11)]","[{'top_left': (22, 2), 'bottom_right': (26, 6)}, {'top_left': (7, 11), 'bottom_right': (11, 15)}, {'top_left': (0, 6), 'bottom_right': (4, 10)}, {'top_left': (0, 11), 'bottom_right': (4, 15)}]"
30,11,27,27,27,"[(11, 27), (12, 27), (13, 27), (14, 27), (15, 27), (16, 27), (17, 27), (18, 27), (19, 27), (20, 27), (21, 27), (22, 27), (23, 27), (24, 27), (25, 27), (26, 27), (27, 27)]","[{'top_left': (22, 2), 'bottom_right': (26, 6)}, {'top_left': (7, 11), 'bottom_right': (11, 15)}, {'top_left': (0, 6), 'bottom_right': (4, 10)}, {'top_left': (0, 11), 'bottom_right': (4, 15)}]"
30,14,4,26,27,"[(14, 4), (14, 5), (14, 6), (14, 7), (14, 8), (14, 9), (14, 10), (14, 11), (14, 12), (14, 13), (14, 14), (14, 15), (14, 16), (14, 17), (14, 18), (14, 19), (14, 20), (14, 21), (14, 22), (14, 23), (14, 24), (14, 25), (14, 26), (14, 27), (15, 27), (16, 27), (17, 27), (18, 27), (19, 27), (20, 27), (21, 27), (22, 27), (23, 27), (24, 27), (25, 27), (26, 27)]","[{'top_left': (22, 2), 'bottom_right': (26, 6)}, {'top_left': (7, 11), 'bottom_right': (11, 15)}, {'top_left': (0, 6), 'bottom_right': (4, 10)}, {'top_left': (0, 11), 'bottom_right': (4, 15)}]"
30,17,29,29,13,"[(17, 29), (17, 28), (17, 27), (17, 26), (17, 25), (17, 24), (17, 23), (17, 22), (17, 21), (17, 20), (17, 19), (17, 18), (17, 17), (17, 16), (17, 15), (17, 14), (17, 13), (18, 13), (19, 13), (20, 13), (21, 13), (22, 13), (23, 13), (24, 13), (25, 13), (26, 13), (27, 13), (28, 13), (29, 13)]","[{'top_left': (22, 2), 'bottom_right': (26, 6)}, {'top_left': (7, 11), 'bottom_right': (11, 15)}, {'top_left': (0, 6), 'bottom_right': (4, 10)}, {'top_left': (0, 11), 'bottom_right': (4, 15)}]"
30,22,4,12,23,"[(22, 4), (21, 4), (20, 4), (19, 4), (18, 4), (17, 4), (16, 4), (15, 4), (14, 4), (13, 4), (12, 4), (12, 5), (12, 6), (12, 7), (12, 8), (12, 9), (12, 10), (12, 11), (12, 12), (12, 13), (12, 14), (12, 15), (12, 16), (12, 17), (12, 18), (12, 19), (12, 20), (12, 21), (12, 22), (12, 23)]","[{'top_left': (7, 6), 'bottom_right': (11, 10)}, {'top_left': (7, 1), 'bottom_right': (11, 5)}, {'top_left': (23, 4), 'bottom_right': (27, 8)}, {'top_left': (3, 22), 'bottom_right': (7, 26)}]"
30,0,22,13,11,"[(0, 22), (0, 21), (0, 20), (0, 19), (0, 18), (0, 17), (0, 16), (0, 15), (0, 14), (0, 13), (0, 12), (0, 11), (1, 11), (2, 11), (3, 11), (4, 11), (5, 11), (6, 11), (7, 11), (8, 11), (9, 11), (10, 11), (11, 11), (12, 11), (13, 11)]","[{'top_left': (7, 6), 'bottom_right': (11, 10)}, {'top_left': (7, 1), 'bottom_right': (11, 5)}, {'top_left': (23, 4), 'bottom_right': (27, 8)}, {'top_left': (3, 22), 'bottom_right': (7, 26)}]"
30,18,2,15,26,"[(18, 2), (17, 2), (16, 2), (15, 2), (15, 3), (15, 4), (15, 5), (15, 6), (15, 7), (15, 8), (15, 9), (15, 10), (15, 11), (15, 12), (15, 13), (15, 14), (15, 15), (15, 16), (15, 17), (15, 18), (15, 19), (15, 20), (15, 21), (15, 22), (15, 23), (15, 24), (15, 25), (15, 26)]","[{'top_left': (7, 6), 'bottom_right': (11, 10)}, {'top_left': (7, 1), 'bottom_right': (11, 5)}, {'top_left': (23, 4), 'bottom_right': (27, 8)}, {'top_left': (3, 22), 'bottom_right': (7, 26)}]"
30,19,27,5,0,"[(19, 27), (18, 27), (17, 27), (16, 27), (15, 27), (14, 27), (13, 27), (12, 27), (11, 27), (10, 27), (9, 27), (8, 27), (8, 26), (8, 25), (8, 24), (8, 23), (8, 22), (8, 21), (7, 21), (6, 21), (5, 21), (5, 20), (5, 19), (5, 18), (5, 17), (5, 16), (5, 15), (5, 14), (5, 13), (5, 12), (5, 11), (5, 10), (5, 9), (5, 8), (5, 7), (5, 6), (5, 5), (5, 4), (5, 3), (5, 2), (5, 1), (5, 0)]","[{'top_left': (7, 6), 'bottom_right': (11, 10)}, {'top_left': (7, 1), 'bottom_right': (11, 5)}, {'top_left': (23, 4), 'bottom_right': (27, 8)}, {'top_left': (3, 22), 'bottom_right': (7, 26)}]"
30,26,26,13,4,"[(26, 26), (25, 26), (24, 26), (23, 26), (22, 26), (21, 26), (20, 26), (19, 26), (18, 26), (17, 26), (16, 26), (15, 26), (14, 26), (13, 26), (13, 25), (13, 24), (13, 23), (13, 22), (13, 21), (13, 20), (13, 19), (13, 18), (13, 17), (13, 16), (13, 15), (13, 14), (13, 13), (13, 12), (13, 11), (13, 10), (13, 9), (13, 8), (13, 7), (13, 6), (13, 5), (13, 4)]","[{'top_left': (7, 6), 'bottom_right': (11, 10)}, {'top_left': (7, 1), 'bottom_right': (11, 5)}, {'top_left': (23, 4), 'bottom_right': (27, 8)}, {'top_left': (3, 22), 'bottom_right': (7, 26)}]"
30,25,20,22,0,"[(25, 20), (24, 20), (23, 20), (22, 20), (22, 19), (22, 18), (22, 17), (22, 16), (22, 15), (22, 14), (22, 13), (22, 12), (22, 11), (22, 10), (22, 9), (22, 8), (22, 7), (22, 6), (22, 5), (22, 4), (22, 3), (22, 2), (22, 1), (22, 0)]","[{'top_left': (24, 5), 'bottom_right': (28, 9)}, {'top_left': (15, 23), 'bottom_right': (19, 27)}, {'top_left': (4, 23), 'bottom_right': (8, 27)}, {'top_left': (9, 15), 'bottom_right': (13, 19)}]"
30,28,20,1,19,"[(28, 20), (27, 20), (26, 20), (25, 20), (24, 20), (23, 20), (22, 20), (21, 20), (20, 20), (19, 20), (18, 20), (17, 20), (16, 20), (15, 20), (14, 20), (13, 20), (12, 20), (11, 20), (10, 20), (9, 20), (8, 20), (7, 20), (6, 20), (5, 20), (4, 20), (3, 20), (2, 20), (1, 20), (1, 19)]","[{'top_left': (24, 5), 'bottom_right': (28, 9)}, {'top_left': (15, 23), 'bottom_right': (19, 27)}, {'top_left': (4, 23), 'bottom_right': (8, 27)}, {'top_left': (9, 15), 'bottom_right': (13, 19)}]"
30,0,12,26,13,"[(0, 12), (0, 13), (1, 13), (2, 13), (3, 13), (4, 13), (5, 13), (6, 13), (7, 13), (8, 13), (9, 13), (10, 13), (11, 13), (12, 13), (13, 13), (14, 13), (15, 13), (16, 13), (17, 13), (18, 13), (19, 13), (20, 13), (21, 13), (22, 13), (23, 13), (24, 13), (25, 13), (26, 13)]","[{'top_left': (24, 5), 'bottom_right': (28, 9)}, {'top_left': (15, 23), 'bottom_right': (19, 27)}, {'top_left': (4, 23), 'bottom_right': (8, 27)}, {'top_left': (9, 15), 'bottom_right': (13, 19)}]"
30,21,28,14,17,"[(21, 28), (20, 28), (19, 28), (18, 28), (17, 28), (16, 28), (15, 28), (14, 28), (14, 27), (14, 26), (14, 25), (14, 24), (14, 23), (14, 22), (14, 21), (14, 20), (14, 19), (14, 18), (14, 17)]","[{'top_left': (24, 5), 'bottom_right': (28, 9)}, {'top_left': (15, 23), 'bottom_right': (19, 27)}, {'top_left': (4, 23), 'bottom_right': (8, 27)}, {'top_left': (9, 15), 'bottom_right': (13, 19)}]"
30,22,26,8,29,"[(22, 26), (21, 26), (20, 26), (20, 27), (20, 28), (19, 28), (18, 28), (17, 28), (16, 28), (15, 28), (14, 28), (13, 28), (12, 28), (11, 28), (10, 28), (9, 28), (8, 28), (8, 29)]","[{'top_left': (24, 5), 'bottom_right': (28, 9)}, {'top_left': (15, 23), 'bottom_right': (19, 27)}, {'top_left': (4, 23), 'bottom_right': (8, 27)}, {'top_left': (9, 15), 'bottom_right': (13, 19)}]"
30,2,16,12,4,"[(2, 16), (2, 15), (2, 14), (2, 13), (2, 12), (2, 11), (2, 10), (2, 9), (2, 8), (2, 7), (2, 6), (2, 5), (2, 4), (3, 4), (4, 4), (5, 4), (6, 4), (7, 4), (8, 4), (9, 4), (10, 4), (11, 4), (12, 4)]","[{'top_left': (18, 16), 'bottom_right': (22, 20)}, {'top_left': (9, 22), 'bottom_right': (13, 26)}, {'top_left': (7, 13), 'bottom_right': (11, 17)}, {'top_left': (5, 8), 'bottom_right': (9, 12)}]"
30,23,6,12,19,"[(23, 6), (22, 6), (21, 6), (20, 6), (19, 6), (18, 6), (17, 6), (16, 6), (15, 6), (14, 6), (13, 6), (12, 6), (12, 7), (12, 8), (12, 9), (12, 10), (12, 11), (12, 12), (12, 13), (12, 14), (12, 15), (12, 16), (12, 17), (12, 18), (12, 19)]","[{'top_left': (18, 16), 'bottom_right': (22, 20)}, {'top_left': (9, 22), 'bottom_right': (13, 26)}, {'top_left': (7, 13), 'bottom_right': (11, 17)}, {'top_left': (5, 8), 'bottom_right': (9, 12)}]"
30,26,2,26,22,"[(26, 2), (26, 3), (26, 4), (26, 5), (26, 6), (26, 7), (26, 8), (26, 9), (26, 10), (26, 11), (26, 12), (26, 13), (26, 14), (26, 15), (26, 16), (26, 17), (26, 18), (26, 19), (26, 20), (26, 21), (26, 22)]","[{'top_left': (18, 16), 'bottom_right': (22, 20)}, {'top_left': (9, 22), 'bottom_right': (13, 26)}, {'top_left': (7, 13), 'bottom_right': (11, 17)}, {'top_left': (5, 8), 'bottom_right': (9, 12)}]"
30,5,1,25,11,"[(5, 1), (5, 2), (5, 3), (5, 4), (5, 5), (5, 6), (5, 7), (6, 7), (7, 7), (8, 7), (9, 7), (10, 7), (10, 8), (10, 9), (10, 10), (10, 11), (11, 11), (12, 11), (13, 11), (14, 11), (15, 11), (16, 11), (17, 11), (18, 11), (19, 11), (20, 11), (21, 11), (22, 11), (23, 11), (24, 11), (25, 11)]","[{'top_left': (18, 16), 'bottom_right': (22, 20)}, {'top_left': (9, 22), 'bottom_right': (13, 26)}, {'top_left': (7, 13), 'bottom_right': (11, 17)}, {'top_left': (5, 8), 'bottom_right': (9, 12)}]"
30,19,24,27,10,"[(19, 24), (19, 23), (19, 22), (19, 21), (20, 21), (21, 21), (22, 21), (23, 21), (23, 20), (23, 19), (23, 18), (23, 17), (23, 16), (23, 15), (23, 14), (23, 13), (23, 12), (23, 11), (23, 10), (24, 10), (25, 10), (26, 10), (27, 10)]","[{'top_left': (18, 16), 'bottom_right': (22, 20)}, {'top_left': (9, 22), 'bottom_right': (13, 26)}, {'top_left': (7, 13), 'bottom_right': (11, 17)}, {'top_left': (5, 8), 'bottom_right': (9, 12)}]"
30,29,1,7,8,"[(29, 1), (28, 1), (27, 1), (26, 1), (25, 1), (24, 1), (23, 1), (22, 1), (21, 1), (20, 1), (19, 1), (18, 1), (17, 1), (16, 1), (15, 1), (14, 1), (13, 1), (12, 1), (11, 1), (10, 1), (9, 1), (8, 1), (7, 1), (7, 2), (7, 3), (7, 4), (7, 5), (7, 6), (7, 7), (7, 8)]","[{'top_left': (0, 7), 'bottom_right': (4, 11)}, {'top_left': (9, 5), 'bottom_right': (13, 9)}, {'top_left': (17, 3), 'bottom_right': (21, 7)}, {'top_left': (24, 9), 'bottom_right': (28, 13)}]"
30,2,18,18,1,"[(2, 18), (2, 17), (2, 16), (2, 15), (2, 14), (2, 13), (2, 12), (3, 12), (4, 12), (5, 12), (5, 11), (5, 10), (5, 9), (5, 8), (5, 7), (5, 6), (5, 5), (5, 4), (5, 3), (5, 2), (5, 1), (6, 1), (7, 1), (8, 1), (9, 1), (10, 1), (11, 1), (12, 1), (13, 1), (14, 1), (15, 1), (16, 1), (17, 1), (18, 1)]","[{'top_left': (0, 7), 'bottom_right': (4, 11)}, {'top_left': (9, 5), 'bottom_right': (13, 9)}, {'top_left': (17, 3), 'bottom_right': (21, 7)}, {'top_left': (24, 9), 'bottom_right': (28, 13)}]"
30,18,25,15,1,"[(18, 25), (17, 25), (16, 25), (15, 25), (15, 24), (15, 23), (15, 22), (15, 21), (15, 20), (15, 19), (15, 18), (15, 17), (15, 16), (15, 15), (15, 14), (15, 13), (15, 12), (15, 11), (15, 10), (15, 9), (15, 8), (15, 7), (15, 6), (15, 5), (15, 4), (15, 3), (15, 2), (15, 1)]","[{'top_left': (0, 7), 'bottom_right': (4, 11)}, {'top_left': (9, 5), 'bottom_right': (13, 9)}, {'top_left': (17, 3), 'bottom_right': (21, 7)}, {'top_left': (24, 9), 'bottom_right': (28, 13)}]"
30,10,13,28,23,"[(10, 13), (10, 14), (10, 15), (10, 16), (10, 17), (10, 18), (10, 19), (10, 20), (10, 21), (10, 22), (10, 23), (11, 23), (12, 23), (13, 23), (14, 23), (15, 23), (16, 23), (17, 23), (18, 23), (19, 23), (20, 23), (21, 23), (22, 23), (23, 23), (24, 23), (25, 23), (26, 23), (27, 23), (28, 23)]","[{'top_left': (0, 7), 'bottom_right': (4, 11)}, {'top_left': (9, 5), 'bottom_right': (13, 9)}, {'top_left': (17, 3), 'bottom_right': (21, 7)}, {'top_left': (24, 9), 'bottom_right': (28, 13)}]"
30,16,3,16,25,"[(16, 3), (16, 4), (16, 5), (16, 6), (16, 7), (16, 8), (16, 9), (16, 10), (16, 11), (16, 12), (16, 13), (16, 14), (16, 15), (16, 16), (16, 17), (16, 18), (16, 19), (16, 20), (16, 21), (16, 22), (16, 23), (16, 24), (16, 25)]","[{'top_left': (0, 7), 'bottom_right': (4, 11)}, {'top_left': (9, 5), 'bottom_right': (13, 9)}, {'top_left': (17, 3), 'bottom_right': (21, 7)}, {'top_left': (24, 9), 'bottom_right': (28, 13)}]"
30,27,27,1,9,"[(27, 27), (26, 27), (25, 27), (24, 27), (23, 27), (22, 27), (21, 27), (20, 27), (19, 27), (18, 27), (17, 27), (16, 27), (15, 27), (14, 27), (13, 27), (12, 27), (11, 27), (10, 27), (9, 27), (8, 27), (7, 27), (6, 27), (5, 27), (5, 26), (5, 25), (5, 24), (5, 23), (5, 22), (5, 21), (5, 20), (5, 19), (5, 18), (5, 17), (4, 17), (3, 17), (2, 17), (1, 17), (1, 16), (1, 15), (1, 14), (1, 13), (1, 12), (1, 11), (1, 10), (1, 9)]","[{'top_left': (24, 4), 'bottom_right': (28, 8)}, {'top_left': (0, 18), 'bottom_right': (4, 22)}, {'top_left': (25, 12), 'bottom_right': (29, 16)}, {'top_left': (15, 18), 'bottom_right': (19, 22)}]"
30,5,4,21,14,"[(5, 4), (5, 5), (5, 6), (5, 7), (5, 8), (5, 9), (5, 10), (5, 11), (5, 12), (5, 13), (5, 14), (6, 14), (7, 14), (8, 14), (9, 14), (10, 14), (11, 14), (12, 14), (13, 14), (14, 14), (15, 14), (16, 14), (17, 14), (18, 14), (19, 14), (20, 14), (21, 14)]","[{'top_left': (24, 4), 'bottom_right': (28, 8)}, {'top_left': (0, 18), 'bottom_right': (4, 22)}, {'top_left': (25, 12), 'bottom_right': (29, 16)}, {'top_left': (15, 18), 'bottom_right': (19, 22)}]"
30,2,28,20,2,"[(2, 28), (2, 27), (2, 26), (2, 25), (2, 24), (2, 23), (3, 23), (4, 23), (5, 23), (5, 22), (5, 21), (5, 20), (5, 19), (5, 18), (5, 17), (5, 16), (5, 15), (5, 14), (5, 13), (5, 12), (5, 11), (5, 10), (5, 9), (5, 8), (5, 7), (5, 6), (5, 5), (5, 4), (5, 3), (5, 2), (6, 2), (7, 2), (8, 2), (9, 2), (10, 2), (11, 2), (12, 2), (13, 2), (14, 2), (15, 2), (16, 2), (17, 2), (18, 2), (19, 2), (20, 2)]","[{'top_left': (24, 4), 'bottom_right': (28, 8)}, {'top_left': (0, 18), 'bottom_right': (4, 22)}, {'top_left': (25, 12), 'bottom_right': (29, 16)}, {'top_left': (15, 18), 'bottom_right': (19, 22)}]"
30,25,21,20,4,"[(25, 21), (24, 21), (23, 21), (22, 21), (21, 21), (20, 21), (20, 20), (20, 19), (20, 18), (20, 17), (20, 16), (20, 15), (20, 14), (20, 13), (20, 12), (20, 11), (20, 10), (20, 9), (20, 8), (20, 7), (20, 6), (20, 5), (20, 4)]","[{'top_left': (24, 4), 'bottom_right': (28, 8)}, {'top_left': (0, 18), 'bottom_right': (4, 22)}, {'top_left': (25, 12), 'bottom_right': (29, 16)}, {'top_left': (15, 18), 'bottom_right': (19, 22)}]"
30,24,22,5,16,"[(24, 22), (23, 22), (22, 22), (21, 22), (20, 22), (20, 21), (20, 20), (20, 19), (20, 18), (20, 17), (19, 17), (18, 17), (17, 17), (16, 17), (15, 17), (14, 17), (13, 17), (12, 17), (11, 17), (10, 17), (9, 17), (8, 17), (7, 17), (6, 17), (5, 17), (5, 16)]","[{'top_left': (24, 4), 'bottom_right': (28, 8)}, {'top_left': (0, 18), 'bottom_right': (4, 22)}, {'top_left': (25, 12), 'bottom_right': (29, 16)}, {'top_left': (15, 18), 'bottom_right': (19, 22)}]"
30,11,19,27,13,"[(11, 19), (12, 19), (13, 19), (14, 19), (15, 19), (15, 18), (15, 17), (15, 16), (15, 15), (15, 14), (15, 13), (16, 13), (17, 13), (18, 13), (19, 13), (20, 13), (21, 13), (22, 13), (23, 13), (24, 13), (25, 13), (26, 13), (27, 13)]","[{'top_left': (16, 23), 'bottom_right': (20, 27)}, {'top_left': (10, 14), 'bottom_right': (14, 18)}, {'top_left': (25, 4), 'bottom_right': (29, 8)}, {'top_left': (10, 9), 'bottom_right': (14, 13)}]"
30,1,28,22,24,"[(1, 28), (2, 28), (3, 28), (4, 28), (5, 28), (6, 28), (7, 28), (8, 28), (9, 28), (10, 28), (11, 28), (12, 28), (13, 28), (14, 28), (15, 28), (16, 28), (17, 28), (18, 28), (19, 28), (20, 28), (21, 28), (21, 27), (21, 26), (21, 25), (21, 24), (22, 24)]","[{'top_left': (16, 23), 'bottom_right': (20, 27)}, {'top_left': (10, 14), 'bottom_right': (14, 18)}, {'top_left': (25, 4), 'bottom_right': (29, 8)}, {'top_left': (10, 9), 'bottom_right': (14, 13)}]"
30,21,12,7,6,"[(21, 12), (20, 12), (19, 12), (18, 12), (17, 12), (16, 12), (15, 12), (15, 11), (15, 10), (15, 9), (15, 8), (14, 8), (13, 8), (12, 8), (11, 8), (10, 8), (9, 8), (8, 8), (7, 8), (7, 7), (7, 6)]","[{'top_left': (16, 23), 'bottom_right': (20, 27)}, {'top_left': (10, 14), 'bottom_right': (14, 18)}, {'top_left': (25, 4), 'bottom_right': (29, 8)}, {'top_left': (10, 9), 'bottom_right': (14, 13)}]"
30,19,19,2,4,"[(19, 19), (18, 19), (17, 19), (16, 19), (15, 19), (14, 19), (13, 19), (12, 19), (11, 19), (10, 19), (9, 19), (8, 19), (7, 19), (6, 19), (5, 19), (4, 19), (3, 19), (2, 19), (2, 18), (2, 17), (2, 16), (2, 15), (2, 14), (2, 13), (2, 12), (2, 11), (2, 10), (2, 9), (2, 8), (2, 7), (2, 6), (2, 5), (2, 4)]","[{'top_left': (16, 23), 'bottom_right': (20, 27)}, {'top_left': (10, 14), 'bottom_right': (14, 18)}, {'top_left': (25, 4), 'bottom_right': (29, 8)}, {'top_left': (10, 9), 'bottom_right': (14, 13)}]"
30,18,20,15,3,"[(18, 20), (17, 20), (16, 20), (15, 20), (15, 19), (15, 18), (15, 17), (15, 16), (15, 15), (15, 14), (15, 13), (15, 12), (15, 11), (15, 10), (15, 9), (15, 8), (15, 7), (15, 6), (15, 5), (15, 4), (15, 3)]","[{'top_left': (16, 23), 'bottom_right': (20, 27)}, {'top_left': (10, 14), 'bottom_right': (14, 18)}, {'top_left': (25, 4), 'bottom_right': (29, 8)}, {'top_left': (10, 9), 'bottom_right': (14, 13)}]"
30,14,10,5,29,"[(14, 10), (14, 11), (14, 12), (14, 13), (14, 14), (14, 15), (14, 16), (14, 17), (14, 18), (14, 19), (14, 20), (14, 21), (14, 22), (13, 22), (12, 22), (11, 22), (10, 22), (9, 22), (9, 23), (9, 24), (9, 25), (9, 26), (9, 27), (9, 28), (9, 29), (8, 29), (7, 29), (6, 29), (5, 29)]","[{'top_left': (25, 0), 'bottom_right': (29, 4)}, {'top_left': (4, 24), 'bottom_right': (8, 28)}, {'top_left': (9, 17), 'bottom_right': (13, 21)}, {'top_left': (25, 25), 'bottom_right': (29, 29)}]"
30,2,5,22,24,"[(2, 5), (2, 6), (2, 7), (2, 8), (2, 9), (2, 10), (2, 11), (2, 12), (2, 13), (2, 14), (2, 15), (2, 16), (2, 17), (2, 18), (2, 19), (2, 20), (2, 21), (2, 22), (2, 23), (3, 23), (4, 23), (5, 23), (6, 23), (7, 23), (8, 23), (9, 23), (9, 24), (10, 24), (11, 24), (12, 24), (13, 24), (14, 24), (15, 24), (16, 24), (17, 24), (18, 24), (19, 24), (20, 24), (21, 24), (22, 24)]","[{'top_left': (25, 0), 'bottom_right': (29, 4)}, {'top_left': (4, 24), 'bottom_right': (8, 28)}, {'top_left': (9, 17), 'bottom_right': (13, 21)}, {'top_left': (25, 25), 'bottom_right': (29, 29)}]"
30,24,28,14,20,"[(24, 28), (23, 28), (22, 28), (21, 28), (20, 28), (19, 28), (18, 28), (17, 28), (16, 28), (15, 28), (14, 28), (14, 27), (14, 26), (14, 25), (14, 24), (14, 23), (14, 22), (14, 21), (14, 20)]","[{'top_left': (25, 0), 'bottom_right': (29, 4)}, {'top_left': (4, 24), 'bottom_right': (8, 28)}, {'top_left': (9, 17), 'bottom_right': (13, 21)}, {'top_left': (25, 25), 'bottom_right': (29, 29)}]"
30,15,1,11,27,"[(15, 1), (14, 1), (14, 2), (14, 3), (14, 4), (14, 5), (14, 6), (14, 7), (14, 8), (14, 9), (14, 10), (14, 11), (14, 12), (14, 13), (14, 14), (14, 15), (14, 16), (14, 17), (14, 18), (14, 19), (14, 20), (14, 21), (14, 22), (13, 22), (12, 22), (11, 22), (11, 23), (11, 24), (11, 25), (11, 26), (11, 27)]","[{'top_left': (25, 0), 'bottom_right': (29, 4)}, {'top_left': (4, 24), 'bottom_right': (8, 28)}, {'top_left': (9, 17), 'bottom_right': (13, 21)}, {'top_left': (25, 25), 'bottom_right': (29, 29)}]"
30,9,12,13,27,"[(9, 12), (8, 12), (8, 13), (8, 14), (8, 15), (8, 16), (8, 17), (8, 18), (8, 19), (8, 20), (8, 21), (8, 22), (8, 23), (9, 23), (9, 24), (9, 25), (9, 26), (9, 27), (10, 27), (11, 27), (12, 27), (13, 27)]","[{'top_left': (25, 0), 'bottom_right': (29, 4)}, {'top_left': (4, 24), 'bottom_right': (8, 28)}, {'top_left': (9, 17), 'bottom_right': (13, 21)}, {'top_left': (25, 25), 'bottom_right': (29, 29)}]"
30,16,14,8,28,"[(16, 14), (15, 14), (14, 14), (13, 14), (12, 14), (11, 14), (10, 14), (9, 14), (9, 15), (9, 16), (9, 17), (9, 18), (9, 19), (8, 19), (8, 20), (8, 21), (8, 22), (8, 23), (8, 24), (8, 25), (8, 26), (8, 27), (8, 28)]","[{'top_left': (19, 21), 'bottom_right': (23, 25)}, {'top_left': (4, 14), 'bottom_right': (8, 18)}, {'top_left': (11, 16), 'bottom_right': (15, 20)}, {'top_left': (19, 10), 'bottom_right': (23, 14)}]"
30,28,21,1,19,"[(28, 21), (27, 21), (26, 21), (25, 21), (24, 21), (24, 20), (23, 20), (22, 20), (21, 20), (20, 20), (19, 20), (18, 20), (17, 20), (16, 20), (16, 21), (15, 21), (14, 21), (13, 21), (12, 21), (11, 21), (10, 21), (9, 21), (8, 21), (7, 21), (6, 21), (5, 21), (4, 21), (3, 21), (2, 21), (1, 21), (1, 20), (1, 19)]","[{'top_left': (19, 21), 'bottom_right': (23, 25)}, {'top_left': (4, 14), 'bottom_right': (8, 18)}, {'top_left': (11, 16), 'bottom_right': (15, 20)}, {'top_left': (19, 10), 'bottom_right': (23, 14)}]"
30,7,22,26,17,"[(7, 22), (7, 21), (8, 21), (9, 21), (10, 21), (11, 21), (12, 21), (13, 21), (14, 21), (15, 21), (16, 21), (16, 20), (16, 19), (16, 18), (16, 17), (17, 17), (18, 17), (19, 17), (20, 17), (21, 17), (22, 17), (23, 17), (24, 17), (25, 17), (26, 17)]","[{'top_left': (19, 21), 'bottom_right': (23, 25)}, {'top_left': (4, 14), 'bottom_right': (8, 18)}, {'top_left': (11, 16), 'bottom_right': (15, 20)}, {'top_left': (19, 10), 'bottom_right': (23, 14)}]"
30,0,4,27,3,"[(0, 4), (0, 3), (1, 3), (2, 3), (3, 3), (4, 3), (5, 3), (6, 3), (7, 3), (8, 3), (9, 3), (10, 3), (11, 3), (12, 3), (13, 3), (14, 3), (15, 3), (16, 3), (17, 3), (18, 3), (19, 3), (20, 3), (21, 3), (22, 3), (23, 3), (24, 3), (25, 3), (26, 3), (27, 3)]","[{'top_left': (19, 21), 'bottom_right': (23, 25)}, {'top_left': (4, 14), 'bottom_right': (8, 18)}, {'top_left': (11, 16), 'bottom_right': (15, 20)}, {'top_left': (19, 10), 'bottom_right': (23, 14)}]"
30,12,27,2,7,"[(12, 27), (11, 27), (10, 27), (9, 27), (8, 27), (7, 27), (6, 27), (5, 27), (4, 27), (3, 27), (2, 27), (2, 26), (2, 25), (2, 24), (2, 23), (2, 22), (2, 21), (2, 20), (2, 19), (2, 18), (2, 17), (2, 16), (2, 15), (2, 14), (2, 13), (2, 12), (2, 11), (2, 10), (2, 9), (2, 8), (2, 7)]","[{'top_left': (19, 21), 'bottom_right': (23, 25)}, {'top_left': (4, 14), 'bottom_right': (8, 18)}, {'top_left': (11, 16), 'bottom_right': (15, 20)}, {'top_left': (19, 10), 'bottom_right': (23, 14)}]"
30,3,2,5,23,"[(3, 2), (3, 3), (3, 4), (3, 5), (3, 6), (3, 7), (3, 8), (3, 9), (3, 10), (3, 11), (3, 12), (3, 13), (3, 14), (3, 15), (3, 16), (3, 17), (3, 18), (3, 19), (3, 20), (3, 21), (3, 22), (3, 23), (4, 23), (5, 23)]","[{'top_left': (12, 14), 'bottom_right': (16, 18)}, {'top_left': (21, 2), 'bottom_right': (25, 6)}, {'top_left': (14, 20), 'bottom_right': (18, 24)}, {'top_left': (17, 14), 'bottom_right': (21, 18)}]"
30,3,29,29,12,"[(3, 29), (3, 28), (3, 27), (3, 26), (3, 25), (3, 24), (3, 23), (3, 22), (3, 21), (3, 20), (3, 19), (3, 18), (3, 17), (3, 16), (3, 15), (3, 14), (3, 13), (3, 12), (4, 12), (5, 12), (6, 12), (7, 12), (8, 12), (9, 12), (10, 12), (11, 12), (12, 12), (13, 12), (14, 12), (15, 12), (16, 12), (17, 12), (18, 12), (19, 12), (20, 12), (21, 12), (22, 12), (23, 12), (24, 12), (25, 12), (26, 12), (27, 12), (28, 12), (29, 12)]","[{'top_left': (12, 14), 'bottom_right': (16, 18)}, {'top_left': (21, 2), 'bottom_right': (25, 6)}, {'top_left': (14, 20), 'bottom_right': (18, 24)}, {'top_left': (17, 14), 'bottom_right': (21, 18)}]"
30,24,13,6,12,"[(24, 13), (23, 13), (22, 13), (21, 13), (20, 13), (19, 13), (18, 13), (17, 13), (16, 13), (15, 13), (14, 13), (13, 13), (12, 13), (11, 13), (10, 13), (9, 13), (8, 13), (7, 13), (6, 13), (6, 12)]","[{'top_left': (12, 14), 'bottom_right': (16, 18)}, {'top_left': (21, 2), 'bottom_right': (25, 6)}, {'top_left': (14, 20), 'bottom_right': (18, 24)}, {'top_left': (17, 14), 'bottom_right': (21, 18)}]"
30,23,15,3,8,"[(23, 15), (22, 15), (22, 14), (22, 13), (21, 13), (20, 13), (19, 13), (18, 13), (17, 13), (16, 13), (15, 13), (14, 13), (13, 13), (12, 13), (11, 13), (10, 13), (9, 13), (8, 13), (7, 13), (6, 13), (5, 13), (4, 13), (3, 13), (3, 12), (3, 11), (3, 10), (3, 9), (3, 8)]","[{'top_left': (12, 14), 'bottom_right': (16, 18)}, {'top_left': (21, 2), 'bottom_right': (25, 6)}, {'top_left': (14, 20), 'bottom_right': (18, 24)}, {'top_left': (17, 14), 'bottom_right': (21, 18)}]"
30,24,12,1,29,"[(24, 12), (23, 12), (22, 12), (21, 12), (20, 12), (19, 12), (18, 12), (17, 12), (16, 12), (15, 12), (14, 12), (13, 12), (12, 12), (11, 12), (10, 12), (9, 12), (8, 12), (7, 12), (6, 12), (5, 12), (4, 12), (3, 12), (2, 12), (1, 12), (1, 13), (1, 14), (1, 15), (1, 16), (1, 17), (1, 18), (1, 19), (1, 20), (1, 21), (1, 22), (1, 23), (1, 24), (1, 25), (1, 26), (1, 27), (1, 28), (1, 29)]","[{'top_left': (12, 14), 'bottom_right': (16, 18)}, {'top_left': (21, 2), 'bottom_right': (25, 6)}, {'top_left': (14, 20), 'bottom_right': (18, 24)}, {'top_left': (17, 14), 'bottom_right': (21, 18)}]"
30,21,13,8,8,"[(21, 13), (20, 13), (19, 13), (18, 13), (17, 13), (16, 13), (15, 13), (14, 13), (13, 13), (12, 13), (11, 13), (10, 13), (9, 13), (8, 13), (8, 12), (8, 11), (8, 10), (8, 9), (8, 8)]","[{'top_left': (25, 11), 'bottom_right': (29, 15)}, {'top_left': (15, 6), 'bottom_right': (19, 10)}, {'top_left': (1, 6), 'bottom_right': (5, 10)}, {'top_left': (0, 24), 'bottom_right': (4, 28)}]"
30,20,5,2,4,"[(20, 5), (19, 5), (18, 5), (17, 5), (16, 5), (15, 5), (14, 5), (13, 5), (12, 5), (11, 5), (10, 5), (9, 5), (8, 5), (7, 5), (6, 5), (5, 5), (4, 5), (3, 5), (2, 5), (2, 4)]","[{'top_left': (25, 11), 'bottom_right': (29, 15)}, {'top_left': (15, 6), 'bottom_right': (19, 10)}, {'top_left': (1, 6), 'bottom_right': (5, 10)}, {'top_left': (0, 24), 'bottom_right': (4, 28)}]"
30,9,27,22,14,"[(9, 27), (9, 26), (9, 25), (9, 24), (9, 23), (9, 22), (9, 21), (9, 20), (9, 19), (9, 18), (9, 17), (9, 16), (9, 15), (9, 14), (10, 14), (11, 14), (12, 14), (13, 14), (14, 14), (15, 14), (16, 14), (17, 14), (18, 14), (19, 14), (20, 14), (21, 14), (22, 14)]","[{'top_left': (25, 11), 'bottom_right': (29, 15)}, {'top_left': (15, 6), 'bottom_right': (19, 10)}, {'top_left': (1, 6), 'bottom_right': (5, 10)}, {'top_left': (0, 24), 'bottom_right': (4, 28)}]"
30,21,28,8,5,"[(21, 28), (20, 28), (19, 28), (18, 28), (17, 28), (16, 28), (15, 28), (14, 28), (13, 28), (12, 28), (11, 28), (10, 28), (9, 28), (8, 28), (8, 27), (8, 26), (8, 25), (8, 24), (8, 23), (8, 22), (8, 21), (8, 20), (8, 19), (8, 18), (8, 17), (8, 16), (8, 15), (8, 14), (8, 13), (8, 12), (8, 11), (8, 10), (8, 9), (8, 8), (8, 7), (8, 6), (8, 5)]","[{'top_left': (25, 11), 'bottom_right': (29, 15)}, {'top_left': (15, 6), 'bottom_right': (19, 10)}, {'top_left': (1, 6), 'bottom_right': (5, 10)}, {'top_left': (0, 24), 'bottom_right': (4, 28)}]"
30,22,25,5,22,"[(22, 25), (21, 25), (20, 25), (19, 25), (18, 25), (17, 25), (16, 25), (15, 25), (14, 25), (13, 25), (12, 25), (11, 25), (10, 25), (9, 25), (8, 25), (7, 25), (6, 25), (5, 25), (5, 24), (5, 23), (5, 22)]","[{'top_left': (25, 11), 'bottom_right': (29, 15)}, {'top_left': (15, 6), 'bottom_right': (19, 10)}, {'top_left': (1, 6), 'bottom_right': (5, 10)}, {'top_left': (0, 24), 'bottom_right': (4, 28)}]"
30,28,19,6,2,"[(28, 19), (27, 19), (27, 18), (27, 17), (26, 17), (25, 17), (24, 17), (23, 17), (22, 17), (21, 17), (20, 17), (19, 17), (18, 17), (17, 17), (16, 17), (15, 17), (14, 17), (13, 17), (12, 17), (11, 17), (10, 17), (9, 17), (8, 17), (7, 17), (6, 17), (6, 16), (6, 15), (6, 14), (6, 13), (6, 12), (6, 11), (6, 10), (6, 9), (6, 8), (6, 7), (6, 6), (6, 5), (6, 4), (6, 3), (6, 2)]","[{'top_left': (13, 11), 'bottom_right': (17, 15)}, {'top_left': (22, 18), 'bottom_right': (26, 22)}, {'top_left': (12, 0), 'bottom_right': (16, 4)}, {'top_left': (17, 25), 'bottom_right': (21, 29)}]"
30,23,10,0,4,"[(23, 10), (22, 10), (21, 10), (20, 10), (19, 10), (18, 10), (17, 10), (16, 10), (15, 10), (14, 10), (13, 10), (12, 10), (11, 10), (10, 10), (9, 10), (8, 10), (7, 10), (6, 10), (5, 10), (4, 10), (3, 10), (2, 10), (1, 10), (0, 10), (0, 9), (0, 8), (0, 7), (0, 6), (0, 5), (0, 4)]","[{'top_left': (13, 11), 'bottom_right': (17, 15)}, {'top_left': (22, 18), 'bottom_right': (26, 22)}, {'top_left': (12, 0), 'bottom_right': (16, 4)}, {'top_left': (17, 25), 'bottom_right': (21, 29)}]"
30,15,27,10,3,"[(15, 27), (14, 27), (13, 27), (12, 27), (11, 27), (10, 27), (10, 26), (10, 25), (10, 24), (10, 23), (10, 22), (10, 21), (10, 20), (10, 19), (10, 18), (10, 17), (10, 16), (10, 15), (10, 14), (10, 13), (10, 12), (10, 11), (10, 10), (10, 9), (10, 8), (10, 7), (10, 6), (10, 5), (10, 4), (10, 3)]","[{'top_left': (13, 11), 'bottom_right': (17, 15)}, {'top_left': (22, 18), 'bottom_right': (26, 22)}, {'top_left': (12, 0), 'bottom_right': (16, 4)}, {'top_left': (17, 25), 'bottom_right': (21, 29)}]"
30,16,23,0,14,"[(16, 23), (15, 23), (14, 23), (13, 23), (12, 23), (11, 23), (10, 23), (9, 23), (8, 23), (7, 23), (6, 23), (5, 23), (4, 23), (3, 23), (2, 23), (1, 23), (0, 23), (0, 22), (0, 21), (0, 20), (0, 19), (0, 18), (0, 17), (0, 16), (0, 15), (0, 14)]","[{'top_left': (13, 11), 'bottom_right': (17, 15)}, {'top_left': (22, 18), 'bottom_right': (26, 22)}, {'top_left': (12, 0), 'bottom_right': (16, 4)}, {'top_left': (17, 25), 'bottom_right': (21, 29)}]"
30,26,27,4,20,"[(26, 27), (25, 27), (24, 27), (23, 27), (22, 27), (22, 26), (22, 25), (22, 24), (21, 24), (20, 24), (19, 24), (18, 24), (17, 24), (16, 24), (15, 24), (14, 24), (13, 24), (12, 24), (11, 24), (10, 24), (9, 24), (8, 24), (7, 24), (6, 24), (5, 24), (4, 24), (4, 23), (4, 22), (4, 21), (4, 20)]","[{'top_left': (13, 11), 'bottom_right': (17, 15)}, {'top_left': (22, 18), 'bottom_right': (26, 22)}, {'top_left': (12, 0), 'bottom_right': (16, 4)}, {'top_left': (17, 25), 'bottom_right': (21, 29)}]"
30,5,19,12,6,"[(5, 19), (5, 18), (5, 17), (5, 16), (5, 15), (5, 14), (5, 13), (5, 12), (5, 11), (6, 11), (6, 10), (6, 9), (6, 8), (6, 7), (6, 6), (7, 6), (8, 6), (9, 6), (10, 6), (11, 6), (12, 6)]","[{'top_left': (14, 20), 'bottom_right': (18, 24)}, {'top_left': (18, 3), 'bottom_right': (22, 7)}, {'top_left': (1, 6), 'bottom_right': (5, 10)}, {'top_left': (23, 6), 'bottom_right': (27, 10)}]"
30,11,6,6,21,"[(11, 6), (10, 6), (9, 6), (8, 6), (7, 6), (6, 6), (6, 7), (6, 8), (6, 9), (6, 10), (6, 11), (6, 12), (6, 13), (6, 14), (6, 15), (6, 16), (6, 17), (6, 18), (6, 19), (6, 20), (6, 21)]","[{'top_left': (14, 20), 'bottom_right': (18, 24)}, {'top_left': (18, 3), 'bottom_right': (22, 7)}, {'top_left': (1, 6), 'bottom_right': (5, 10)}, {'top_left': (23, 6), 'bottom_right': (27, 10)}]"
30,18,0,11,26,"[(18, 0), (17, 0), (16, 0), (15, 0), (14, 0), (13, 0), (12, 0), (11, 0), (11, 1), (11, 2), (11, 3), (11, 4), (11, 5), (11, 6), (11, 7), (11, 8), (11, 9), (11, 10), (11, 11), (11, 12), (11, 13), (11, 14), (11, 15), (11, 16), (11, 17), (11, 18), (11, 19), (11, 20), (11, 21), (11, 22), (11, 23), (11, 24), (11, 25), (11, 26)]","[{'top_left': (14, 20), 'bottom_right': (18, 24)}, {'top_left': (18, 3), 'bottom_right': (22, 7)}, {'top_left': (1, 6), 'bottom_right': (5, 10)}, {'top_left': (23, 6), 'bottom_right': (27, 10)}]"
30,11,0,9,28,"[(11, 0), (10, 0), (9, 0), (9, 1), (9, 2), (9, 3), (9, 4), (9, 5), (9, 6), (9, 7), (9, 8), (9, 9), (9, 10), (9, 11), (9, 12), (9, 13), (9, 14), (9, 15), (9, 16), (9, 17), (9, 18), (9, 19), (9, 20), (9, 21), (9, 22), (9, 23), (9, 24), (9, 25), (9, 26), (9, 27), (9, 28)]","[{'top_left': (14, 20), 'bottom_right': (18, 24)}, {'top_left': (18, 3), 'bottom_right': (22, 7)}, {'top_left': (1, 6), 'bottom_right': (5, 10)}, {'top_left': (23, 6), 'bottom_right': (27, 10)}]"
30,9,16,26,27,"[(9, 16), (9, 17), (9, 18), (9, 19), (9, 20), (9, 21), (9, 22), (9, 23), (9, 24), (9, 25), (9, 26), (9, 27), (10, 27), (11, 27), (12, 27), (13, 27), (14, 27), (15, 27), (16, 27), (17, 27), (18, 27), (19, 27), (20, 27), (21, 27), (22, 27), (23, 27), (24, 27), (25, 27), (26, 27)]","[{'top_left': (14, 20), 'bottom_right': (18, 24)}, {'top_left': (18, 3), 'bottom_right': (22, 7)}, {'top_left': (1, 6), 'bottom_right': (5, 10)}, {'top_left': (23, 6), 'bottom_right': (27, 10)}]"
30,3,29,5,14,"[(3, 29), (2, 29), (2, 28), (2, 27), (2, 26), (2, 25), (2, 24), (2, 23), (2, 22), (2, 21), (2, 20), (2, 19), (2, 18), (2, 17), (2, 16), (2, 15), (2, 14), (3, 14), (4, 14), (5, 14)]","[{'top_left': (3, 22), 'bottom_right': (7, 26)}, {'top_left': (15, 20), 'bottom_right': (19, 24)}, {'top_left': (14, 13), 'bottom_right': (18, 17)}, {'top_left': (24, 10), 'bottom_right': (28, 14)}]"
30,12,9,27,21,"[(12, 9), (12, 10), (12, 11), (12, 12), (12, 13), (12, 14), (12, 15), (12, 16), (12, 17), (12, 18), (12, 19), (13, 19), (14, 19), (15, 19), (16, 19), (17, 19), (18, 19), (19, 19), (20, 19), (20, 20), (20, 21), (21, 21), (22, 21), (23, 21), (24, 21), (25, 21), (26, 21), (27, 21)]","[{'top_left': (3, 22), 'bottom_right': (7, 26)}, {'top_left': (15, 20), 'bottom_right': (19, 24)}, {'top_left': (14, 13), 'bottom_right': (18, 17)}, {'top_left': (24, 10), 'bottom_right': (28, 14)}]"
30,28,27,3,2,"[(28, 27), (27, 27), (26, 27), (25, 27), (24, 27), (23, 27), (22, 27), (21, 27), (20, 27), (19, 27), (18, 27), (17, 27), (16, 27), (15, 27), (14, 27), (13, 27), (12, 27), (11, 27), (10, 27), (9, 27), (8, 27), (8, 26), (8, 25), (8, 24), (8, 23), (8, 22), (8, 21), (7, 21), (6, 21), (5, 21), (4, 21), (3, 21), (3, 20), (3, 19), (3, 18), (3, 17), (3, 16), (3, 15), (3, 14), (3, 13), (3, 12), (3, 11), (3, 10), (3, 9), (3, 8), (3, 7), (3, 6), (3, 5), (3, 4), (3, 3), (3, 2)]","[{'top_left': (3, 22), 'bottom_right': (7, 26)}, {'top_left': (15, 20), 'bottom_right': (19, 24)}, {'top_left': (14, 13), 'bottom_right': (18, 17)}, {'top_left': (24, 10), 'bottom_right': (28, 14)}]"
30,25,26,3,2,"[(25, 26), (24, 26), (23, 26), (22, 26), (21, 26), (20, 26), (19, 26), (18, 26), (17, 26), (16, 26), (15, 26), (14, 26), (13, 26), (12, 26), (11, 26), (10, 26), (9, 26), (8, 26), (8, 25), (8, 24), (8, 23), (8, 22), (8, 21), (7, 21), (6, 21), (5, 21), (4, 21), (3, 21), (3, 20), (3, 19), (3, 18), (3, 17), (3, 16), (3, 15), (3, 14), (3, 13), (3, 12), (3, 11), (3, 10), (3, 9), (3, 8), (3, 7), (3, 6), (3, 5), (3, 4), (3, 3), (3, 2)]","[{'top_left': (3, 22), 'bottom_right': (7, 26)}, {'top_left': (15, 20), 'bottom_right': (19, 24)}, {'top_left': (14, 13), 'bottom_right': (18, 17)}, {'top_left': (24, 10), 'bottom_right': (28, 14)}]"
30,20,0,19,29,"[(20, 0), (20, 1), (20, 2), (20, 3), (20, 4), (20, 5), (20, 6), (20, 7), (20, 8), (20, 9), (20, 10), (20, 11), (20, 12), (20, 13), (20, 14), (20, 15), (20, 16), (20, 17), (20, 18), (20, 19), (20, 20), (20, 21), (20, 22), (20, 23), (20, 24), (20, 25), (19, 25), (19, 26), (19, 27), (19, 28), (19, 29)]","[{'top_left': (3, 22), 'bottom_right': (7, 26)}, {'top_left': (15, 20), 'bottom_right': (19, 24)}, {'top_left': (14, 13), 'bottom_right': (18, 17)}, {'top_left': (24, 10), 'bottom_right': (28, 14)}]"
30,16,18,25,1,"[(16, 18), (16, 17), (16, 16), (16, 15), (16, 14), (16, 13), (16, 12), (16, 11), (16, 10), (16, 9), (16, 8), (17, 8), (18, 8), (18, 7), (18, 6), (18, 5), (18, 4), (18, 3), (18, 2), (18, 1), (19, 1), (20, 1), (21, 1), (22, 1), (23, 1), (24, 1), (25, 1)]","[{'top_left': (13, 3), 'bottom_right': (17, 7)}, {'top_left': (15, 23), 'bottom_right': (19, 27)}, {'top_left': (24, 19), 'bottom_right': (28, 23)}, {'top_left': (20, 14), 'bottom_right': (24, 18)}]"
30,17,12,3,6,"[(17, 12), (16, 12), (15, 12), (14, 12), (13, 12), (12, 12), (11, 12), (10, 12), (9, 12), (8, 12), (7, 12), (6, 12), (5, 12), (4, 12), (3, 12), (3, 11), (3, 10), (3, 9), (3, 8), (3, 7), (3, 6)]","[{'top_left': (13, 3), 'bottom_right': (17, 7)}, {'top_left': (15, 23), 'bottom_right': (19, 27)}, {'top_left': (24, 19), 'bottom_right': (28, 23)}, {'top_left': (20, 14), 'bottom_right': (24, 18)}]"
30,27,15,3,11,"[(27, 15), (26, 15), (25, 15), (25, 14), (25, 13), (24, 13), (23, 13), (22, 13), (21, 13), (20, 13), (19, 13), (18, 13), (17, 13), (16, 13), (15, 13), (14, 13), (13, 13), (12, 13), (11, 13), (10, 13), (9, 13), (8, 13), (7, 13), (6, 13), (5, 13), (4, 13), (3, 13), (3, 12), (3, 11)]","[{'top_left': (13, 3), 'bottom_right': (17, 7)}, {'top_left': (15, 23), 'bottom_right': (19, 27)}, {'top_left': (24, 19), 'bottom_right': (28, 23)}, {'top_left': (20, 14), 'bottom_right': (24, 18)}]"
30,25,29,14,13,"[(25, 29), (24, 29), (23, 29), (22, 29), (21, 29), (20, 29), (19, 29), (18, 29), (17, 29), (16, 29), (15, 29), (14, 29), (14, 28), (14, 27), (14, 26), (14, 25), (14, 24), (14, 23), (14, 22), (14, 21), (14, 20), (14, 19), (14, 18), (14, 17), (14, 16), (14, 15), (14, 14), (14, 13)]","[{'top_left': (13, 3), 'bottom_right': (17, 7)}, {'top_left': (15, 23), 'bottom_right': (19, 27)}, {'top_left': (24, 19), 'bottom_right': (28, 23)}, {'top_left': (20, 14), 'bottom_right': (24, 18)}]"
30,8,9,26,28,"[(8, 9), (8, 10), (8, 11), (8, 12), (8, 13), (8, 14), (8, 15), (8, 16), (8, 17), (8, 18), (8, 19), (8, 20), (8, 21), (8, 22), (8, 23), (8, 24), (8, 25), (8, 26), (8, 27), (8, 28), (9, 28), (10, 28), (11, 28), (12, 28), (13, 28), (14, 28), (15, 28), (16, 28), (17, 28), (18, 28), (19, 28), (20, 28), (21, 28), (22, 28), (23, 28), (24, 28), (25, 28), (26, 28)]","[{'top_left': (13, 3), 'bottom_right': (17, 7)}, {'top_left': (15, 23), 'bottom_right': (19, 27)}, {'top_left': (24, 19), 'bottom_right': (28, 23)}, {'top_left': (20, 14), 'bottom_right': (24, 18)}]"
30,23,19,10,10,"[(23, 19), (22, 19), (21, 19), (20, 19), (19, 19), (18, 19), (17, 19), (16, 19), (15, 19), (14, 19), (13, 19), (12, 19), (11, 19), (10, 19), (10, 18), (10, 17), (10, 16), (10, 15), (10, 14), (10, 13), (10, 12), (10, 11), (10, 10)]","[{'top_left': (25, 13), 'bottom_right': (29, 17)}, {'top_left': (21, 7), 'bottom_right': (25, 11)}, {'top_left': (0, 13), 'bottom_right': (4, 17)}, {'top_left': (1, 0), 'bottom_right': (5, 4)}]"
30,5,18,13,7,"[(5, 18), (5, 17), (5, 16), (5, 15), (5, 14), (5, 13), (5, 12), (5, 11), (5, 10), (5, 9), (5, 8), (5, 7), (6, 7), (7, 7), (8, 7), (9, 7), (10, 7), (11, 7), (12, 7), (13, 7)]","[{'top_left': (25, 13), 'bottom_right': (29, 17)}, {'top_left': (21, 7), 'bottom_right': (25, 11)}, {'top_left': (0, 13), 'bottom_right': (4, 17)}, {'top_left': (1, 0), 'bottom_right': (5, 4)}]"
30,17,12,6,19,"[(17, 12), (16, 12), (15, 12), (14, 12), (13, 12), (12, 12), (11, 12), (10, 12), (9, 12), (8, 12), (7, 12), (6, 12), (6, 13), (6, 14), (6, 15), (6, 16), (6, 17), (6, 18), (6, 19)]","[{'top_left': (25, 13), 'bottom_right': (29, 17)}, {'top_left': (21, 7), 'bottom_right': (25, 11)}, {'top_left': (0, 13), 'bottom_right': (4, 17)}, {'top_left': (1, 0), 'bottom_right': (5, 4)}]"
30,20,12,26,1,"[(20, 12), (20, 11), (20, 10), (20, 9), (20, 8), (20, 7), (20, 6), (20, 5), (20, 4), (20, 3), (20, 2), (20, 1), (21, 1), (22, 1), (23, 1), (24, 1), (25, 1), (26, 1)]","[{'top_left': (25, 13), 'bottom_right': (29, 17)}, {'top_left': (21, 7), 'bottom_right': (25, 11)}, {'top_left': (0, 13), 'bottom_right': (4, 17)}, {'top_left': (1, 0), 'bottom_right': (5, 4)}]"
30,25,29,18,13,"[(25, 29), (24, 29), (23, 29), (22, 29), (21, 29), (20, 29), (19, 29), (18, 29), (18, 28), (18, 27), (18, 26), (18, 25), (18, 24), (18, 23), (18, 22), (18, 21), (18, 20), (18, 19), (18, 18), (18, 17), (18, 16), (18, 15), (18, 14), (18, 13)]","[{'top_left': (25, 13), 'bottom_right': (29, 17)}, {'top_left': (21, 7), 'bottom_right': (25, 11)}, {'top_left': (0, 13), 'bottom_right': (4, 17)}, {'top_left': (1, 0), 'bottom_right': (5, 4)}]"
30,22,25,4,16,"[(22, 25), (21, 25), (20, 25), (19, 25), (18, 25), (17, 25), (17, 24), (17, 23), (17, 22), (16, 22), (15, 22), (14, 22), (13, 22), (12, 22), (11, 22), (10, 22), (9, 22), (9, 21), (9, 20), (9, 19), (8, 19), (7, 19), (6, 19), (5, 19), (4, 19), (4, 18), (4, 17), (4, 16)]","[{'top_left': (4, 20), 'bottom_right': (8, 24)}, {'top_left': (12, 23), 'bottom_right': (16, 27)}, {'top_left': (5, 12), 'bottom_right': (9, 16)}, {'top_left': (10, 16), 'bottom_right': (14, 20)}]"
30,3,20,18,25,"[(3, 20), (3, 19), (4, 19), (5, 19), (6, 19), (7, 19), (8, 19), (9, 19), (9, 20), (9, 21), (9, 22), (10, 22), (11, 22), (12, 22), (13, 22), (14, 22), (15, 22), (16, 22), (17, 22), (17, 23), (17, 24), (17, 25), (18, 25)]","[{'top_left': (4, 20), 'bottom_right': (8, 24)}, {'top_left': (12, 23), 'bottom_right': (16, 27)}, {'top_left': (5, 12), 'bottom_right': (9, 16)}, {'top_left': (10, 16), 'bottom_right': (14, 20)}]"
30,20,24,18,4,"[(20, 24), (19, 24), (18, 24), (18, 23), (18, 22), (18, 21), (18, 20), (18, 19), (18, 18), (18, 17), (18, 16), (18, 15), (18, 14), (18, 13), (18, 12), (18, 11), (18, 10), (18, 9), (18, 8), (18, 7), (18, 6), (18, 5), (18, 4)]","[{'top_left': (4, 20), 'bottom_right': (8, 24)}, {'top_left': (12, 23), 'bottom_right': (16, 27)}, {'top_left': (5, 12), 'bottom_right': (9, 16)}, {'top_left': (10, 16), 'bottom_right': (14, 20)}]"
30,0,19,22,17,"[(0, 19), (1, 19), (2, 19), (3, 19), (4, 19), (5, 19), (6, 19), (7, 19), (8, 19), (9, 19), (9, 20), (9, 21), (10, 21), (11, 21), (12, 21), (13, 21), (14, 21), (15, 21), (15, 20), (15, 19), (15, 18), (15, 17), (16, 17), (17, 17), (18, 17), (19, 17), (20, 17), (21, 17), (22, 17)]","[{'top_left': (4, 20), 'bottom_right': (8, 24)}, {'top_left': (12, 23), 'bottom_right': (16, 27)}, {'top_left': (5, 12), 'bottom_right': (9, 16)}, {'top_left': (10, 16), 'bottom_right': (14, 20)}]"
30,29,2,18,12,"[(29, 2), (28, 2), (27, 2), (26, 2), (25, 2), (24, 2), (23, 2), (22, 2), (21, 2), (20, 2), (19, 2), (18, 2), (18, 3), (18, 4), (18, 5), (18, 6), (18, 7), (18, 8), (18, 9), (18, 10), (18, 11), (18, 12)]","[{'top_left': (4, 20), 'bottom_right': (8, 24)}, {'top_left': (12, 23), 'bottom_right': (16, 27)}, {'top_left': (5, 12), 'bottom_right': (9, 16)}, {'top_left': (10, 16), 'bottom_right': (14, 20)}]"
30,11,5,7,20,"[(11, 5), (10, 5), (9, 5), (8, 5), (7, 5), (7, 6), (7, 7), (7, 8), (7, 9), (7, 10), (7, 11), (7, 12), (7, 13), (7, 14), (7, 15), (7, 16), (7, 17), (7, 18), (7, 19), (7, 20)]","[{'top_left': (0, 23), 'bottom_right': (4, 27)}, {'top_left': (23, 4), 'bottom_right': (27, 8)}, {'top_left': (14, 20), 'bottom_right': (18, 24)}, {'top_left': (20, 24), 'bottom_right': (24, 28)}]"
30,28,7,9,6,"[(28, 7), (28, 8), (28, 9), (27, 9), (26, 9), (25, 9), (24, 9), (23, 9), (22, 9), (21, 9), (20, 9), (19, 9), (18, 9), (17, 9), (16, 9), (15, 9), (14, 9), (13, 9), (12, 9), (11, 9), (10, 9), (9, 9), (9, 8), (9, 7), (9, 6)]","[{'top_left': (0, 23), 'bottom_right': (4, 27)}, {'top_left': (23, 4), 'bottom_right': (27, 8)}, {'top_left': (14, 20), 'bottom_right': (18, 24)}, {'top_left': (20, 24), 'bottom_right': (24, 28)}]"
30,8,2,29,4,"[(8, 2), (8, 3), (9, 3), (10, 3), (11, 3), (12, 3), (13, 3), (14, 3), (15, 3), (16, 3), (17, 3), (18, 3), (19, 3), (20, 3), (21, 3), (22, 3), (23, 3), (24, 3), (25, 3), (26, 3), (27, 3), (28, 3), (28, 4), (29, 4)]","[{'top_left': (0, 23), 'bottom_right': (4, 27)}, {'top_left': (23, 4), 'bottom_right': (27, 8)}, {'top_left': (14, 20), 'bottom_right': (18, 24)}, {'top_left': (20, 24), 'bottom_right': (24, 28)}]"
30,20,0,20,18,"[(20, 0), (20, 1), (20, 2), (20, 3), (20, 4), (20, 5), (20, 6), (20, 7), (20, 8), (20, 9), (20, 10), (20, 11), (20, 12), (20, 13), (20, 14), (20, 15), (20, 16), (20, 17), (20, 18)]","[{'top_left': (0, 23), 'bottom_right': (4, 27)}, {'top_left': (23, 4), 'bottom_right': (27, 8)}, {'top_left': (14, 20), 'bottom_right': (18, 24)}, {'top_left': (20, 24), 'bottom_right': (24, 28)}]"
30,27,3,3,14,"[(27, 3), (26, 3), (25, 3), (24, 3), (23, 3), (22, 3), (21, 3), (20, 3), (19, 3), (18, 3), (17, 3), (16, 3), (15, 3), (14, 3), (13, 3), (12, 3), (11, 3), (10, 3), (9, 3), (8, 3), (7, 3), (6, 3), (5, 3), (4, 3), (3, 3), (3, 4), (3, 5), (3, 6), (3, 7), (3, 8), (3, 9), (3, 10), (3, 11), (3, 12), (3, 13), (3, 14)]","[{'top_left': (0, 23), 'bottom_right': (4, 27)}, {'top_left': (23, 4), 'bottom_right': (27, 8)}, {'top_left': (14, 20), 'bottom_right': (18, 24)}, {'top_left': (20, 24), 'bottom_right': (24, 28)}]"
30,27,11,29,26,"[(27, 11), (27, 12), (27, 13), (27, 14), (27, 15), (27, 16), (27, 17), (27, 18), (27, 19), (27, 20), (27, 21), (27, 22), (27, 23), (27, 24), (27, 25), (27, 26), (28, 26), (29, 26)]","[{'top_left': (19, 3), 'bottom_right': (23, 7)}, {'top_left': (3, 4), 'bottom_right': (7, 8)}, {'top_left': (9, 8), 'bottom_right': (13, 12)}, {'top_left': (2, 15), 'bottom_right': (6, 19)}]"
30,15,20,2,6,"[(15, 20), (14, 20), (13, 20), (12, 20), (11, 20), (10, 20), (9, 20), (8, 20), (7, 20), (7, 19), (7, 18), (7, 17), (7, 16), (7, 15), (7, 14), (6, 14), (5, 14), (4, 14), (3, 14), (2, 14), (2, 13), (2, 12), (2, 11), (2, 10), (2, 9), (2, 8), (2, 7), (2, 6)]","[{'top_left': (19, 3), 'bottom_right': (23, 7)}, {'top_left': (3, 4), 'bottom_right': (7, 8)}, {'top_left': (9, 8), 'bottom_right': (13, 12)}, {'top_left': (2, 15), 'bottom_right': (6, 19)}]"
30,21,13,12,28,"[(21, 13), (20, 13), (19, 13), (18, 13), (17, 13), (16, 13), (15, 13), (14, 13), (13, 13), (12, 13), (12, 14), (12, 15), (12, 16), (12, 17), (12, 18), (12, 19), (12, 20), (12, 21), (12, 22), (12, 23), (12, 24), (12, 25), (12, 26), (12, 27), (12, 28)]","[{'top_left': (19, 3), 'bottom_right': (23, 7)}, {'top_left': (3, 4), 'bottom_right': (7, 8)}, {'top_left': (9, 8), 'bottom_right': (13, 12)}, {'top_left': (2, 15), 'bottom_right': (6, 19)}]"
30,10,20,29,14,"[(10, 20), (10, 19), (10, 18), (10, 17), (10, 16), (10, 15), (10, 14), (11, 14), (12, 14), (13, 14), (14, 14), (15, 14), (16, 14), (17, 14), (18, 14), (19, 14), (20, 14), (21, 14), (22, 14), (23, 14), (24, 14), (25, 14), (26, 14), (27, 14), (28, 14), (29, 14)]","[{'top_left': (19, 3), 'bottom_right': (23, 7)}, {'top_left': (3, 4), 'bottom_right': (7, 8)}, {'top_left': (9, 8), 'bottom_right': (13, 12)}, {'top_left': (2, 15), 'bottom_right': (6, 19)}]"
30,25,5,5,9,"[(25, 5), (24, 5), (24, 6), (24, 7), (24, 8), (23, 8), (22, 8), (21, 8), (20, 8), (19, 8), (18, 8), (17, 8), (16, 8), (15, 8), (14, 8), (14, 7), (13, 7), (12, 7), (11, 7), (10, 7), (9, 7), (8, 7), (8, 8), (8, 9), (7, 9), (6, 9), (5, 9)]","[{'top_left': (19, 3), 'bottom_right': (23, 7)}, {'top_left': (3, 4), 'bottom_right': (7, 8)}, {'top_left': (9, 8), 'bottom_right': (13, 12)}, {'top_left': (2, 15), 'bottom_right': (6, 19)}]"
30,17,0,16,16,"[(17, 0), (16, 0), (16, 1), (16, 2), (16, 3), (16, 4), (16, 5), (16, 6), (16, 7), (16, 8), (16, 9), (16, 10), (16, 11), (16, 12), (16, 13), (16, 14), (16, 15), (16, 16)]","[{'top_left': (0, 5), 'bottom_right': (4, 9)}, {'top_left': (21, 18), 'bottom_right': (25, 22)}, {'top_left': (10, 11), 'bottom_right': (14, 15)}, {'top_left': (15, 19), 'bottom_right': (19, 23)}]"
30,24,4,6,27,"[(24, 4), (23, 4), (22, 4), (21, 4), (20, 4), (19, 4), (18, 4), (17, 4), (16, 4), (15, 4), (14, 4), (13, 4), (12, 4), (11, 4), (10, 4), (9, 4), (8, 4), (7, 4), (6, 4), (6, 5), (6, 6), (6, 7), (6, 8), (6, 9), (6, 10), (6, 11), (6, 12), (6, 13), (6, 14), (6, 15), (6, 16), (6, 17), (6, 18), (6, 19), (6, 20), (6, 21), (6, 22), (6, 23), (6, 24), (6, 25), (6, 26), (6, 27)]","[{'top_left': (0, 5), 'bottom_right': (4, 9)}, {'top_left': (21, 18), 'bottom_right': (25, 22)}, {'top_left': (10, 11), 'bottom_right': (14, 15)}, {'top_left': (15, 19), 'bottom_right': (19, 23)}]"
30,11,3,28,6,"[(11, 3), (11, 4), (11, 5), (11, 6), (12, 6), (13, 6), (14, 6), (15, 6), (16, 6), (17, 6), (18, 6), (19, 6), (20, 6), (21, 6), (22, 6), (23, 6), (24, 6), (25, 6), (26, 6), (27, 6), (28, 6)]","[{'top_left': (0, 5), 'bottom_right': (4, 9)}, {'top_left': (21, 18), 'bottom_right': (25, 22)}, {'top_left': (10, 11), 'bottom_right': (14, 15)}, {'top_left': (15, 19), 'bottom_right': (19, 23)}]"
30,2,23,22,4,"[(2, 23), (2, 22), (2, 21), (2, 20), (2, 19), (2, 18), (2, 17), (2, 16), (2, 15), (2, 14), (2, 13), (2, 12), (2, 11), (2, 10), (3, 10), (4, 10), (5, 10), (5, 9), (5, 8), (5, 7), (5, 6), (5, 5), (5, 4), (6, 4), (7, 4), (8, 4), (9, 4), (10, 4), (11, 4), (12, 4), (13, 4), (14, 4), (15, 4), (16, 4), (17, 4), (18, 4), (19, 4), (20, 4), (21, 4), (22, 4)]","[{'top_left': (0, 5), 'bottom_right': (4, 9)}, {'top_left': (21, 18), 'bottom_right': (25, 22)}, {'top_left': (10, 11), 'bottom_right': (14, 15)}, {'top_left': (15, 19), 'bottom_right': (19, 23)}]"
30,2,11,22,17,"[(2, 11), (2, 12), (2, 13), (2, 14), (2, 15), (2, 16), (2, 17), (3, 17), (4, 17), (5, 17), (6, 17), (7, 17), (8, 17), (9, 17), (10, 17), (11, 17), (12, 17), (13, 17), (14, 17), (15, 17), (16, 17), (17, 17), (18, 17), (19, 17), (20, 17), (21, 17), (22, 17)]","[{'top_left': (0, 5), 'bottom_right': (4, 9)}, {'top_left': (21, 18), 'bottom_right': (25, 22)}, {'top_left': (10, 11), 'bottom_right': (14, 15)}, {'top_left': (15, 19), 'bottom_right': (19, 23)}]"
30,12,29,6,8,"[(12, 29), (11, 29), (10, 29), (9, 29), (8, 29), (7, 29), (6, 29), (6, 28), (6, 27), (6, 26), (6, 25), (6, 24), (6, 23), (6, 22), (6, 21), (6, 20), (6, 19), (6, 18), (6, 17), (6, 16), (6, 15), (6, 14), (6, 13), (6, 12), (6, 11), (6, 10), (6, 9), (6, 8)]","[{'top_left': (20, 9), 'bottom_right': (24, 13)}, {'top_left': (14, 23), 'bottom_right': (18, 27)}, {'top_left': (25, 15), 'bottom_right': (29, 19)}, {'top_left': (13, 16), 'bottom_right': (17, 20)}]"
30,5,6,21,27,"[(5, 6), (5, 7), (5, 8), (5, 9), (5, 10), (5, 11), (5, 12), (5, 13), (5, 14), (5, 15), (5, 16), (5, 17), (5, 18), (5, 19), (5, 20), (5, 21), (5, 22), (6, 22), (7, 22), (8, 22), (9, 22), (10, 22), (11, 22), (12, 22), (13, 22), (14, 22), (15, 22), (16, 22), (17, 22), (18, 22), (19, 22), (19, 23), (19, 24), (19, 25), (19, 26), (19, 27), (20, 27), (21, 27)]","[{'top_left': (20, 9), 'bottom_right': (24, 13)}, {'top_left': (14, 23), 'bottom_right': (18, 27)}, {'top_left': (25, 15), 'bottom_right': (29, 19)}, {'top_left': (13, 16), 'bottom_right': (17, 20)}]"
30,28,22,8,12,"[(28, 22), (27, 22), (26, 22), (25, 22), (24, 22), (23, 22), (22, 22), (21, 22), (20, 22), (19, 22), (18, 22), (17, 22), (16, 22), (15, 22), (14, 22), (13, 22), (12, 22), (11, 22), (10, 22), (9, 22), (8, 22), (8, 21), (8, 20), (8, 19), (8, 18), (8, 17), (8, 16), (8, 15), (8, 14), (8, 13), (8, 12)]","[{'top_left': (20, 9), 'bottom_right': (24, 13)}, {'top_left': (14, 23), 'bottom_right': (18, 27)}, {'top_left': (25, 15), 'bottom_right': (29, 19)}, {'top_left': (13, 16), 'bottom_right': (17, 20)}]"
30,3,18,25,24,"[(3, 18), (3, 19), (3, 20), (3, 21), (3, 22), (4, 22), (5, 22), (6, 22), (7, 22), (8, 22), (9, 22), (10, 22), (11, 22), (12, 22), (13, 22), (14, 22), (15, 22), (16, 22), (17, 22), (18, 22), (19, 22), (19, 23), (19, 24), (20, 24), (21, 24), (22, 24), (23, 24), (24, 24), (25, 24)]","[{'top_left': (20, 9), 'bottom_right': (24, 13)}, {'top_left': (14, 23), 'bottom_right': (18, 27)}, {'top_left': (25, 15), 'bottom_right': (29, 19)}, {'top_left': (13, 16), 'bottom_right': (17, 20)}]"
30,18,9,5,25,"[(18, 9), (17, 9), (16, 9), (15, 9), (14, 9), (13, 9), (12, 9), (11, 9), (10, 9), (9, 9), (8, 9), (7, 9), (6, 9), (5, 9), (5, 10), (5, 11), (5, 12), (5, 13), (5, 14), (5, 15), (5, 16), (5, 17), (5, 18), (5, 19), (5, 20), (5, 21), (5, 22), (5, 23), (5, 24), (5, 25)]","[{'top_left': (20, 9), 'bottom_right': (24, 13)}, {'top_left': (14, 23), 'bottom_right': (18, 27)}, {'top_left': (25, 15), 'bottom_right': (29, 19)}, {'top_left': (13, 16), 'bottom_right': (17, 20)}]"
30,2,14,5,28,"[(2, 14), (2, 15), (2, 16), (2, 17), (2, 18), (2, 19), (2, 20), (2, 21), (2, 22), (2, 23), (2, 24), (2, 25), (2, 26), (2, 27), (2, 28), (3, 28), (4, 28), (5, 28)]","[{'top_left': (6, 23), 'bottom_right': (10, 27)}, {'top_left': (15, 13), 'bottom_right': (19, 17)}, {'top_left': (19, 23), 'bottom_right': (23, 27)}, {'top_left': (8, 10), 'bottom_right': (12, 14)}]"
30,28,20,16,11,"[(28, 20), (27, 20), (26, 20), (25, 20), (24, 20), (23, 20), (22, 20), (21, 20), (20, 20), (20, 19), (20, 18), (20, 17), (20, 16), (20, 15), (20, 14), (20, 13), (20, 12), (19, 12), (18, 12), (17, 12), (16, 12), (16, 11)]","[{'top_left': (6, 23), 'bottom_right': (10, 27)}, {'top_left': (15, 13), 'bottom_right': (19, 17)}, {'top_left': (19, 23), 'bottom_right': (23, 27)}, {'top_left': (8, 10), 'bottom_right': (12, 14)}]"
30,25,10,13,25,"[(25, 10), (24, 10), (23, 10), (22, 10), (21, 10), (20, 10), (19, 10), (18, 10), (17, 10), (16, 10), (15, 10), (14, 10), (13, 10), (13, 11), (13, 12), (13, 13), (13, 14), (13, 15), (13, 16), (13, 17), (13, 18), (13, 19), (13, 20), (13, 21), (13, 22), (13, 23), (13, 24), (13, 25)]","[{'top_left': (6, 23), 'bottom_right': (10, 27)}, {'top_left': (15, 13), 'bottom_right': (19, 17)}, {'top_left': (19, 23), 'bottom_right': (23, 27)}, {'top_left': (8, 10), 'bottom_right': (12, 14)}]"
30,4,24,10,3,"[(4, 24), (4, 23), (4, 22), (4, 21), (4, 20), (4, 19), (4, 18), (4, 17), (4, 16), (4, 15), (4, 14), (4, 13), (4, 12), (4, 11), (4, 10), (4, 9), (4, 8), (4, 7), (4, 6), (4, 5), (4, 4), (4, 3), (5, 3), (6, 3), (7, 3), (8, 3), (9, 3), (10, 3)]","[{'top_left': (6, 23), 'bottom_right': (10, 27)}, {'top_left': (15, 13), 'bottom_right': (19, 17)}, {'top_left': (19, 23), 'bottom_right': (23, 27)}, {'top_left': (8, 10), 'bottom_right': (12, 14)}]"
30,0,10,22,0,"[(0, 10), (0, 9), (0, 8), (0, 7), (0, 6), (0, 5), (0, 4), (0, 3), (0, 2), (0, 1), (0, 0), (1, 0), (2, 0), (3, 0), (4, 0), (5, 0), (6, 0), (7, 0), (8, 0), (9, 0), (10, 0), (11, 0), (12, 0), (13, 0), (14, 0), (15, 0), (16, 0), (17, 0), (18, 0), (19, 0), (20, 0), (21, 0), (22, 0)]","[{'top_left': (6, 23), 'bottom_right': (10, 27)}, {'top_left': (15, 13), 'bottom_right': (19, 17)}, {'top_left': (19, 23), 'bottom_right': (23, 27)}, {'top_left': (8, 10), 'bottom_right': (12, 14)}]"
30,6,6,1,25,"[(6, 6), (5, 6), (4, 6), (3, 6), (2, 6), (1, 6), (1, 7), (1, 8), (1, 9), (1, 10), (1, 11), (1, 12), (1, 13), (1, 14), (1, 15), (1, 16), (1, 17), (1, 18), (1, 19), (1, 20), (1, 21), (1, 22), (1, 23), (1, 24), (1, 25)]","[{'top_left': (22, 10), 'bottom_right': (26, 14)}, {'top_left': (6, 14), 'bottom_right': (10, 18)}, {'top_left': (18, 25), 'bottom_right': (22, 29)}, {'top_left': (10, 7), 'bottom_right': (14, 11)}]"
30,15,15,1,8,"[(15, 15), (14, 15), (13, 15), (12, 15), (11, 15), (11, 14), (11, 13), (10, 13), (9, 13), (8, 13), (7, 13), (6, 13), (5, 13), (4, 13), (3, 13), (2, 13), (1, 13), (1, 12), (1, 11), (1, 10), (1, 9), (1, 8)]","[{'top_left': (22, 10), 'bottom_right': (26, 14)}, {'top_left': (6, 14), 'bottom_right': (10, 18)}, {'top_left': (18, 25), 'bottom_right': (22, 29)}, {'top_left': (10, 7), 'bottom_right': (14, 11)}]"
30,13,3,3,14,"[(13, 3), (12, 3), (11, 3), (10, 3), (9, 3), (8, 3), (7, 3), (6, 3), (5, 3), (4, 3), (3, 3), (3, 4), (3, 5), (3, 6), (3, 7), (3, 8), (3, 9), (3, 10), (3, 11), (3, 12), (3, 13), (3, 14)]","[{'top_left': (22, 10), 'bottom_right': (26, 14)}, {'top_left': (6, 14), 'bottom_right': (10, 18)}, {'top_left': (18, 25), 'bottom_right': (22, 29)}, {'top_left': (10, 7), 'bottom_right': (14, 11)}]"
30,27,18,0,29,"[(27, 18), (26, 18), (25, 18), (24, 18), (23, 18), (22, 18), (21, 18), (20, 18), (19, 18), (18, 18), (17, 18), (16, 18), (15, 18), (14, 18), (13, 18), (12, 18), (11, 18), (11, 19), (10, 19), (9, 19), (8, 19), (7, 19), (6, 19), (5, 19), (4, 19), (3, 19), (2, 19), (1, 19), (0, 19), (0, 20), (0, 21), (0, 22), (0, 23), (0, 24), (0, 25), (0, 26), (0, 27), (0, 28), (0, 29)]","[{'top_left': (22, 10), 'bottom_right': (26, 14)}, {'top_left': (6, 14), 'bottom_right': (10, 18)}, {'top_left': (18, 25), 'bottom_right': (22, 29)}, {'top_left': (10, 7), 'bottom_right': (14, 11)}]"
30,12,1,28,17,"[(12, 1), (12, 2), (12, 3), (12, 4), (12, 5), (12, 6), (13, 6), (14, 6), (15, 6), (15, 7), (15, 8), (15, 9), (15, 10), (15, 11), (15, 12), (15, 13), (15, 14), (15, 15), (15, 16), (15, 17), (16, 17), (17, 17), (18, 17), (19, 17), (20, 17), (21, 17), (22, 17), (23, 17), (24, 17), (25, 17), (26, 17), (27, 17), (28, 17)]","[{'top_left': (22, 10), 'bottom_right': (26, 14)}, {'top_left': (6, 14), 'bottom_right': (10, 18)}, {'top_left': (18, 25), 'bottom_right': (22, 29)}, {'top_left': (10, 7), 'bottom_right': (14, 11)}]"
30,23,9,8,10,"[(23, 9), (22, 9), (21, 9), (20, 9), (19, 9), (18, 9), (17, 9), (16, 9), (15, 9), (14, 9), (13, 9), (12, 9), (11, 9), (10, 9), (9, 9), (8, 9), (8, 10)]","[{'top_left': (16, 1), 'bottom_right': (20, 5)}, {'top_left': (10, 20), 'bottom_right': (14, 24)}, {'top_left': (0, 2), 'bottom_right': (4, 6)}, {'top_left': (25, 13), 'bottom_right': (29, 17)}]"
30,24,11,12,2,"[(24, 11), (23, 11), (22, 11), (21, 11), (20, 11), (19, 11), (18, 11), (17, 11), (16, 11), (15, 11), (14, 11), (13, 11), (12, 11), (12, 10), (12, 9), (12, 8), (12, 7), (12, 6), (12, 5), (12, 4), (12, 3), (12, 2)]","[{'top_left': (16, 1), 'bottom_right': (20, 5)}, {'top_left': (10, 20), 'bottom_right': (14, 24)}, {'top_left': (0, 2), 'bottom_right': (4, 6)}, {'top_left': (25, 13), 'bottom_right': (29, 17)}]"
30,22,14,15,27,"[(22, 14), (21, 14), (20, 14), (19, 14), (18, 14), (17, 14), (16, 14), (15, 14), (15, 15), (15, 16), (15, 17), (15, 18), (15, 19), (15, 20), (15, 21), (15, 22), (15, 23), (15, 24), (15, 25), (15, 26), (15, 27)]","[{'top_left': (16, 1), 'bottom_right': (20, 5)}, {'top_left': (10, 20), 'bottom_right': (14, 24)}, {'top_left': (0, 2), 'bottom_right': (4, 6)}, {'top_left': (25, 13), 'bottom_right': (29, 17)}]"
30,20,29,3,26,"[(20, 29), (19, 29), (18, 29), (17, 29), (16, 29), (15, 29), (14, 29), (13, 29), (12, 29), (11, 29), (10, 29), (9, 29), (8, 29), (7, 29), (6, 29), (5, 29), (4, 29), (3, 29), (3, 28), (3, 27), (3, 26)]","[{'top_left': (16, 1), 'bottom_right': (20, 5)}, {'top_left': (10, 20), 'bottom_right': (14, 24)}, {'top_left': (0, 2), 'bottom_right': (4, 6)}, {'top_left': (25, 13), 'bottom_right': (29, 17)}]"
30,11,19,3,0,"[(11, 19), (10, 19), (9, 19), (8, 19), (7, 19), (6, 19), (5, 19), (5, 18), (5, 17), (5, 16), (5, 15), (5, 14), (5, 13), (5, 12), (5, 11), (5, 10), (5, 9), (5, 8), (5, 7), (5, 6), (5, 5), (5, 4), (5, 3), (5, 2), (5, 1), (4, 1), (3, 1), (3, 0)]","[{'top_left': (16, 1), 'bottom_right': (20, 5)}, {'top_left': (10, 20), 'bottom_right': (14, 24)}, {'top_left': (0, 2), 'bottom_right': (4, 6)}, {'top_left': (25, 13), 'bottom_right': (29, 17)}]"
30,6,23,28,25,"[(6, 23), (6, 22), (7, 22), (8, 22), (9, 22), (10, 22), (11, 22), (12, 22), (13, 22), (14, 22), (15, 22), (16, 22), (17, 22), (18, 22), (19, 22), (20, 22), (21, 22), (22, 22), (23, 22), (24, 22), (25, 22), (26, 22), (27, 22), (27, 23), (27, 24), (27, 25), (28, 25)]","[{'top_left': (7, 1), 'bottom_right': (11, 5)}, {'top_left': (0, 4), 'bottom_right': (4, 8)}, {'top_left': (3, 10), 'bottom_right': (7, 14)}, {'top_left': (22, 23), 'bottom_right': (26, 27)}]"
30,11,26,28,17,"[(11, 26), (11, 25), (11, 24), (11, 23), (11, 22), (11, 21), (11, 20), (11, 19), (11, 18), (11, 17), (12, 17), (13, 17), (14, 17), (15, 17), (16, 17), (17, 17), (18, 17), (19, 17), (20, 17), (21, 17), (22, 17), (23, 17), (24, 17), (25, 17), (26, 17), (27, 17), (28, 17)]","[{'top_left': (7, 1), 'bottom_right': (11, 5)}, {'top_left': (0, 4), 'bottom_right': (4, 8)}, {'top_left': (3, 10), 'bottom_right': (7, 14)}, {'top_left': (22, 23), 'bottom_right': (26, 27)}]"
30,19,25,25,12,"[(19, 25), (19, 24), (19, 23), (19, 22), (19, 21), (19, 20), (19, 19), (19, 18), (19, 17), (19, 16), (19, 15), (19, 14), (19, 13), (19, 12), (20, 12), (21, 12), (22, 12), (23, 12), (24, 12), (25, 12)]","[{'top_left': (7, 1), 'bottom_right': (11, 5)}, {'top_left': (0, 4), 'bottom_right': (4, 8)}, {'top_left': (3, 10), 'bottom_right': (7, 14)}, {'top_left': (22, 23), 'bottom_right': (26, 27)}]"
30,4,18,14,3,"[(4, 18), (4, 17), (4, 16), (4, 15), (5, 15), (6, 15), (7, 15), (8, 15), (8, 14), (8, 13), (8, 12), (8, 11), (8, 10), (8, 9), (8, 8), (8, 7), (8, 6), (9, 6), (10, 6), (11, 6), (12, 6), (12, 5), (12, 4), (12, 3), (13, 3), (14, 3)]","[{'top_left': (7, 1), 'bottom_right': (11, 5)}, {'top_left': (0, 4), 'bottom_right': (4, 8)}, {'top_left': (3, 10), 'bottom_right': (7, 14)}, {'top_left': (22, 23), 'bottom_right': (26, 27)}]"
30,21,3,16,16,"[(21, 3), (20, 3), (19, 3), (18, 3), (17, 3), (16, 3), (16, 4), (16, 5), (16, 6), (16, 7), (16, 8), (16, 9), (16, 10), (16, 11), (16, 12), (16, 13), (16, 14), (16, 15), (16, 16)]","[{'top_left': (7, 1), 'bottom_right': (11, 5)}, {'top_left': (0, 4), 'bottom_right': (4, 8)}, {'top_left': (3, 10), 'bottom_right': (7, 14)}, {'top_left': (22, 23), 'bottom_right': (26, 27)}]"
30,23,15,7,2,"[(23, 15), (22, 15), (21, 15), (20, 15), (19, 15), (18, 15), (17, 15), (16, 15), (15, 15), (14, 15), (13, 15), (12, 15), (11, 15), (10, 15), (9, 15), (8, 15), (7, 15), (7, 14), (7, 13), (7, 12), (7, 11), (7, 10), (7, 9), (7, 8), (7, 7), (7, 6), (7, 5), (7, 4), (7, 3), (7, 2)]","[{'top_left': (7, 18), 'bottom_right': (11, 22)}, {'top_left': (15, 21), 'bottom_right': (19, 25)}, {'top_left': (15, 8), 'bottom_right': (19, 12)}, {'top_left': (10, 24), 'bottom_right': (14, 28)}]"
30,2,11,17,26,"[(2, 11), (2, 12), (2, 13), (2, 14), (2, 15), (2, 16), (2, 17), (2, 18), (2, 19), (2, 20), (2, 21), (2, 22), (2, 23), (2, 24), (2, 25), (2, 26), (2, 27), (2, 28), (2, 29), (3, 29), (4, 29), (5, 29), (6, 29), (7, 29), (8, 29), (9, 29), (10, 29), (11, 29), (12, 29), (13, 29), (14, 29), (15, 29), (15, 28), (15, 27), (15, 26), (16, 26), (17, 26)]","[{'top_left': (7, 18), 'bottom_right': (11, 22)}, {'top_left': (15, 21), 'bottom_right': (19, 25)}, {'top_left': (15, 8), 'bottom_right': (19, 12)}, {'top_left': (10, 24), 'bottom_right': (14, 28)}]"
30,27,7,21,20,"[(27, 7), (26, 7), (25, 7), (24, 7), (23, 7), (22, 7), (21, 7), (21, 8), (21, 9), (21, 10), (21, 11), (21, 12), (21, 13), (21, 14), (21, 15), (21, 16), (21, 17), (21, 18), (21, 19), (21, 20)]","[{'top_left': (7, 18), 'bottom_right': (11, 22)}, {'top_left': (15, 21), 'bottom_right': (19, 25)}, {'top_left': (15, 8), 'bottom_right': (19, 12)}, {'top_left': (10, 24), 'bottom_right': (14, 28)}]"
30,23,27,6,22,"[(23, 27), (22, 27), (21, 27), (20, 27), (19, 27), (18, 27), (17, 27), (16, 27), (15, 27), (15, 28), (15, 29), (14, 29), (13, 29), (12, 29), (11, 29), (10, 29), (9, 29), (8, 29), (7, 29), (6, 29), (6, 28), (6, 27), (6, 26), (6, 25), (6, 24), (6, 23), (6, 22)]","[{'top_left': (7, 18), 'bottom_right': (11, 22)}, {'top_left': (15, 21), 'bottom_right': (19, 25)}, {'top_left': (15, 8), 'bottom_right': (19, 12)}, {'top_left': (10, 24), 'bottom_right': (14, 28)}]"
30,2,2,15,1,"[(2, 2), (2, 1), (3, 1), (4, 1), (5, 1), (6, 1), (7, 1), (8, 1), (9, 1), (10, 1), (11, 1), (12, 1), (13, 1), (14, 1), (15, 1)]","[{'top_left': (7, 18), 'bottom_right': (11, 22)}, {'top_left': (15, 21), 'bottom_right': (19, 25)}, {'top_left': (15, 8), 'bottom_right': (19, 12)}, {'top_left': (10, 24), 'bottom_right': (14, 28)}]"
30,3,10,6,26,"[(3, 10), (3, 11), (3, 12), (3, 13), (3, 14), (3, 15), (3, 16), (3, 17), (3, 18), (3, 19), (3, 20), (3, 21), (3, 22), (3, 23), (3, 24), (3, 25), (3, 26), (4, 26), (5, 26), (6, 26)]","[{'top_left': (6, 0), 'bottom_right': (10, 4)}, {'top_left': (21, 6), 'bottom_right': (25, 10)}, {'top_left': (14, 12), 'bottom_right': (18, 16)}, {'top_left': (6, 15), 'bottom_right': (10, 19)}]"
30,27,16,3,29,"[(27, 16), (26, 16), (25, 16), (24, 16), (23, 16), (22, 16), (21, 16), (20, 16), (19, 16), (19, 17), (18, 17), (17, 17), (16, 17), (15, 17), (14, 17), (13, 17), (12, 17), (11, 17), (11, 18), (11, 19), (11, 20), (10, 20), (9, 20), (8, 20), (7, 20), (6, 20), (5, 20), (4, 20), (3, 20), (3, 21), (3, 22), (3, 23), (3, 24), (3, 25), (3, 26), (3, 27), (3, 28), (3, 29)]","[{'top_left': (6, 0), 'bottom_right': (10, 4)}, {'top_left': (21, 6), 'bottom_right': (25, 10)}, {'top_left': (14, 12), 'bottom_right': (18, 16)}, {'top_left': (6, 15), 'bottom_right': (10, 19)}]"
30,4,7,29,11,"[(4, 7), (4, 8), (4, 9), (4, 10), (4, 11), (5, 11), (6, 11), (7, 11), (8, 11), (9, 11), (10, 11), (11, 11), (12, 11), (13, 11), (14, 11), (15, 11), (16, 11), (17, 11), (18, 11), (19, 11), (20, 11), (21, 11), (22, 11), (23, 11), (24, 11), (25, 11), (26, 11), (27, 11), (28, 11), (29, 11)]","[{'top_left': (6, 0), 'bottom_right': (10, 4)}, {'top_left': (21, 6), 'bottom_right': (25, 10)}, {'top_left': (14, 12), 'bottom_right': (18, 16)}, {'top_left': (6, 15), 'bottom_right': (10, 19)}]"
30,12,14,27,19,"[(12, 14), (12, 15), (12, 16), (12, 17), (12, 18), (12, 19), (13, 19), (14, 19), (15, 19), (16, 19), (17, 19), (18, 19), (19, 19), (20, 19), (21, 19), (22, 19), (23, 19), (24, 19), (25, 19), (26, 19), (27, 19)]","[{'top_left': (6, 0), 'bottom_right': (10, 4)}, {'top_left': (21, 6), 'bottom_right': (25, 10)}, {'top_left': (14, 12), 'bottom_right': (18, 16)}, {'top_left': (6, 15), 'bottom_right': (10, 19)}]"
30,18,20,3,4,"[(18, 20), (17, 20), (16, 20), (15, 20), (14, 20), (13, 20), (12, 20), (11, 20), (10, 20), (9, 20), (8, 20), (7, 20), (6, 20), (5, 20), (4, 20), (3, 20), (3, 19), (3, 18), (3, 17), (3, 16), (3, 15), (3, 14), (3, 13), (3, 12), (3, 11), (3, 10), (3, 9), (3, 8), (3, 7), (3, 6), (3, 5), (3, 4)]","[{'top_left': (6, 0), 'bottom_right': (10, 4)}, {'top_left': (21, 6), 'bottom_right': (25, 10)}, {'top_left': (14, 12), 'bottom_right': (18, 16)}, {'top_left': (6, 15), 'bottom_right': (10, 19)}]"
30,3,29,17,2,"[(3, 29), (3, 28), (3, 27), (3, 26), (3, 25), (3, 24), (3, 23), (3, 22), (3, 21), (3, 20), (3, 19), (3, 18), (3, 17), (3, 16), (3, 15), (3, 14), (3, 13), (3, 12), (3, 11), (3, 10), (3, 9), (3, 8), (3, 7), (3, 6), (3, 5), (4, 5), (5, 5), (6, 5), (7, 5), (8, 5), (9, 5), (10, 5), (11, 5), (12, 5), (12, 4), (12, 3), (12, 2), (13, 2), (14, 2), (15, 2), (16, 2), (17, 2)]","[{'top_left': (14, 3), 'bottom_right': (18, 7)}, {'top_left': (23, 3), 'bottom_right': (27, 7)}, {'top_left': (7, 0), 'bottom_right': (11, 4)}, {'top_left': (15, 21), 'bottom_right': (19, 25)}]"
30,12,23,29,13,"[(12, 23), (12, 22), (12, 21), (12, 20), (12, 19), (12, 18), (12, 17), (12, 16), (12, 15), (12, 14), (12, 13), (13, 13), (14, 13), (15, 13), (16, 13), (17, 13), (18, 13), (19, 13), (20, 13), (21, 13), (22, 13), (23, 13), (24, 13), (25, 13), (26, 13), (27, 13), (28, 13), (29, 13)]","[{'top_left': (14, 3), 'bottom_right': (18, 7)}, {'top_left': (23, 3), 'bottom_right': (27, 7)}, {'top_left': (7, 0), 'bottom_right': (11, 4)}, {'top_left': (15, 21), 'bottom_right': (19, 25)}]"
30,3,8,7,28,"[(3, 8), (3, 9), (3, 10), (3, 11), (3, 12), (3, 13), (3, 14), (3, 15), (3, 16), (3, 17), (3, 18), (3, 19), (3, 20), (3, 21), (3, 22), (3, 23), (3, 24), (3, 25), (3, 26), (3, 27), (3, 28), (4, 28), (5, 28), (6, 28), (7, 28)]","[{'top_left': (14, 3), 'bottom_right': (18, 7)}, {'top_left': (23, 3), 'bottom_right': (27, 7)}, {'top_left': (7, 0), 'bottom_right': (11, 4)}, {'top_left': (15, 21), 'bottom_right': (19, 25)}]"
30,9,22,19,9,"[(9, 22), (9, 21), (9, 20), (9, 19), (9, 18), (9, 17), (9, 16), (9, 15), (9, 14), (9, 13), (9, 12), (9, 11), (9, 10), (9, 9), (10, 9), (11, 9), (12, 9), (13, 9), (14, 9), (15, 9), (16, 9), (17, 9), (18, 9), (19, 9)]","[{'top_left': (14, 3), 'bottom_right': (18, 7)}, {'top_left': (23, 3), 'bottom_right': (27, 7)}, {'top_left': (7, 0), 'bottom_right': (11, 4)}, {'top_left': (15, 21), 'bottom_right': (19, 25)}]"
30,23,0,3,5,"[(23, 0), (22, 0), (21, 0), (20, 0), (19, 0), (18, 0), (17, 0), (16, 0), (15, 0), (14, 0), (13, 0), (12, 0), (12, 1), (12, 2), (12, 3), (12, 4), (12, 5), (11, 5), (10, 5), (9, 5), (8, 5), (7, 5), (6, 5), (5, 5), (4, 5), (3, 5)]","[{'top_left': (14, 3), 'bottom_right': (18, 7)}, {'top_left': (23, 3), 'bottom_right': (27, 7)}, {'top_left': (7, 0), 'bottom_right': (11, 4)}, {'top_left': (15, 21), 'bottom_right': (19, 25)}]"
30,21,2,5,5,"[(21, 2), (20, 2), (19, 2), (18, 2), (17, 2), (16, 2), (15, 2), (14, 2), (13, 2), (12, 2), (11, 2), (10, 2), (9, 2), (8, 2), (7, 2), (6, 2), (5, 2), (5, 3), (5, 4), (5, 5)]","[{'top_left': (16, 22), 'bottom_right': (20, 26)}, {'top_left': (19, 15), 'bottom_right': (23, 19)}, {'top_left': (23, 9), 'bottom_right': (27, 13)}, {'top_left': (5, 10), 'bottom_right': (9, 14)}]"
30,10,28,14,4,"[(10, 28), (10, 27), (10, 26), (10, 25), (10, 24), (10, 23), (10, 22), (10, 21), (10, 20), (10, 19), (10, 18), (10, 17), (10, 16), (10, 15), (10, 14), (10, 13), (10, 12), (10, 11), (10, 10), (10, 9), (10, 8), (10, 7), (10, 6), (10, 5), (10, 4), (11, 4), (12, 4), (13, 4), (14, 4)]","[{'top_left': (16, 22), 'bottom_right': (20, 26)}, {'top_left': (19, 15), 'bottom_right': (23, 19)}, {'top_left': (23, 9), 'bottom_right': (27, 13)}, {'top_left': (5, 10), 'bottom_right': (9, 14)}]"
30,0,21,15,13,"[(0, 21), (0, 20), (0, 19), (0, 18), (0, 17), (0, 16), (0, 15), (1, 15), (2, 15), (3, 15), (4, 15), (5, 15), (6, 15), (7, 15), (8, 15), (9, 15), (10, 15), (10, 14), (10, 13), (11, 13), (12, 13), (13, 13), (14, 13), (15, 13)]","[{'top_left': (16, 22), 'bottom_right': (20, 26)}, {'top_left': (19, 15), 'bottom_right': (23, 19)}, {'top_left': (23, 9), 'bottom_right': (27, 13)}, {'top_left': (5, 10), 'bottom_right': (9, 14)}]"
30,28,2,5,21,"[(28, 2), (27, 2), (26, 2), (25, 2), (24, 2), (23, 2), (22, 2), (21, 2), (20, 2), (19, 2), (18, 2), (17, 2), (16, 2), (15, 2), (14, 2), (13, 2), (12, 2), (11, 2), (10, 2), (10, 3), (10, 4), (10, 5), (10, 6), (10, 7), (10, 8), (10, 9), (10, 10), (10, 11), (10, 12), (10, 13), (10, 14), (10, 15), (9, 15), (8, 15), (7, 15), (6, 15), (5, 15), (5, 16), (5, 17), (5, 18), (5, 19), (5, 20), (5, 21)]","[{'top_left': (16, 22), 'bottom_right': (20, 26)}, {'top_left': (19, 15), 'bottom_right': (23, 19)}, {'top_left': (23, 9), 'bottom_right': (27, 13)}, {'top_left': (5, 10), 'bottom_right': (9, 14)}]"
30,24,27,0,19,"[(24, 27), (23, 27), (22, 27), (21, 27), (20, 27), (19, 27), (18, 27), (17, 27), (16, 27), (15, 27), (14, 27), (13, 27), (12, 27), (11, 27), (10, 27), (9, 27), (8, 27), (7, 27), (6, 27), (5, 27), (4, 27), (3, 27), (2, 27), (1, 27), (0, 27), (0, 26), (0, 25), (0, 24), (0, 23), (0, 22), (0, 21), (0, 20), (0, 19)]","[{'top_left': (16, 22), 'bottom_right': (20, 26)}, {'top_left': (19, 15), 'bottom_right': (23, 19)}, {'top_left': (23, 9), 'bottom_right': (27, 13)}, {'top_left': (5, 10), 'bottom_right': (9, 14)}]"
30,7,16,16,5,"[(7, 16), (7, 15), (7, 14), (7, 13), (7, 12), (7, 11), (7, 10), (7, 9), (7, 8), (7, 7), (7, 6), (7, 5), (8, 5), (9, 5), (10, 5), (11, 5), (12, 5), (13, 5), (14, 5), (15, 5), (16, 5)]","[{'top_left': (11, 15), 'bottom_right': (15, 19)}, {'top_left': (18, 0), 'bottom_right': (22, 4)}, {'top_left': (15, 7), 'bottom_right': (19, 11)}, {'top_left': (1, 0), 'bottom_right': (5, 4)}]"
30,3,9,25,23,"[(3, 9), (3, 10), (3, 11), (3, 12), (3, 13), (3, 14), (3, 15), (3, 16), (3, 17), (3, 18), (3, 19), (3, 20), (3, 21), (3, 22), (3, 23), (4, 23), (5, 23), (6, 23), (7, 23), (8, 23), (9, 23), (10, 23), (11, 23), (12, 23), (13, 23), (14, 23), (15, 23), (16, 23), (17, 23), (18, 23), (19, 23), (20, 23), (21, 23), (22, 23), (23, 23), (24, 23), (25, 23)]","[{'top_left': (11, 15), 'bottom_right': (15, 19)}, {'top_left': (18, 0), 'bottom_right': (22, 4)}, {'top_left': (15, 7), 'bottom_right': (19, 11)}, {'top_left': (1, 0), 'bottom_right': (5, 4)}]"
30,0,26,11,9,"[(0, 26), (0, 25), (0, 24), (0, 23), (0, 22), (0, 21), (0, 20), (0, 19), (0, 18), (0, 17), (0, 16), (0, 15), (0, 14), (0, 13), (0, 12), (0, 11), (0, 10), (0, 9), (1, 9), (2, 9), (3, 9), (4, 9), (5, 9), (6, 9), (7, 9), (8, 9), (9, 9), (10, 9), (11, 9)]","[{'top_left': (11, 15), 'bottom_right': (15, 19)}, {'top_left': (18, 0), 'bottom_right': (22, 4)}, {'top_left': (15, 7), 'bottom_right': (19, 11)}, {'top_left': (1, 0), 'bottom_right': (5, 4)}]"
30,28,26,19,15,"[(28, 26), (27, 26), (26, 26), (25, 26), (24, 26), (23, 26), (22, 26), (21, 26), (20, 26), (19, 26), (19, 25), (19, 24), (19, 23), (19, 22), (19, 21), (19, 20), (19, 19), (19, 18), (19, 17), (19, 16), (19, 15)]","[{'top_left': (11, 15), 'bottom_right': (15, 19)}, {'top_left': (18, 0), 'bottom_right': (22, 4)}, {'top_left': (15, 7), 'bottom_right': (19, 11)}, {'top_left': (1, 0), 'bottom_right': (5, 4)}]"
30,3,8,21,16,"[(3, 8), (3, 9), (3, 10), (3, 11), (3, 12), (3, 13), (3, 14), (4, 14), (5, 14), (6, 14), (7, 14), (8, 14), (9, 14), (10, 14), (11, 14), (12, 14), (13, 14), (14, 14), (15, 14), (16, 14), (16, 15), (16, 16), (17, 16), (18, 16), (19, 16), (20, 16), (21, 16)]","[{'top_left': (11, 15), 'bottom_right': (15, 19)}, {'top_left': (18, 0), 'bottom_right': (22, 4)}, {'top_left': (15, 7), 'bottom_right': (19, 11)}, {'top_left': (1, 0), 'bottom_right': (5, 4)}]"
30,11,6,23,2,"[(11, 6), (11, 5), (11, 4), (11, 3), (11, 2), (12, 2), (13, 2), (14, 2), (15, 2), (16, 2), (17, 2), (18, 2), (19, 2), (20, 2), (21, 2), (22, 2), (23, 2)]","[{'top_left': (23, 20), 'bottom_right': (27, 24)}, {'top_left': (0, 4), 'bottom_right': (4, 8)}, {'top_left': (13, 7), 'bottom_right': (17, 11)}, {'top_left': (21, 4), 'bottom_right': (25, 8)}]"
30,21,17,28,29,"[(21, 17), (21, 18), (21, 19), (21, 20), (21, 21), (21, 22), (21, 23), (21, 24), (21, 25), (21, 26), (21, 27), (21, 28), (21, 29), (22, 29), (23, 29), (24, 29), (25, 29), (26, 29), (27, 29), (28, 29)]","[{'top_left': (23, 20), 'bottom_right': (27, 24)}, {'top_left': (0, 4), 'bottom_right': (4, 8)}, {'top_left': (13, 7), 'bottom_right': (17, 11)}, {'top_left': (21, 4), 'bottom_right': (25, 8)}]"
30,14,28,16,5,"[(14, 28), (13, 28), (12, 28), (12, 27), (12, 26), (12, 25), (12, 24), (12, 23), (12, 22), (12, 21), (12, 20), (12, 19), (12, 18), (12, 17), (12, 16), (12, 15), (12, 14), (12, 13), (12, 12), (12, 11), (12, 10), (12, 9), (12, 8), (12, 7), (12, 6), (12, 5), (13, 5), (14, 5), (15, 5), (16, 5)]","[{'top_left': (23, 20), 'bottom_right': (27, 24)}, {'top_left': (0, 4), 'bottom_right': (4, 8)}, {'top_left': (13, 7), 'bottom_right': (17, 11)}, {'top_left': (21, 4), 'bottom_right': (25, 8)}]"
30,8,29,21,11,"[(8, 29), (8, 28), (8, 27), (8, 26), (8, 25), (8, 24), (8, 23), (8, 22), (8, 21), (8, 20), (8, 19), (8, 18), (8, 17), (8, 16), (8, 15), (8, 14), (8, 13), (8, 12), (9, 12), (10, 12), (11, 12), (12, 12), (13, 12), (14, 12), (15, 12), (16, 12), (17, 12), (18, 12), (18, 11), (19, 11), (20, 11), (21, 11)]","[{'top_left': (23, 20), 'bottom_right': (27, 24)}, {'top_left': (0, 4), 'bottom_right': (4, 8)}, {'top_left': (13, 7), 'bottom_right': (17, 11)}, {'top_left': (21, 4), 'bottom_right': (25, 8)}]"
30,28,10,12,18,"[(28, 10), (27, 10), (26, 10), (25, 10), (24, 10), (23, 10), (22, 10), (21, 10), (20, 10), (19, 10), (18, 10), (18, 11), (18, 12), (17, 12), (16, 12), (15, 12), (14, 12), (13, 12), (12, 12), (12, 13), (12, 14), (12, 15), (12, 16), (12, 17), (12, 18)]","[{'top_left': (23, 20), 'bottom_right': (27, 24)}, {'top_left': (0, 4), 'bottom_right': (4, 8)}, {'top_left': (13, 7), 'bottom_right': (17, 11)}, {'top_left': (21, 4), 'bottom_right': (25, 8)}]"
30,3,13,25,14,"[(3, 13), (3, 14), (4, 14), (5, 14), (6, 14), (7, 14), (8, 14), (9, 14), (10, 14), (11, 14), (12, 14), (13, 14), (14, 14), (15, 14), (16, 14), (17, 14), (18, 14), (19, 14), (20, 14), (21, 14), (22, 14), (23, 14), (24, 14), (25, 14)]","[{'top_left': (13, 8), 'bottom_right': (17, 12)}, {'top_left': (1, 18), 'bottom_right': (5, 22)}, {'top_left': (16, 22), 'bottom_right': (20, 26)}, {'top_left': (10, 19), 'bottom_right': (14, 23)}]"
30,9,3,0,15,"[(9, 3), (8, 3), (7, 3), (6, 3), (5, 3), (4, 3), (3, 3), (2, 3), (1, 3), (0, 3), (0, 4), (0, 5), (0, 6), (0, 7), (0, 8), (0, 9), (0, 10), (0, 11), (0, 12), (0, 13), (0, 14), (0, 15)]","[{'top_left': (13, 8), 'bottom_right': (17, 12)}, {'top_left': (1, 18), 'bottom_right': (5, 22)}, {'top_left': (16, 22), 'bottom_right': (20, 26)}, {'top_left': (10, 19), 'bottom_right': (14, 23)}]"
30,29,21,4,14,"[(29, 21), (28, 21), (27, 21), (26, 21), (25, 21), (24, 21), (23, 21), (22, 21), (21, 21), (20, 21), (19, 21), (18, 21), (17, 21), (16, 21), (15, 21), (15, 20), (15, 19), (15, 18), (14, 18), (13, 18), (12, 18), (11, 18), (10, 18), (9, 18), (8, 18), (7, 18), (6, 18), (6, 17), (5, 17), (4, 17), (4, 16), (4, 15), (4, 14)]","[{'top_left': (13, 8), 'bottom_right': (17, 12)}, {'top_left': (1, 18), 'bottom_right': (5, 22)}, {'top_left': (16, 22), 'bottom_right': (20, 26)}, {'top_left': (10, 19), 'bottom_right': (14, 23)}]"
30,9,15,9,2,"[(9, 15), (9, 14), (9, 13), (9, 12), (9, 11), (9, 10), (9, 9), (9, 8), (9, 7), (9, 6), (9, 5), (9, 4), (9, 3), (9, 2)]","[{'top_left': (13, 8), 'bottom_right': (17, 12)}, {'top_left': (1, 18), 'bottom_right': (5, 22)}, {'top_left': (16, 22), 'bottom_right': (20, 26)}, {'top_left': (10, 19), 'bottom_right': (14, 23)}]"
30,25,9,0,14,"[(25, 9), (24, 9), (23, 9), (22, 9), (21, 9), (20, 9), (19, 9), (18, 9), (18, 10), (18, 11), (18, 12), (18, 13), (17, 13), (16, 13), (15, 13), (14, 13), (13, 13), (12, 13), (11, 13), (10, 13), (9, 13), (8, 13), (7, 13), (6, 13), (5, 13), (4, 13), (3, 13), (2, 13), (1, 13), (0, 13), (0, 14)]","[{'top_left': (13, 8), 'bottom_right': (17, 12)}, {'top_left': (1, 18), 'bottom_right': (5, 22)}, {'top_left': (16, 22), 'bottom_right': (20, 26)}, {'top_left': (10, 19), 'bottom_right': (14, 23)}]"
30,4,11,28,9,"[(4, 11), (5, 11), (6, 11), (6, 10), (6, 9), (6, 8), (7, 8), (8, 8), (9, 8), (10, 8), (11, 8), (12, 8), (13, 8), (14, 8), (15, 8), (16, 8), (17, 8), (18, 8), (19, 8), (20, 8), (20, 9), (21, 9), (22, 9), (23, 9), (24, 9), (25, 9), (26, 9), (27, 9), (28, 9)]","[{'top_left': (1, 6), 'bottom_right': (5, 10)}, {'top_left': (9, 18), 'bottom_right': (13, 22)}, {'top_left': (3, 1), 'bottom_right': (7, 5)}, {'top_left': (15, 9), 'bottom_right': (19, 13)}]"
30,22,8,4,23,"[(22, 8), (21, 8), (20, 8), (19, 8), (18, 8), (17, 8), (16, 8), (15, 8), (14, 8), (13, 8), (12, 8), (11, 8), (10, 8), (9, 8), (8, 8), (7, 8), (6, 8), (6, 9), (6, 10), (6, 11), (5, 11), (4, 11), (4, 12), (4, 13), (4, 14), (4, 15), (4, 16), (4, 17), (4, 18), (4, 19), (4, 20), (4, 21), (4, 22), (4, 23)]","[{'top_left': (1, 6), 'bottom_right': (5, 10)}, {'top_left': (9, 18), 'bottom_right': (13, 22)}, {'top_left': (3, 1), 'bottom_right': (7, 5)}, {'top_left': (15, 9), 'bottom_right': (19, 13)}]"
30,6,13,18,29,"[(6, 13), (6, 14), (6, 15), (6, 16), (6, 17), (6, 18), (6, 19), (6, 20), (6, 21), (6, 22), (6, 23), (6, 24), (6, 25), (6, 26), (6, 27), (6, 28), (6, 29), (7, 29), (8, 29), (9, 29), (10, 29), (11, 29), (12, 29), (13, 29), (14, 29), (15, 29), (16, 29), (17, 29), (18, 29)]","[{'top_left': (1, 6), 'bottom_right': (5, 10)}, {'top_left': (9, 18), 'bottom_right': (13, 22)}, {'top_left': (3, 1), 'bottom_right': (7, 5)}, {'top_left': (15, 9), 'bottom_right': (19, 13)}]"
30,15,29,11,7,"[(15, 29), (14, 29), (14, 28), (14, 27), (14, 26), (14, 25), (14, 24), (14, 23), (14, 22), (14, 21), (14, 20), (14, 19), (14, 18), (14, 17), (13, 17), (12, 17), (11, 17), (11, 16), (11, 15), (11, 14), (11, 13), (11, 12), (11, 11), (11, 10), (11, 9), (11, 8), (11, 7)]","[{'top_left': (1, 6), 'bottom_right': (5, 10)}, {'top_left': (9, 18), 'bottom_right': (13, 22)}, {'top_left': (3, 1), 'bottom_right': (7, 5)}, {'top_left': (15, 9), 'bottom_right': (19, 13)}]"
30,13,12,28,3,"[(13, 12), (13, 11), (13, 10), (13, 9), (13, 8), (13, 7), (13, 6), (13, 5), (13, 4), (13, 3), (14, 3), (15, 3), (16, 3), (17, 3), (18, 3), (19, 3), (20, 3), (21, 3), (22, 3), (23, 3), (24, 3), (25, 3), (26, 3), (27, 3), (28, 3)]","[{'top_left': (1, 6), 'bottom_right': (5, 10)}, {'top_left': (9, 18), 'bottom_right': (13, 22)}, {'top_left': (3, 1), 'bottom_right': (7, 5)}, {'top_left': (15, 9), 'bottom_right': (19, 13)}]"
30,4,21,24,6,"[(4, 21), (4, 20), (4, 19), (4, 18), (4, 17), (4, 16), (4, 15), (4, 14), (4, 13), (4, 12), (4, 11), (4, 10), (4, 9), (4, 8), (4, 7), (4, 6), (5, 6), (6, 6), (7, 6), (8, 6), (9, 6), (10, 6), (11, 6), (12, 6), (13, 6), (14, 6), (15, 6), (16, 6), (17, 6), (18, 6), (19, 6), (20, 6), (21, 6), (22, 6), (23, 6), (24, 6)]","[{'top_left': (8, 9), 'bottom_right': (12, 13)}, {'top_left': (19, 9), 'bottom_right': (23, 13)}, {'top_left': (5, 18), 'bottom_right': (9, 22)}, {'top_left': (13, 21), 'bottom_right': (17, 25)}]"
30,8,4,13,17,"[(8, 4), (8, 5), (8, 6), (8, 7), (8, 8), (9, 8), (10, 8), (11, 8), (12, 8), (13, 8), (13, 9), (13, 10), (13, 11), (13, 12), (13, 13), (13, 14), (13, 15), (13, 16), (13, 17)]","[{'top_left': (8, 9), 'bottom_right': (12, 13)}, {'top_left': (19, 9), 'bottom_right': (23, 13)}, {'top_left': (5, 18), 'bottom_right': (9, 22)}, {'top_left': (13, 21), 'bottom_right': (17, 25)}]"
30,25,28,26,13,"[(25, 28), (25, 27), (25, 26), (25, 25), (25, 24), (25, 23), (25, 22), (25, 21), (25, 20), (25, 19), (25, 18), (25, 17), (25, 16), (25, 15), (25, 14), (25, 13), (26, 13)]","[{'top_left': (8, 9), 'bottom_right': (12, 13)}, {'top_left': (19, 9), 'bottom_right': (23, 13)}, {'top_left': (5, 18), 'bottom_right': (9, 22)}, {'top_left': (13, 21), 'bottom_right': (17, 25)}]"
30,3,4,16,14,"[(3, 4), (3, 5), (3, 6), (3, 7), (3, 8), (3, 9), (3, 10), (3, 11), (3, 12), (3, 13), (3, 14), (4, 14), (5, 14), (6, 14), (7, 14), (8, 14), (9, 14), (10, 14), (11, 14), (12, 14), (13, 14), (14, 14), (15, 14), (16, 14)]","[{'top_left': (8, 9), 'bottom_right': (12, 13)}, {'top_left': (19, 9), 'bottom_right': (23, 13)}, {'top_left': (5, 18), 'bottom_right': (9, 22)}, {'top_left': (13, 21), 'bottom_right': (17, 25)}]"
30,21,22,11,14,"[(21, 22), (20, 22), (19, 22), (18, 22), (18, 21), (18, 20), (17, 20), (16, 20), (15, 20), (14, 20), (13, 20), (12, 20), (11, 20), (11, 19), (11, 18), (11, 17), (11, 16), (11, 15), (11, 14)]","[{'top_left': (8, 9), 'bottom_right': (12, 13)}, {'top_left': (19, 9), 'bottom_right': (23, 13)}, {'top_left': (5, 18), 'bottom_right': (9, 22)}, {'top_left': (13, 21), 'bottom_right': (17, 25)}]"
30,24,4,19,29,"[(24, 4), (23, 4), (22, 4), (21, 4), (20, 4), (19, 4), (19, 5), (19, 6), (19, 7), (19, 8), (19, 9), (19, 10), (19, 11), (19, 12), (19, 13), (19, 14), (19, 15), (19, 16), (19, 17), (19, 18), (19, 19), (19, 20), (19, 21), (19, 22), (19, 23), (19, 24), (19, 25), (19, 26), (19, 27), (19, 28), (19, 29)]","[{'top_left': (11, 13), 'bottom_right': (15, 17)}, {'top_left': (0, 17), 'bottom_right': (4, 21)}, {'top_left': (0, 24), 'bottom_right': (4, 28)}, {'top_left': (13, 2), 'bottom_right': (17, 6)}]"
30,9,1,24,27,"[(9, 1), (9, 2), (9, 3), (9, 4), (9, 5), (9, 6), (9, 7), (9, 8), (9, 9), (9, 10), (9, 11), (9, 12), (9, 13), (9, 14), (9, 15), (9, 16), (9, 17), (9, 18), (9, 19), (9, 20), (9, 21), (9, 22), (9, 23), (9, 24), (9, 25), (9, 26), (9, 27), (10, 27), (11, 27), (12, 27), (13, 27), (14, 27), (15, 27), (16, 27), (17, 27), (18, 27), (19, 27), (20, 27), (21, 27), (22, 27), (23, 27), (24, 27)]","[{'top_left': (11, 13), 'bottom_right': (15, 17)}, {'top_left': (0, 17), 'bottom_right': (4, 21)}, {'top_left': (0, 24), 'bottom_right': (4, 28)}, {'top_left': (13, 2), 'bottom_right': (17, 6)}]"
30,12,4,12,21,"[(12, 4), (11, 4), (10, 4), (10, 5), (10, 6), (10, 7), (10, 8), (10, 9), (10, 10), (10, 11), (10, 12), (10, 13), (10, 14), (10, 15), (10, 16), (10, 17), (10, 18), (10, 19), (10, 20), (10, 21), (11, 21), (12, 21)]","[{'top_left': (11, 13), 'bottom_right': (15, 17)}, {'top_left': (0, 17), 'bottom_right': (4, 21)}, {'top_left': (0, 24), 'bottom_right': (4, 28)}, {'top_left': (13, 2), 'bottom_right': (17, 6)}]"
30,0,14,25,24,"[(0, 14), (0, 15), (0, 16), (1, 16), (2, 16), (3, 16), (4, 16), (5, 16), (5, 17), (5, 18), (5, 19), (5, 20), (5, 21), (5, 22), (5, 23), (5, 24), (6, 24), (7, 24), (8, 24), (9, 24), (10, 24), (11, 24), (12, 24), (13, 24), (14, 24), (15, 24), (16, 24), (17, 24), (18, 24), (19, 24), (20, 24), (21, 24), (22, 24), (23, 24), (24, 24), (25, 24)]","[{'top_left': (11, 13), 'bottom_right': (15, 17)}, {'top_left': (0, 17), 'bottom_right': (4, 21)}, {'top_left': (0, 24), 'bottom_right': (4, 28)}, {'top_left': (13, 2), 'bottom_right': (17, 6)}]"
30,27,16,14,26,"[(27, 16), (26, 16), (25, 16), (24, 16), (23, 16), (22, 16), (21, 16), (20, 16), (19, 16), (18, 16), (17, 16), (16, 16), (16, 17), (16, 18), (15, 18), (14, 18), (14, 19), (14, 20), (14, 21), (14, 22), (14, 23), (14, 24), (14, 25), (14, 26)]","[{'top_left': (11, 13), 'bottom_right': (15, 17)}, {'top_left': (0, 17), 'bottom_right': (4, 21)}, {'top_left': (0, 24), 'bottom_right': (4, 28)}, {'top_left': (13, 2), 'bottom_right': (17, 6)}]"
30,4,17,23,15,"[(4, 17), (4, 16), (4, 15), (5, 15), (6, 15), (7, 15), (8, 15), (9, 15), (10, 15), (11, 15), (12, 15), (13, 15), (14, 15), (15, 15), (16, 15), (17, 15), (18, 15), (19, 15), (20, 15), (21, 15), (22, 15), (23, 15)]","[{'top_left': (1, 2), 'bottom_right': (5, 6)}, {'top_left': (1, 8), 'bottom_right': (5, 12)}, {'top_left': (20, 3), 'bottom_right': (24, 7)}, {'top_left': (10, 19), 'bottom_right': (14, 23)}]"
30,4,7,28,21,"[(4, 7), (5, 7), (6, 7), (6, 8), (6, 9), (6, 10), (6, 11), (6, 12), (6, 13), (6, 14), (6, 15), (6, 16), (6, 17), (6, 18), (7, 18), (8, 18), (9, 18), (10, 18), (11, 18), (12, 18), (13, 18), (14, 18), (15, 18), (15, 19), (15, 20), (15, 21), (16, 21), (17, 21), (18, 21), (19, 21), (20, 21), (21, 21), (22, 21), (23, 21), (24, 21), (25, 21), (26, 21), (27, 21), (28, 21)]","[{'top_left': (1, 2), 'bottom_right': (5, 6)}, {'top_left': (1, 8), 'bottom_right': (5, 12)}, {'top_left': (20, 3), 'bottom_right': (24, 7)}, {'top_left': (10, 19), 'bottom_right': (14, 23)}]"
30,20,9,23,29,"[(20, 9), (20, 10), (20, 11), (20, 12), (20, 13), (20, 14), (20, 15), (20, 16), (20, 17), (20, 18), (20, 19), (20, 20), (20, 21), (20, 22), (20, 23), (20, 24), (20, 25), (20, 26), (20, 27), (20, 28), (20, 29), (21, 29), (22, 29), (23, 29)]","[{'top_left': (1, 2), 'bottom_right': (5, 6)}, {'top_left': (1, 8), 'bottom_right': (5, 12)}, {'top_left': (20, 3), 'bottom_right': (24, 7)}, {'top_left': (10, 19), 'bottom_right': (14, 23)}]"
30,0,25,15,19,"[(0, 25), (0, 24), (1, 24), (2, 24), (3, 24), (4, 24), (5, 24), (6, 24), (7, 24), (8, 24), (9, 24), (10, 24), (11, 24), (12, 24), (13, 24), (14, 24), (15, 24), (15, 23), (15, 22), (15, 21), (15, 20), (15, 19)]","[{'top_left': (1, 2), 'bottom_right': (5, 6)}, {'top_left': (1, 8), 'bottom_right': (5, 12)}, {'top_left': (20, 3), 'bottom_right': (24, 7)}, {'top_left': (10, 19), 'bottom_right': (14, 23)}]"
30,0,4,19,28,"[(0, 4), (0, 5), (0, 6), (0, 7), (0, 8), (0, 9), (0, 10), (0, 11), (0, 12), (0, 13), (0, 14), (0, 15), (0, 16), (0, 17), (0, 18), (0, 19), (0, 20), (0, 21), (0, 22), (0, 23), (0, 24), (0, 25), (0, 26), (0, 27), (0, 28), (1, 28), (2, 28), (3, 28), (4, 28), (5, 28), (6, 28), (7, 28), (8, 28), (9, 28), (10, 28), (11, 28), (12, 28), (13, 28), (14, 28), (15, 28), (16, 28), (17, 28), (18, 28), (19, 28)]","[{'top_left': (1, 2), 'bottom_right': (5, 6)}, {'top_left': (1, 8), 'bottom_right': (5, 12)}, {'top_left': (20, 3), 'bottom_right': (24, 7)}, {'top_left': (10, 19), 'bottom_right': (14, 23)}]"
30,12,1,29,3,"[(12, 1), (12, 2), (12, 3), (12, 4), (12, 5), (13, 5), (14, 5), (15, 5), (16, 5), (17, 5), (18, 5), (19, 5), (20, 5), (20, 4), (20, 3), (21, 3), (22, 3), (23, 3), (24, 3), (25, 3), (26, 3), (27, 3), (28, 3), (29, 3)]","[{'top_left': (3, 16), 'bottom_right': (7, 20)}, {'top_left': (3, 7), 'bottom_right': (7, 11)}, {'top_left': (15, 0), 'bottom_right': (19, 4)}, {'top_left': (16, 14), 'bottom_right': (20, 18)}]"
30,26,7,26,27,"[(26, 7), (26, 8), (26, 9), (26, 10), (26, 11), (26, 12), (26, 13), (26, 14), (26, 15), (26, 16), (26, 17), (26, 18), (26, 19), (26, 20), (26, 21), (26, 22), (26, 23), (26, 24), (26, 25), (26, 26), (26, 27)]","[{'top_left': (3, 16), 'bottom_right': (7, 20)}, {'top_left': (3, 7), 'bottom_right': (7, 11)}, {'top_left': (15, 0), 'bottom_right': (19, 4)}, {'top_left': (16, 14), 'bottom_right': (20, 18)}]"
30,17,8,26,19,"[(17, 8), (17, 9), (17, 10), (17, 11), (17, 12), (17, 13), (18, 13), (19, 13), (20, 13), (21, 13), (21, 14), (21, 15), (21, 16), (21, 17), (21, 18), (21, 19), (22, 19), (23, 19), (24, 19), (25, 19), (26, 19)]","[{'top_left': (3, 16), 'bottom_right': (7, 20)}, {'top_left': (3, 7), 'bottom_right': (7, 11)}, {'top_left': (15, 0), 'bottom_right': (19, 4)}, {'top_left': (16, 14), 'bottom_right': (20, 18)}]"
30,20,0,5,4,"[(20, 0), (20, 1), (20, 2), (20, 3), (20, 4), (20, 5), (19, 5), (18, 5), (17, 5), (16, 5), (15, 5), (14, 5), (13, 5), (12, 5), (11, 5), (10, 5), (9, 5), (8, 5), (7, 5), (6, 5), (5, 5), (5, 4)]","[{'top_left': (3, 16), 'bottom_right': (7, 20)}, {'top_left': (3, 7), 'bottom_right': (7, 11)}, {'top_left': (15, 0), 'bottom_right': (19, 4)}, {'top_left': (16, 14), 'bottom_right': (20, 18)}]"
30,26,23,21,7,"[(26, 23), (25, 23), (24, 23), (23, 23), (22, 23), (21, 23), (21, 22), (21, 21), (21, 20), (21, 19), (21, 18), (21, 17), (21, 16), (21, 15), (21, 14), (21, 13), (21, 12), (21, 11), (21, 10), (21, 9), (21, 8), (21, 7)]","[{'top_left': (3, 16), 'bottom_right': (7, 20)}, {'top_left': (3, 7), 'bottom_right': (7, 11)}, {'top_left': (15, 0), 'bottom_right': (19, 4)}, {'top_left': (16, 14), 'bottom_right': (20, 18)}]"
30,9,9,21,3,"[(9, 9), (9, 8), (9, 7), (9, 6), (9, 5), (9, 4), (9, 3), (10, 3), (11, 3), (12, 3), (13, 3), (14, 3), (15, 3), (16, 3), (17, 3), (18, 3), (19, 3), (20, 3), (21, 3)]","[{'top_left': (5, 16), 'bottom_right': (9, 20)}, {'top_left': (23, 22), 'bottom_right': (27, 26)}, {'top_left': (17, 6), 'bottom_right': (21, 10)}, {'top_left': (15, 15), 'bottom_right': (19, 19)}]"
30,25,3,14,13,"[(25, 3), (24, 3), (23, 3), (22, 3), (21, 3), (20, 3), (19, 3), (18, 3), (17, 3), (16, 3), (15, 3), (14, 3), (14, 4), (14, 5), (14, 6), (14, 7), (14, 8), (14, 9), (14, 10), (14, 11), (14, 12), (14, 13)]","[{'top_left': (5, 16), 'bottom_right': (9, 20)}, {'top_left': (23, 22), 'bottom_right': (27, 26)}, {'top_left': (17, 6), 'bottom_right': (21, 10)}, {'top_left': (15, 15), 'bottom_right': (19, 19)}]"
30,26,13,4,0,"[(26, 13), (25, 13), (24, 13), (23, 13), (22, 13), (21, 13), (20, 13), (19, 13), (18, 13), (17, 13), (16, 13), (15, 13), (14, 13), (13, 13), (12, 13), (11, 13), (10, 13), (9, 13), (8, 13), (7, 13), (6, 13), (5, 13), (4, 13), (4, 12), (4, 11), (4, 10), (4, 9), (4, 8), (4, 7), (4, 6), (4, 5), (4, 4), (4, 3), (4, 2), (4, 1), (4, 0)]","[{'top_left': (5, 16), 'bottom_right': (9, 20)}, {'top_left': (23, 22), 'bottom_right': (27, 26)}, {'top_left': (17, 6), 'bottom_right': (21, 10)}, {'top_left': (15, 15), 'bottom_right': (19, 19)}]"
30,1,20,20,28,"[(1, 20), (1, 21), (1, 22), (1, 23), (1, 24), (1, 25), (1, 26), (1, 27), (1, 28), (2, 28), (3, 28), (4, 28), (5, 28), (6, 28), (7, 28), (8, 28), (9, 28), (10, 28), (11, 28), (12, 28), (13, 28), (14, 28), (15, 28), (16, 28), (17, 28), (18, 28), (19, 28), (20, 28)]","[{'top_left': (5, 16), 'bottom_right': (9, 20)}, {'top_left': (23, 22), 'bottom_right': (27, 26)}, {'top_left': (17, 6), 'bottom_right': (21, 10)}, {'top_left': (15, 15), 'bottom_right': (19, 19)}]"
30,21,19,14,1,"[(21, 19), (20, 19), (20, 18), (20, 17), (20, 16), (20, 15), (20, 14), (19, 14), (18, 14), (17, 14), (16, 14), (15, 14), (14, 14), (14, 13), (14, 12), (14, 11), (14, 10), (14, 9), (14, 8), (14, 7), (14, 6), (14, 5), (14, 4), (14, 3), (14, 2), (14, 1)]","[{'top_left': (5, 16), 'bottom_right': (9, 20)}, {'top_left': (23, 22), 'bottom_right': (27, 26)}, {'top_left': (17, 6), 'bottom_right': (21, 10)}, {'top_left': (15, 15), 'bottom_right': (19, 19)}]"
30,27,27,16,6,"[(27, 27), (26, 27), (25, 27), (24, 27), (23, 27), (22, 27), (21, 27), (20, 27), (19, 27), (19, 26), (19, 25), (19, 24), (19, 23), (19, 22), (18, 22), (17, 22), (16, 22), (16, 21), (16, 20), (16, 19), (16, 18), (16, 17), (16, 16), (16, 15), (16, 14), (16, 13), (16, 12), (16, 11), (16, 10), (16, 9), (16, 8), (16, 7), (16, 6)]","[{'top_left': (11, 4), 'bottom_right': (15, 8)}, {'top_left': (14, 23), 'bottom_right': (18, 27)}, {'top_left': (0, 5), 'bottom_right': (4, 9)}, {'top_left': (11, 16), 'bottom_right': (15, 20)}]"
30,11,28,22,16,"[(11, 28), (11, 27), (11, 26), (11, 25), (11, 24), (11, 23), (11, 22), (11, 21), (12, 21), (13, 21), (14, 21), (15, 21), (16, 21), (16, 20), (16, 19), (16, 18), (16, 17), (16, 16), (17, 16), (18, 16), (19, 16), (20, 16), (21, 16), (22, 16)]","[{'top_left': (11, 4), 'bottom_right': (15, 8)}, {'top_left': (14, 23), 'bottom_right': (18, 27)}, {'top_left': (0, 5), 'bottom_right': (4, 9)}, {'top_left': (11, 16), 'bottom_right': (15, 20)}]"
30,23,18,10,14,"[(23, 18), (22, 18), (21, 18), (20, 18), (19, 18), (18, 18), (17, 18), (16, 18), (16, 17), (16, 16), (16, 15), (15, 15), (14, 15), (13, 15), (12, 15), (11, 15), (10, 15), (10, 14)]","[{'top_left': (11, 4), 'bottom_right': (15, 8)}, {'top_left': (14, 23), 'bottom_right': (18, 27)}, {'top_left': (0, 5), 'bottom_right': (4, 9)}, {'top_left': (11, 16), 'bottom_right': (15, 20)}]"
30,22,27,25,4,"[(22, 27), (22, 26), (22, 25), (22, 24), (22, 23), (22, 22), (22, 21), (22, 20), (22, 19), (22, 18), (22, 17), (22, 16), (22, 15), (22, 14), (22, 13), (22, 12), (22, 11), (22, 10), (22, 9), (22, 8), (22, 7), (22, 6), (22, 5), (22, 4), (23, 4), (24, 4), (25, 4)]","[{'top_left': (11, 4), 'bottom_right': (15, 8)}, {'top_left': (14, 23), 'bottom_right': (18, 27)}, {'top_left': (0, 5), 'bottom_right': (4, 9)}, {'top_left': (11, 16), 'bottom_right': (15, 20)}]"
30,8,25,24,21,"[(8, 25), (8, 24), (8, 23), (8, 22), (8, 21), (9, 21), (10, 21), (11, 21), (12, 21), (13, 21), (14, 21), (15, 21), (16, 21), (17, 21), (18, 21), (19, 21), (20, 21), (21, 21), (22, 21), (23, 21), (24, 21)]","[{'top_left': (11, 4), 'bottom_right': (15, 8)}, {'top_left': (14, 23), 'bottom_right': (18, 27)}, {'top_left': (0, 5), 'bottom_right': (4, 9)}, {'top_left': (11, 16), 'bottom_right': (15, 20)}]"
30,2,1,0,27,"[(2, 1), (1, 1), (0, 1), (0, 2), (0, 3), (0, 4), (0, 5), (0, 6), (0, 7), (0, 8), (0, 9), (0, 10), (0, 11), (0, 12), (0, 13), (0, 14), (0, 15), (0, 16), (0, 17), (0, 18), (0, 19), (0, 20), (0, 21), (0, 22), (0, 23), (0, 24), (0, 25), (0, 26), (0, 27)]","[{'top_left': (9, 12), 'bottom_right': (13, 16)}, {'top_left': (2, 20), 'bottom_right': (6, 24)}, {'top_left': (15, 12), 'bottom_right': (19, 16)}, {'top_left': (15, 19), 'bottom_right': (19, 23)}]"
30,23,5,7,3,"[(23, 5), (22, 5), (21, 5), (20, 5), (19, 5), (18, 5), (17, 5), (16, 5), (15, 5), (14, 5), (13, 5), (12, 5), (11, 5), (10, 5), (9, 5), (8, 5), (7, 5), (7, 4), (7, 3)]","[{'top_left': (9, 12), 'bottom_right': (13, 16)}, {'top_left': (2, 20), 'bottom_right': (6, 24)}, {'top_left': (15, 12), 'bottom_right': (19, 16)}, {'top_left': (15, 19), 'bottom_right': (19, 23)}]"
30,21,3,15,29,"[(21, 3), (20, 3), (20, 4), (20, 5), (20, 6), (20, 7), (20, 8), (20, 9), (20, 10), (20, 11), (20, 12), (20, 13), (20, 14), (20, 15), (20, 16), (20, 17), (20, 18), (20, 19), (20, 20), (20, 21), (20, 22), (20, 23), (20, 24), (19, 24), (18, 24), (17, 24), (16, 24), (15, 24), (15, 25), (15, 26), (15, 27), (15, 28), (15, 29)]","[{'top_left': (9, 12), 'bottom_right': (13, 16)}, {'top_left': (2, 20), 'bottom_right': (6, 24)}, {'top_left': (15, 12), 'bottom_right': (19, 16)}, {'top_left': (15, 19), 'bottom_right': (19, 23)}]"
30,21,15,10,24,"[(21, 15), (20, 15), (20, 16), (20, 17), (19, 17), (18, 17), (17, 17), (16, 17), (15, 17), (14, 17), (13, 17), (12, 17), (11, 17), (10, 17), (10, 18), (10, 19), (10, 20), (10, 21), (10, 22), (10, 23), (10, 24)]","[{'top_left': (9, 12), 'bottom_right': (13, 16)}, {'top_left': (2, 20), 'bottom_right': (6, 24)}, {'top_left': (15, 12), 'bottom_right': (19, 16)}, {'top_left': (15, 19), 'bottom_right': (19, 23)}]"
30,7,24,25,29,"[(7, 24), (7, 25), (7, 26), (7, 27), (7, 28), (7, 29), (8, 29), (9, 29), (10, 29), (11, 29), (12, 29), (13, 29), (14, 29), (15, 29), (16, 29), (17, 29), (18, 29), (19, 29), (20, 29), (21, 29), (22, 29), (23, 29), (24, 29), (25, 29)]","[{'top_left': (9, 12), 'bottom_right': (13, 16)}, {'top_left': (2, 20), 'bottom_right': (6, 24)}, {'top_left': (15, 12), 'bottom_right': (19, 16)}, {'top_left': (15, 19), 'bottom_right': (19, 23)}]"
30,13,29,2,1,"[(13, 29), (12, 29), (11, 29), (10, 29), (9, 29), (8, 29), (7, 29), (6, 29), (5, 29), (4, 29), (3, 29), (2, 29), (2, 28), (2, 27), (2, 26), (2, 25), (2, 24), (2, 23), (2, 22), (2, 21), (2, 20), (2, 19), (2, 18), (2, 17), (2, 16), (2, 15), (2, 14), (2, 13), (2, 12), (2, 11), (2, 10), (2, 9), (2, 8), (2, 7), (2, 6), (2, 5), (2, 4), (2, 3), (2, 2), (2, 1)]","[{'top_left': (23, 25), 'bottom_right': (27, 29)}, {'top_left': (7, 3), 'bottom_right': (11, 7)}, {'top_left': (5, 23), 'bottom_right': (9, 27)}, {'top_left': (12, 24), 'bottom_right': (16, 28)}]"
30,19,8,3,1,"[(19, 8), (18, 8), (17, 8), (16, 8), (15, 8), (14, 8), (13, 8), (12, 8), (11, 8), (10, 8), (9, 8), (8, 8), (7, 8), (6, 8), (5, 8), (4, 8), (3, 8), (3, 7), (3, 6), (3, 5), (3, 4), (3, 3), (3, 2), (3, 1)]","[{'top_left': (23, 25), 'bottom_right': (27, 29)}, {'top_left': (7, 3), 'bottom_right': (11, 7)}, {'top_left': (5, 23), 'bottom_right': (9, 27)}, {'top_left': (12, 24), 'bottom_right': (16, 28)}]"
30,27,23,2,14,"[(27, 23), (26, 23), (25, 23), (24, 23), (23, 23), (22, 23), (21, 23), (20, 23), (19, 23), (18, 23), (17, 23), (16, 23), (15, 23), (14, 23), (13, 23), (12, 23), (11, 23), (10, 23), (10, 22), (9, 22), (8, 22), (7, 22), (6, 22), (5, 22), (4, 22), (3, 22), (2, 22), (2, 21), (2, 20), (2, 19), (2, 18), (2, 17), (2, 16), (2, 15), (2, 14)]","[{'top_left': (23, 25), 'bottom_right': (27, 29)}, {'top_left': (7, 3), 'bottom_right': (11, 7)}, {'top_left': (5, 23), 'bottom_right': (9, 27)}, {'top_left': (12, 24), 'bottom_right': (16, 28)}]"
30,12,4,20,18,"[(12, 4), (12, 5), (12, 6), (12, 7), (12, 8), (12, 9), (12, 10), (12, 11), (12, 12), (12, 13), (12, 14), (12, 15), (12, 16), (12, 17), (12, 18), (13, 18), (14, 18), (15, 18), (16, 18), (17, 18), (18, 18), (19, 18), (20, 18)]","[{'top_left': (23, 25), 'bottom_right': (27, 29)}, {'top_left': (7, 3), 'bottom_right': (11, 7)}, {'top_left': (5, 23), 'bottom_right': (9, 27)}, {'top_left': (12, 24), 'bottom_right': (16, 28)}]"
30,25,6,2,18,"[(25, 6), (24, 6), (23, 6), (22, 6), (21, 6), (20, 6), (19, 6), (18, 6), (17, 6), (16, 6), (15, 6), (14, 6), (13, 6), (12, 6), (12, 7), (12, 8), (11, 8), (10, 8), (9, 8), (8, 8), (7, 8), (6, 8), (5, 8), (4, 8), (3, 8), (2, 8), (2, 9), (2, 10), (2, 11), (2, 12), (2, 13), (2, 14), (2, 15), (2, 16), (2, 17), (2, 18)]","[{'top_left': (23, 25), 'bottom_right': (27, 29)}, {'top_left': (7, 3), 'bottom_right': (11, 7)}, {'top_left': (5, 23), 'bottom_right': (9, 27)}, {'top_left': (12, 24), 'bottom_right': (16, 28)}]"
30,26,6,18,26,"[(26, 6), (26, 7), (26, 8), (25, 8), (24, 8), (23, 8), (22, 8), (21, 8), (20, 8), (19, 8), (18, 8), (18, 9), (18, 10), (18, 11), (18, 12), (18, 13), (18, 14), (18, 15), (18, 16), (18, 17), (18, 18), (18, 19), (18, 20), (18, 21), (18, 22), (18, 23), (18, 24), (18, 25), (18, 26)]","[{'top_left': (0, 20), 'bottom_right': (4, 24)}, {'top_left': (21, 3), 'bottom_right': (25, 7)}, {'top_left': (6, 1), 'bottom_right': (10, 5)}, {'top_left': (0, 11), 'bottom_right': (4, 15)}]"
30,2,18,2,4,"[(2, 18), (2, 17), (2, 16), (3, 16), (4, 16), (5, 16), (5, 15), (5, 14), (5, 13), (5, 12), (5, 11), (5, 10), (4, 10), (3, 10), (2, 10), (2, 9), (2, 8), (2, 7), (2, 6), (2, 5), (2, 4)]","[{'top_left': (0, 20), 'bottom_right': (4, 24)}, {'top_left': (21, 3), 'bottom_right': (25, 7)}, {'top_left': (6, 1), 'bottom_right': (10, 5)}, {'top_left': (0, 11), 'bottom_right': (4, 15)}]"
30,19,17,10,0,"[(19, 17), (18, 17), (17, 17), (16, 17), (15, 17), (14, 17), (13, 17), (12, 17), (11, 17), (11, 16), (11, 15), (11, 14), (11, 13), (11, 12), (11, 11), (11, 10), (11, 9), (11, 8), (11, 7), (11, 6), (11, 5), (11, 4), (11, 3), (11, 2), (11, 1), (11, 0), (10, 0)]","[{'top_left': (0, 20), 'bottom_right': (4, 24)}, {'top_left': (21, 3), 'bottom_right': (25, 7)}, {'top_left': (6, 1), 'bottom_right': (10, 5)}, {'top_left': (0, 11), 'bottom_right': (4, 15)}]"
30,26,8,12,22,"[(26, 8), (25, 8), (24, 8), (23, 8), (22, 8), (21, 8), (20, 8), (19, 8), (18, 8), (17, 8), (16, 8), (15, 8), (14, 8), (13, 8), (12, 8), (12, 9), (12, 10), (12, 11), (12, 12), (12, 13), (12, 14), (12, 15), (12, 16), (12, 17), (12, 18), (12, 19), (12, 20), (12, 21), (12, 22)]","[{'top_left': (0, 20), 'bottom_right': (4, 24)}, {'top_left': (21, 3), 'bottom_right': (25, 7)}, {'top_left': (6, 1), 'bottom_right': (10, 5)}, {'top_left': (0, 11), 'bottom_right': (4, 15)}]"
30,11,2,27,27,"[(11, 2), (11, 3), (11, 4), (11, 5), (11, 6), (11, 7), (11, 8), (11, 9), (11, 10), (11, 11), (11, 12), (11, 13), (11, 14), (11, 15), (11, 16), (11, 17), (11, 18), (11, 19), (11, 20), (11, 21), (11, 22), (11, 23), (11, 24), (11, 25), (11, 26), (11, 27), (12, 27), (13, 27), (14, 27), (15, 27), (16, 27), (17, 27), (18, 27), (19, 27), (20, 27), (21, 27), (22, 27), (23, 27), (24, 27), (25, 27), (26, 27), (27, 27)]","[{'top_left': (0, 20), 'bottom_right': (4, 24)}, {'top_left': (21, 3), 'bottom_right': (25, 7)}, {'top_left': (6, 1), 'bottom_right': (10, 5)}, {'top_left': (0, 11), 'bottom_right': (4, 15)}]"
30,1,17,22,28,"[(1, 17), (1, 18), (1, 19), (1, 20), (1, 21), (1, 22), (1, 23), (1, 24), (1, 25), (1, 26), (1, 27), (1, 28), (2, 28), (3, 28), (4, 28), (5, 28), (6, 28), (7, 28), (8, 28), (9, 28), (10, 28), (11, 28), (12, 28), (13, 28), (14, 28), (15, 28), (16, 28), (17, 28), (18, 28), (19, 28), (20, 28), (21, 28), (22, 28)]","[{'top_left': (5, 9), 'bottom_right': (9, 13)}, {'top_left': (2, 17), 'bottom_right': (6, 21)}, {'top_left': (18, 7), 'bottom_right': (22, 11)}, {'top_left': (16, 19), 'bottom_right': (20, 23)}]"
30,26,23,10,29,"[(26, 23), (25, 23), (24, 23), (23, 23), (22, 23), (21, 23), (21, 24), (20, 24), (19, 24), (18, 24), (17, 24), (16, 24), (15, 24), (14, 24), (13, 24), (12, 24), (11, 24), (10, 24), (10, 25), (10, 26), (10, 27), (10, 28), (10, 29)]","[{'top_left': (5, 9), 'bottom_right': (9, 13)}, {'top_left': (2, 17), 'bottom_right': (6, 21)}, {'top_left': (18, 7), 'bottom_right': (22, 11)}, {'top_left': (16, 19), 'bottom_right': (20, 23)}]"
30,1,7,15,2,"[(1, 7), (1, 6), (1, 5), (1, 4), (1, 3), (1, 2), (2, 2), (3, 2), (4, 2), (5, 2), (6, 2), (7, 2), (8, 2), (9, 2), (10, 2), (11, 2), (12, 2), (13, 2), (14, 2), (15, 2)]","[{'top_left': (5, 9), 'bottom_right': (9, 13)}, {'top_left': (2, 17), 'bottom_right': (6, 21)}, {'top_left': (18, 7), 'bottom_right': (22, 11)}, {'top_left': (16, 19), 'bottom_right': (20, 23)}]"
30,2,28,17,15,"[(2, 28), (2, 27), (2, 26), (2, 25), (2, 24), (2, 23), (2, 22), (3, 22), (4, 22), (5, 22), (6, 22), (7, 22), (7, 21), (7, 20), (7, 19), (7, 18), (7, 17), (7, 16), (7, 15), (8, 15), (9, 15), (10, 15), (11, 15), (12, 15), (13, 15), (14, 15), (15, 15), (16, 15), (17, 15)]","[{'top_left': (5, 9), 'bottom_right': (9, 13)}, {'top_left': (2, 17), 'bottom_right': (6, 21)}, {'top_left': (18, 7), 'bottom_right': (22, 11)}, {'top_left': (16, 19), 'bottom_right': (20, 23)}]"
30,4,8,23,1,"[(4, 8), (4, 7), (4, 6), (4, 5), (4, 4), (4, 3), (4, 2), (4, 1), (5, 1), (6, 1), (7, 1), (8, 1), (9, 1), (10, 1), (11, 1), (12, 1), (13, 1), (14, 1), (15, 1), (16, 1), (17, 1), (18, 1), (19, 1), (20, 1), (21, 1), (22, 1), (23, 1)]","[{'top_left': (5, 9), 'bottom_right': (9, 13)}, {'top_left': (2, 17), 'bottom_right': (6, 21)}, {'top_left': (18, 7), 'bottom_right': (22, 11)}, {'top_left': (16, 19), 'bottom_right': (20, 23)}]"
30,25,27,28,7,"[(25, 27), (25, 26), (25, 25), (25, 24), (25, 23), (25, 22), (25, 21), (25, 20), (25, 19), (25, 18), (25, 17), (25, 16), (25, 15), (25, 14), (25, 13), (25, 12), (25, 11), (25, 10), (25, 9), (25, 8), (25, 7), (26, 7), (27, 7), (28, 7)]","[{'top_left': (3, 1), 'bottom_right': (7, 5)}, {'top_left': (15, 16), 'bottom_right': (19, 20)}, {'top_left': (7, 20), 'bottom_right': (11, 24)}, {'top_left': (15, 9), 'bottom_right': (19, 13)}]"
30,0,29,1,0,"[(0, 29), (0, 28), (0, 27), (0, 26), (0, 25), (0, 24), (0, 23), (0, 22), (0, 21), (0, 20), (0, 19), (0, 18), (0, 17), (0, 16), (0, 15), (0, 14), (0, 13), (0, 12), (0, 11), (0, 10), (0, 9), (0, 8), (0, 7), (0, 6), (0, 5), (0, 4), (0, 3), (0, 2), (0, 1), (0, 0), (1, 0)]","[{'top_left': (3, 1), 'bottom_right': (7, 5)}, {'top_left': (15, 16), 'bottom_right': (19, 20)}, {'top_left': (7, 20), 'bottom_right': (11, 24)}, {'top_left': (15, 9), 'bottom_right': (19, 13)}]"
30,24,25,25,6,"[(24, 25), (24, 24), (24, 23), (24, 22), (24, 21), (24, 20), (24, 19), (24, 18), (24, 17), (24, 16), (24, 15), (24, 14), (24, 13), (24, 12), (24, 11), (24, 10), (24, 9), (24, 8), (24, 7), (24, 6), (25, 6)]","[{'top_left': (3, 1), 'bottom_right': (7, 5)}, {'top_left': (15, 16), 'bottom_right': (19, 20)}, {'top_left': (7, 20), 'bottom_right': (11, 24)}, {'top_left': (15, 9), 'bottom_right': (19, 13)}]"
30,21,21,23,0,"[(21, 21), (21, 20), (21, 19), (21, 18), (21, 17), (21, 16), (21, 15), (21, 14), (21, 13), (21, 12), (21, 11), (21, 10), (21, 9), (21, 8), (21, 7), (21, 6), (21, 5), (21, 4), (21, 3), (21, 2), (21, 1), (21, 0), (22, 0), (23, 0)]","[{'top_left': (3, 1), 'bottom_right': (7, 5)}, {'top_left': (15, 16), 'bottom_right': (19, 20)}, {'top_left': (7, 20), 'bottom_right': (11, 24)}, {'top_left': (15, 9), 'bottom_right': (19, 13)}]"
30,17,15,1,12,"[(17, 15), (16, 15), (15, 15), (14, 15), (13, 15), (12, 15), (11, 15), (10, 15), (9, 15), (8, 15), (7, 15), (6, 15), (5, 15), (4, 15), (3, 15), (2, 15), (1, 15), (1, 14), (1, 13), (1, 12)]","[{'top_left': (3, 1), 'bottom_right': (7, 5)}, {'top_left': (15, 16), 'bottom_right': (19, 20)}, {'top_left': (7, 20), 'bottom_right': (11, 24)}, {'top_left': (15, 9), 'bottom_right': (19, 13)}]"
30,29,1,7,7,"[(29, 1), (28, 1), (27, 1), (26, 1), (25, 1), (24, 1), (23, 1), (22, 1), (21, 1), (20, 1), (19, 1), (18, 1), (17, 1), (16, 1), (15, 1), (14, 1), (13, 1), (12, 1), (11, 1), (10, 1), (9, 1), (8, 1), (7, 1), (7, 2), (7, 3), (7, 4), (7, 5), (7, 6), (7, 7)]","[{'top_left': (24, 12), 'bottom_right': (28, 16)}, {'top_left': (22, 4), 'bottom_right': (26, 8)}, {'top_left': (13, 22), 'bottom_right': (17, 26)}, {'top_left': (13, 17), 'bottom_right': (17, 21)}]"
30,2,1,4,14,"[(2, 1), (2, 2), (2, 3), (2, 4), (2, 5), (2, 6), (2, 7), (2, 8), (2, 9), (2, 10), (2, 11), (2, 12), (2, 13), (2, 14), (3, 14), (4, 14)]","[{'top_left': (24, 12), 'bottom_right': (28, 16)}, {'top_left': (22, 4), 'bottom_right': (26, 8)}, {'top_left': (13, 22), 'bottom_right': (17, 26)}, {'top_left': (13, 17), 'bottom_right': (17, 21)}]"
30,11,19,20,28,"[(11, 19), (11, 20), (11, 21), (11, 22), (11, 23), (11, 24), (11, 25), (11, 26), (11, 27), (11, 28), (12, 28), (13, 28), (14, 28), (15, 28), (16, 28), (17, 28), (18, 28), (19, 28), (20, 28)]","[{'top_left': (24, 12), 'bottom_right': (28, 16)}, {'top_left': (22, 4), 'bottom_right': (26, 8)}, {'top_left': (13, 22), 'bottom_right': (17, 26)}, {'top_left': (13, 17), 'bottom_right': (17, 21)}]"
30,12,15,21,3,"[(12, 15), (12, 14), (12, 13), (12, 12), (12, 11), (12, 10), (12, 9), (12, 8), (12, 7), (12, 6), (12, 5), (12, 4), (12, 3), (13, 3), (14, 3), (15, 3), (16, 3), (17, 3), (18, 3), (19, 3), (20, 3), (21, 3)]","[{'top_left': (24, 12), 'bottom_right': (28, 16)}, {'top_left': (22, 4), 'bottom_right': (26, 8)}, {'top_left': (13, 22), 'bottom_right': (17, 26)}, {'top_left': (13, 17), 'bottom_right': (17, 21)}]"
30,21,2,2,8,"[(21, 2), (20, 2), (19, 2), (18, 2), (17, 2), (16, 2), (15, 2), (14, 2), (13, 2), (12, 2), (11, 2), (10, 2), (9, 2), (8, 2), (7, 2), (6, 2), (5, 2), (4, 2), (3, 2), (2, 2), (2, 3), (2, 4), (2, 5), (2, 6), (2, 7), (2, 8)]","[{'top_left': (24, 12), 'bottom_right': (28, 16)}, {'top_left': (22, 4), 'bottom_right': (26, 8)}, {'top_left': (13, 22), 'bottom_right': (17, 26)}, {'top_left': (13, 17), 'bottom_right': (17, 21)}]"
30,22,9,11,24,"[(22, 9), (22, 10), (22, 11), (21, 11), (20, 11), (19, 11), (18, 11), (17, 11), (16, 11), (15, 11), (14, 11), (13, 11), (12, 11), (12, 12), (12, 13), (12, 14), (12, 15), (12, 16), (12, 17), (12, 18), (12, 19), (11, 19), (11, 20), (11, 21), (11, 22), (11, 23), (11, 24)]","[{'top_left': (17, 6), 'bottom_right': (21, 10)}, {'top_left': (15, 22), 'bottom_right': (19, 26)}, {'top_left': (23, 11), 'bottom_right': (27, 15)}, {'top_left': (7, 14), 'bottom_right': (11, 18)}]"
30,3,1,11,28,"[(3, 1), (3, 2), (3, 3), (3, 4), (3, 5), (3, 6), (3, 7), (3, 8), (3, 9), (3, 10), (3, 11), (3, 12), (3, 13), (3, 14), (3, 15), (3, 16), (3, 17), (3, 18), (3, 19), (3, 20), (3, 21), (3, 22), (3, 23), (3, 24), (3, 25), (3, 26), (3, 27), (3, 28), (4, 28), (5, 28), (6, 28), (7, 28), (8, 28), (9, 28), (10, 28), (11, 28)]","[{'top_left': (17, 6), 'bottom_right': (21, 10)}, {'top_left': (15, 22), 'bottom_right': (19, 26)}, {'top_left': (23, 11), 'bottom_right': (27, 15)}, {'top_left': (7, 14), 'bottom_right': (11, 18)}]"
30,8,2,6,29,"[(8, 2), (7, 2), (6, 2), (6, 3), (6, 4), (6, 5), (6, 6), (6, 7), (6, 8), (6, 9), (6, 10), (6, 11), (6, 12), (6, 13), (6, 14), (6, 15), (6, 16), (6, 17), (6, 18), (6, 19), (6, 20), (6, 21), (6, 22), (6, 23), (6, 24), (6, 25), (6, 26), (6, 27), (6, 28), (6, 29)]","[{'top_left': (17, 6), 'bottom_right': (21, 10)}, {'top_left': (15, 22), 'bottom_right': (19, 26)}, {'top_left': (23, 11), 'bottom_right': (27, 15)}, {'top_left': (7, 14), 'bottom_right': (11, 18)}]"
30,4,26,16,7,"[(4, 26), (4, 25), (4, 24), (4, 23), (4, 22), (4, 21), (4, 20), (4, 19), (4, 18), (4, 17), (4, 16), (4, 15), (4, 14), (4, 13), (4, 12), (4, 11), (4, 10), (4, 9), (4, 8), (4, 7), (5, 7), (6, 7), (7, 7), (8, 7), (9, 7), (10, 7), (11, 7), (12, 7), (13, 7), (14, 7), (15, 7), (16, 7)]","[{'top_left': (17, 6), 'bottom_right': (21, 10)}, {'top_left': (15, 22), 'bottom_right': (19, 26)}, {'top_left': (23, 11), 'bottom_right': (27, 15)}, {'top_left': (7, 14), 'bottom_right': (11, 18)}]"
30,3,11,23,26,"[(3, 11), (3, 12), (3, 13), (3, 14), (3, 15), (3, 16), (3, 17), (3, 18), (3, 19), (3, 20), (3, 21), (4, 21), (5, 21), (6, 21), (7, 21), (8, 21), (9, 21), (10, 21), (11, 21), (12, 21), (13, 21), (14, 21), (15, 21), (16, 21), (17, 21), (18, 21), (19, 21), (20, 21), (20, 22), (20, 23), (20, 24), (20, 25), (20, 26), (21, 26), (22, 26), (23, 26)]","[{'top_left': (17, 6), 'bottom_right': (21, 10)}, {'top_left': (15, 22), 'bottom_right': (19, 26)}, {'top_left': (23, 11), 'bottom_right': (27, 15)}, {'top_left': (7, 14), 'bottom_right': (11, 18)}]"
30,14,3,0,15,"[(14, 3), (13, 3), (12, 3), (11, 3), (10, 3), (9, 3), (8, 3), (7, 3), (6, 3), (5, 3), (4, 3), (3, 3), (2, 3), (1, 3), (0, 3), (0, 4), (0, 5), (0, 6), (0, 7), (0, 8), (0, 9), (0, 10), (0, 11), (0, 12), (0, 13), (0, 14), (0, 15)]","[{'top_left': (25, 4), 'bottom_right': (29, 8)}, {'top_left': (1, 7), 'bottom_right': (5, 11)}, {'top_left': (22, 14), 'bottom_right': (26, 18)}, {'top_left': (20, 24), 'bottom_right': (24, 28)}]"
30,26,1,8,8,"[(26, 1), (25, 1), (24, 1), (23, 1), (22, 1), (21, 1), (20, 1), (19, 1), (18, 1), (17, 1), (16, 1), (15, 1), (14, 1), (13, 1), (12, 1), (11, 1), (10, 1), (9, 1), (8, 1), (8, 2), (8, 3), (8, 4), (8, 5), (8, 6), (8, 7), (8, 8)]","[{'top_left': (25, 4), 'bottom_right': (29, 8)}, {'top_left': (1, 7), 'bottom_right': (5, 11)}, {'top_left': (22, 14), 'bottom_right': (26, 18)}, {'top_left': (20, 24), 'bottom_right': (24, 28)}]"
30,18,12,9,26,"[(18, 12), (17, 12), (16, 12), (15, 12), (14, 12), (13, 12), (12, 12), (11, 12), (10, 12), (9, 12), (9, 13), (9, 14), (9, 15), (9, 16), (9, 17), (9, 18), (9, 19), (9, 20), (9, 21), (9, 22), (9, 23), (9, 24), (9, 25), (9, 26)]","[{'top_left': (25, 4), 'bottom_right': (29, 8)}, {'top_left': (1, 7), 'bottom_right': (5, 11)}, {'top_left': (22, 14), 'bottom_right': (26, 18)}, {'top_left': (20, 24), 'bottom_right': (24, 28)}]"
30,2,1,8,27,"[(2, 1), (2, 2), (2, 3), (2, 4), (2, 5), (2, 6), (3, 6), (4, 6), (5, 6), (6, 6), (6, 7), (6, 8), (6, 9), (6, 10), (6, 11), (6, 12), (6, 13), (6, 14), (6, 15), (6, 16), (6, 17), (6, 18), (6, 19), (6, 20), (6, 21), (6, 22), (6, 23), (6, 24), (6, 25), (6, 26), (6, 27), (7, 27), (8, 27)]","[{'top_left': (25, 4), 'bottom_right': (29, 8)}, {'top_left': (1, 7), 'bottom_right': (5, 11)}, {'top_left': (22, 14), 'bottom_right': (26, 18)}, {'top_left': (20, 24), 'bottom_right': (24, 28)}]"
30,19,12,15,0,"[(19, 12), (18, 12), (17, 12), (16, 12), (15, 12), (15, 11), (15, 10), (15, 9), (15, 8), (15, 7), (15, 6), (15, 5), (15, 4), (15, 3), (15, 2), (15, 1), (15, 0)]","[{'top_left': (25, 4), 'bottom_right': (29, 8)}, {'top_left': (1, 7), 'bottom_right': (5, 11)}, {'top_left': (22, 14), 'bottom_right': (26, 18)}, {'top_left': (20, 24), 'bottom_right': (24, 28)}]"
30,1,17,24,11,"[(1, 17), (1, 16), (1, 15), (1, 14), (1, 13), (1, 12), (1, 11), (2, 11), (3, 11), (4, 11), (5, 11), (6, 11), (7, 11), (8, 11), (9, 11), (10, 11), (11, 11), (12, 11), (13, 11), (14, 11), (15, 11), (16, 11), (17, 11), (18, 11), (19, 11), (20, 11), (21, 11), (22, 11), (23, 11), (24, 11)]","[{'top_left': (12, 12), 'bottom_right': (16, 16)}, {'top_left': (14, 1), 'bottom_right': (18, 5)}, {'top_left': (7, 6), 'bottom_right': (11, 10)}, {'top_left': (21, 13), 'bottom_right': (25, 17)}]"
30,29,0,29,19,"[(29, 0), (29, 1), (29, 2), (29, 3), (29, 4), (29, 5), (29, 6), (29, 7), (29, 8), (29, 9), (29, 10), (29, 11), (29, 12), (29, 13), (29, 14), (29, 15), (29, 16), (29, 17), (29, 18), (29, 19)]","[{'top_left': (12, 12), 'bottom_right': (16, 16)}, {'top_left': (14, 1), 'bottom_right': (18, 5)}, {'top_left': (7, 6), 'bottom_right': (11, 10)}, {'top_left': (21, 13), 'bottom_right': (25, 17)}]"
30,24,28,10,29,"[(24, 28), (23, 28), (22, 28), (21, 28), (20, 28), (19, 28), (18, 28), (17, 28), (16, 28), (15, 28), (14, 28), (13, 28), (12, 28), (11, 28), (10, 28), (10, 29)]","[{'top_left': (12, 12), 'bottom_right': (16, 16)}, {'top_left': (14, 1), 'bottom_right': (18, 5)}, {'top_left': (7, 6), 'bottom_right': (11, 10)}, {'top_left': (21, 13), 'bottom_right': (25, 17)}]"
30,26,29,8,25,"[(26, 29), (25, 29), (24, 29), (23, 29), (22, 29), (21, 29), (20, 29), (19, 29), (18, 29), (17, 29), (16, 29), (15, 29), (14, 29), (13, 29), (12, 29), (11, 29), (10, 29), (9, 29), (8, 29), (8, 28), (8, 27), (8, 26), (8, 25)]","[{'top_left': (12, 12), 'bottom_right': (16, 16)}, {'top_left': (14, 1), 'bottom_right': (18, 5)}, {'top_left': (7, 6), 'bottom_right': (11, 10)}, {'top_left': (21, 13), 'bottom_right': (25, 17)}]"
30,24,18,6,24,"[(24, 18), (23, 18), (22, 18), (21, 18), (20, 18), (19, 18), (18, 18), (17, 18), (16, 18), (15, 18), (14, 18), (13, 18), (12, 18), (11, 18), (10, 18), (9, 18), (8, 18), (7, 18), (6, 18), (6, 19), (6, 20), (6, 21), (6, 22), (6, 23), (6, 24)]","[{'top_left': (12, 12), 'bottom_right': (16, 16)}, {'top_left': (14, 1), 'bottom_right': (18, 5)}, {'top_left': (7, 6), 'bottom_right': (11, 10)}, {'top_left': (21, 13), 'bottom_right': (25, 17)}]"
30,12,23,29,21,"[(12, 23), (12, 22), (12, 21), (12, 20), (12, 19), (12, 18), (13, 18), (14, 18), (15, 18), (16, 18), (17, 18), (18, 18), (19, 18), (20, 18), (21, 18), (22, 18), (23, 18), (24, 18), (25, 18), (26, 18), (27, 18), (28, 18), (28, 19), (28, 20), (28, 21), (29, 21)]","[{'top_left': (0, 10), 'bottom_right': (4, 14)}, {'top_left': (23, 19), 'bottom_right': (27, 23)}, {'top_left': (13, 13), 'bottom_right': (17, 17)}, {'top_left': (23, 24), 'bottom_right': (27, 28)}]"
30,24,16,8,5,"[(24, 16), (23, 16), (22, 16), (21, 16), (20, 16), (19, 16), (18, 16), (18, 15), (18, 14), (18, 13), (18, 12), (17, 12), (16, 12), (15, 12), (14, 12), (13, 12), (12, 12), (11, 12), (10, 12), (9, 12), (8, 12), (8, 11), (8, 10), (8, 9), (8, 8), (8, 7), (8, 6), (8, 5)]","[{'top_left': (0, 10), 'bottom_right': (4, 14)}, {'top_left': (23, 19), 'bottom_right': (27, 23)}, {'top_left': (13, 13), 'bottom_right': (17, 17)}, {'top_left': (23, 24), 'bottom_right': (27, 28)}]"
30,12,14,23,29,"[(12, 14), (12, 15), (12, 16), (12, 17), (12, 18), (12, 19), (12, 20), (12, 21), (12, 22), (12, 23), (12, 24), (12, 25), (12, 26), (12, 27), (12, 28), (12, 29), (13, 29), (14, 29), (15, 29), (16, 29), (17, 29), (18, 29), (19, 29), (20, 29), (21, 29), (22, 29), (23, 29)]","[{'top_left': (0, 10), 'bottom_right': (4, 14)}, {'top_left': (23, 19), 'bottom_right': (27, 23)}, {'top_left': (13, 13), 'bottom_right': (17, 17)}, {'top_left': (23, 24), 'bottom_right': (27, 28)}]"
30,7,4,29,0,"[(7, 4), (7, 3), (7, 2), (7, 1), (7, 0), (8, 0), (9, 0), (10, 0), (11, 0), (12, 0), (13, 0), (14, 0), (15, 0), (16, 0), (17, 0), (18, 0), (19, 0), (20, 0), (21, 0), (22, 0), (23, 0), (24, 0), (25, 0), (26, 0), (27, 0), (28, 0), (29, 0)]","[{'top_left': (0, 10), 'bottom_right': (4, 14)}, {'top_left': (23, 19), 'bottom_right': (27, 23)}, {'top_left': (13, 13), 'bottom_right': (17, 17)}, {'top_left': (23, 24), 'bottom_right': (27, 28)}]"
30,8,25,21,8,"[(8, 25), (8, 24), (8, 23), (8, 22), (8, 21), (8, 20), (8, 19), (8, 18), (8, 17), (8, 16), (8, 15), (8, 14), (8, 13), (8, 12), (8, 11), (8, 10), (8, 9), (8, 8), (9, 8), (10, 8), (11, 8), (12, 8), (13, 8), (14, 8), (15, 8), (16, 8), (17, 8), (18, 8), (19, 8), (20, 8), (21, 8)]","[{'top_left': (0, 10), 'bottom_right': (4, 14)}, {'top_left': (23, 19), 'bottom_right': (27, 23)}, {'top_left': (13, 13), 'bottom_right': (17, 17)}, {'top_left': (23, 24), 'bottom_right': (27, 28)}]"
30,0,3,9,18,"[(0, 3), (0, 4), (0, 5), (0, 6), (0, 7), (0, 8), (0, 9), (0, 10), (0, 11), (0, 12), (0, 13), (0, 14), (0, 15), (0, 16), (0, 17), (0, 18), (1, 18), (2, 18), (3, 18), (4, 18), (5, 18), (6, 18), (7, 18), (8, 18), (9, 18)]","[{'top_left': (2, 7), 'bottom_right': (6, 11)}, {'top_left': (24, 17), 'bottom_right': (28, 21)}, {'top_left': (9, 10), 'bottom_right': (13, 14)}, {'top_left': (18, 12), 'bottom_right': (22, 16)}]"
30,27,5,14,14,"[(27, 5), (26, 5), (25, 5), (24, 5), (23, 5), (22, 5), (21, 5), (20, 5), (19, 5), (18, 5), (17, 5), (16, 5), (15, 5), (14, 5), (14, 6), (14, 7), (14, 8), (14, 9), (14, 10), (14, 11), (14, 12), (14, 13), (14, 14)]","[{'top_left': (2, 7), 'bottom_right': (6, 11)}, {'top_left': (24, 17), 'bottom_right': (28, 21)}, {'top_left': (9, 10), 'bottom_right': (13, 14)}, {'top_left': (18, 12), 'bottom_right': (22, 16)}]"
30,1,11,15,20,"[(1, 11), (1, 12), (1, 13), (1, 14), (1, 15), (1, 16), (1, 17), (1, 18), (1, 19), (1, 20), (2, 20), (3, 20), (4, 20), (5, 20), (6, 20), (7, 20), (8, 20), (9, 20), (10, 20), (11, 20), (12, 20), (13, 20), (14, 20), (15, 20)]","[{'top_left': (2, 7), 'bottom_right': (6, 11)}, {'top_left': (24, 17), 'bottom_right': (28, 21)}, {'top_left': (9, 10), 'bottom_right': (13, 14)}, {'top_left': (18, 12), 'bottom_right': (22, 16)}]"
30,24,25,8,8,"[(24, 25), (23, 25), (22, 25), (21, 25), (20, 25), (19, 25), (18, 25), (17, 25), (16, 25), (15, 25), (14, 25), (13, 25), (12, 25), (11, 25), (10, 25), (9, 25), (8, 25), (8, 24), (8, 23), (8, 22), (8, 21), (8, 20), (8, 19), (8, 18), (8, 17), (8, 16), (8, 15), (8, 14), (8, 13), (8, 12), (8, 11), (8, 10), (8, 9), (8, 8)]","[{'top_left': (2, 7), 'bottom_right': (6, 11)}, {'top_left': (24, 17), 'bottom_right': (28, 21)}, {'top_left': (9, 10), 'bottom_right': (13, 14)}, {'top_left': (18, 12), 'bottom_right': (22, 16)}]"
30,20,5,4,27,"[(20, 5), (19, 5), (18, 5), (17, 5), (16, 5), (15, 5), (14, 5), (13, 5), (12, 5), (11, 5), (10, 5), (9, 5), (8, 5), (7, 5), (7, 6), (7, 7), (7, 8), (7, 9), (7, 10), (7, 11), (7, 12), (6, 12), (5, 12), (4, 12), (4, 13), (4, 14), (4, 15), (4, 16), (4, 17), (4, 18), (4, 19), (4, 20), (4, 21), (4, 22), (4, 23), (4, 24), (4, 25), (4, 26), (4, 27)]","[{'top_left': (2, 7), 'bottom_right': (6, 11)}, {'top_left': (24, 17), 'bottom_right': (28, 21)}, {'top_left': (9, 10), 'bottom_right': (13, 14)}, {'top_left': (18, 12), 'bottom_right': (22, 16)}]"
30,7,1,22,8,"[(7, 1), (7, 2), (7, 3), (7, 4), (7, 5), (7, 6), (7, 7), (7, 8), (8, 8), (9, 8), (10, 8), (11, 8), (12, 8), (13, 8), (14, 8), (15, 8), (16, 8), (17, 8), (18, 8), (19, 8), (20, 8), (21, 8), (22, 8)]","[{'top_left': (19, 20), 'bottom_right': (23, 24)}, {'top_left': (1, 7), 'bottom_right': (5, 11)}, {'top_left': (3, 20), 'bottom_right': (7, 24)}, {'top_left': (14, 18), 'bottom_right': (18, 22)}]"
30,8,0,21,27,"[(8, 0), (8, 1), (8, 2), (8, 3), (8, 4), (8, 5), (8, 6), (8, 7), (8, 8), (8, 9), (8, 10), (8, 11), (8, 12), (8, 13), (8, 14), (8, 15), (8, 16), (8, 17), (8, 18), (8, 19), (8, 20), (8, 21), (8, 22), (8, 23), (8, 24), (8, 25), (8, 26), (8, 27), (9, 27), (10, 27), (11, 27), (12, 27), (13, 27), (14, 27), (15, 27), (16, 27), (17, 27), (18, 27), (19, 27), (20, 27), (21, 27)]","[{'top_left': (19, 20), 'bottom_right': (23, 24)}, {'top_left': (1, 7), 'bottom_right': (5, 11)}, {'top_left': (3, 20), 'bottom_right': (7, 24)}, {'top_left': (14, 18), 'bottom_right': (18, 22)}]"
30,27,27,11,17,"[(27, 27), (26, 27), (25, 27), (24, 27), (23, 27), (22, 27), (21, 27), (20, 27), (19, 27), (18, 27), (17, 27), (16, 27), (15, 27), (14, 27), (13, 27), (12, 27), (11, 27), (11, 26), (11, 25), (11, 24), (11, 23), (11, 22), (11, 21), (11, 20), (11, 19), (11, 18), (11, 17)]","[{'top_left': (19, 20), 'bottom_right': (23, 24)}, {'top_left': (1, 7), 'bottom_right': (5, 11)}, {'top_left': (3, 20), 'bottom_right': (7, 24)}, {'top_left': (14, 18), 'bottom_right': (18, 22)}]"
30,11,3,2,16,"[(11, 3), (10, 3), (9, 3), (8, 3), (7, 3), (6, 3), (6, 4), (6, 5), (6, 6), (6, 7), (6, 8), (6, 9), (6, 10), (6, 11), (6, 12), (5, 12), (4, 12), (3, 12), (2, 12), (2, 13), (2, 14), (2, 15), (2, 16)]","[{'top_left': (19, 20), 'bottom_right': (23, 24)}, {'top_left': (1, 7), 'bottom_right': (5, 11)}, {'top_left': (3, 20), 'bottom_right': (7, 24)}, {'top_left': (14, 18), 'bottom_right': (18, 22)}]"
30,7,6,10,18,"[(7, 6), (7, 7), (7, 8), (7, 9), (7, 10), (7, 11), (7, 12), (7, 13), (7, 14), (7, 15), (7, 16), (7, 17), (7, 18), (8, 18), (9, 18), (10, 18)]","[{'top_left': (19, 20), 'bottom_right': (23, 24)}, {'top_left': (1, 7), 'bottom_right': (5, 11)}, {'top_left': (3, 20), 'bottom_right': (7, 24)}, {'top_left': (14, 18), 'bottom_right': (18, 22)}]"
30,19,25,11,10,"[(19, 25), (18, 25), (17, 25), (16, 25), (16, 24), (16, 23), (16, 22), (16, 21), (16, 20), (15, 20), (14, 20), (13, 20), (12, 20), (11, 20), (11, 19), (11, 18), (11, 17), (11, 16), (11, 15), (11, 14), (11, 13), (11, 12), (11, 11), (11, 10)]","[{'top_left': (11, 21), 'bottom_right': (15, 25)}, {'top_left': (13, 2), 'bottom_right': (17, 6)}, {'top_left': (20, 13), 'bottom_right': (24, 17)}, {'top_left': (0, 10), 'bottom_right': (4, 14)}]"
30,13,28,20,11,"[(13, 28), (13, 27), (13, 26), (14, 26), (15, 26), (16, 26), (16, 25), (16, 24), (16, 23), (16, 22), (16, 21), (16, 20), (16, 19), (16, 18), (16, 17), (16, 16), (16, 15), (16, 14), (16, 13), (16, 12), (16, 11), (17, 11), (18, 11), (19, 11), (20, 11)]","[{'top_left': (11, 21), 'bottom_right': (15, 25)}, {'top_left': (13, 2), 'bottom_right': (17, 6)}, {'top_left': (20, 13), 'bottom_right': (24, 17)}, {'top_left': (0, 10), 'bottom_right': (4, 14)}]"
30,29,4,29,18,"[(29, 4), (29, 5), (29, 6), (29, 7), (29, 8), (29, 9), (29, 10), (29, 11), (29, 12), (29, 13), (29, 14), (29, 15), (29, 16), (29, 17), (29, 18)]","[{'top_left': (11, 21), 'bottom_right': (15, 25)}, {'top_left': (13, 2), 'bottom_right': (17, 6)}, {'top_left': (20, 13), 'bottom_right': (24, 17)}, {'top_left': (0, 10), 'bottom_right': (4, 14)}]"
30,0,3,19,6,"[(0, 3), (0, 4), (0, 5), (0, 6), (0, 7), (1, 7), (2, 7), (3, 7), (4, 7), (5, 7), (6, 7), (7, 7), (8, 7), (9, 7), (10, 7), (11, 7), (12, 7), (13, 7), (14, 7), (15, 7), (16, 7), (17, 7), (18, 7), (18, 6), (19, 6)]","[{'top_left': (11, 21), 'bottom_right': (15, 25)}, {'top_left': (13, 2), 'bottom_right': (17, 6)}, {'top_left': (20, 13), 'bottom_right': (24, 17)}, {'top_left': (0, 10), 'bottom_right': (4, 14)}]"
30,25,10,16,22,"[(25, 10), (24, 10), (23, 10), (22, 10), (21, 10), (20, 10), (19, 10), (18, 10), (17, 10), (16, 10), (16, 11), (16, 12), (16, 13), (16, 14), (16, 15), (16, 16), (16, 17), (16, 18), (16, 19), (16, 20), (16, 21), (16, 22)]","[{'top_left': (11, 21), 'bottom_right': (15, 25)}, {'top_left': (13, 2), 'bottom_right': (17, 6)}, {'top_left': (20, 13), 'bottom_right': (24, 17)}, {'top_left': (0, 10), 'bottom_right': (4, 14)}]"
30,1,21,23,4,"[(1, 21), (1, 20), (1, 19), (1, 18), (1, 17), (1, 16), (1, 15), (1, 14), (1, 13), (1, 12), (1, 11), (1, 10), (1, 9), (1, 8), (1, 7), (1, 6), (1, 5), (1, 4), (2, 4), (3, 4), (4, 4), (5, 4), (6, 4), (7, 4), (8, 4), (9, 4), (10, 4), (11, 4), (12, 4), (13, 4), (14, 4), (15, 4), (16, 4), (17, 4), (18, 4), (19, 4), (20, 4), (21, 4), (22, 4), (23, 4)]","[{'top_left': (24, 23), 'bottom_right': (28, 27)}, {'top_left': (16, 25), 'bottom_right': (20, 29)}, {'top_left': (11, 6), 'bottom_right': (15, 10)}, {'top_left': (12, 18), 'bottom_right': (16, 22)}]"
30,12,24,20,2,"[(12, 24), (12, 23), (13, 23), (14, 23), (15, 23), (16, 23), (17, 23), (17, 22), (17, 21), (17, 20), (17, 19), (17, 18), (17, 17), (17, 16), (17, 15), (17, 14), (17, 13), (17, 12), (17, 11), (17, 10), (17, 9), (17, 8), (17, 7), (17, 6), (17, 5), (17, 4), (17, 3), (17, 2), (18, 2), (19, 2), (20, 2)]","[{'top_left': (24, 23), 'bottom_right': (28, 27)}, {'top_left': (16, 25), 'bottom_right': (20, 29)}, {'top_left': (11, 6), 'bottom_right': (15, 10)}, {'top_left': (12, 18), 'bottom_right': (16, 22)}]"
30,3,27,28,16,"[(3, 27), (3, 26), (3, 25), (3, 24), (3, 23), (3, 22), (3, 21), (3, 20), (3, 19), (3, 18), (3, 17), (3, 16), (4, 16), (5, 16), (6, 16), (7, 16), (8, 16), (9, 16), (10, 16), (11, 16), (12, 16), (13, 16), (14, 16), (15, 16), (16, 16), (17, 16), (18, 16), (19, 16), (20, 16), (21, 16), (22, 16), (23, 16), (24, 16), (25, 16), (26, 16), (27, 16), (28, 16)]","[{'top_left': (24, 23), 'bottom_right': (28, 27)}, {'top_left': (16, 25), 'bottom_right': (20, 29)}, {'top_left': (11, 6), 'bottom_right': (15, 10)}, {'top_left': (12, 18), 'bottom_right': (16, 22)}]"
30,25,1,19,15,"[(25, 1), (24, 1), (23, 1), (22, 1), (21, 1), (20, 1), (19, 1), (19, 2), (19, 3), (19, 4), (19, 5), (19, 6), (19, 7), (19, 8), (19, 9), (19, 10), (19, 11), (19, 12), (19, 13), (19, 14), (19, 15)]","[{'top_left': (24, 23), 'bottom_right': (28, 27)}, {'top_left': (16, 25), 'bottom_right': (20, 29)}, {'top_left': (11, 6), 'bottom_right': (15, 10)}, {'top_left': (12, 18), 'bottom_right': (16, 22)}]"
30,10,8,6,26,"[(10, 8), (9, 8), (8, 8), (7, 8), (6, 8), (6, 9), (6, 10), (6, 11), (6, 12), (6, 13), (6, 14), (6, 15), (6, 16), (6, 17), (6, 18), (6, 19), (6, 20), (6, 21), (6, 22), (6, 23), (6, 24), (6, 25), (6, 26)]","[{'top_left': (24, 23), 'bottom_right': (28, 27)}, {'top_left': (16, 25), 'bottom_right': (20, 29)}, {'top_left': (11, 6), 'bottom_right': (15, 10)}, {'top_left': (12, 18), 'bottom_right': (16, 22)}]"
30,23,28,13,11,"[(23, 28), (22, 28), (21, 28), (20, 28), (19, 28), (18, 28), (17, 28), (16, 28), (15, 28), (14, 28), (13, 28), (13, 27), (13, 26), (13, 25), (13, 24), (13, 23), (13, 22), (13, 21), (13, 20), (13, 19), (13, 18), (13, 17), (13, 16), (13, 15), (13, 14), (13, 13), (13, 12), (13, 11)]","[{'top_left': (18, 9), 'bottom_right': (22, 13)}, {'top_left': (7, 10), 'bottom_right': (11, 14)}, {'top_left': (7, 25), 'bottom_right': (11, 29)}, {'top_left': (24, 11), 'bottom_right': (28, 15)}]"
30,2,11,17,16,"[(2, 11), (2, 12), (2, 13), (2, 14), (2, 15), (2, 16), (3, 16), (4, 16), (5, 16), (6, 16), (7, 16), (8, 16), (9, 16), (10, 16), (11, 16), (12, 16), (13, 16), (14, 16), (15, 16), (16, 16), (17, 16)]","[{'top_left': (18, 9), 'bottom_right': (22, 13)}, {'top_left': (7, 10), 'bottom_right': (11, 14)}, {'top_left': (7, 25), 'bottom_right': (11, 29)}, {'top_left': (24, 11), 'bottom_right': (28, 15)}]"
30,2,29,11,20,"[(2, 29), (2, 28), (2, 27), (2, 26), (2, 25), (2, 24), (2, 23), (2, 22), (2, 21), (2, 20), (3, 20), (4, 20), (5, 20), (6, 20), (7, 20), (8, 20), (9, 20), (10, 20), (11, 20)]","[{'top_left': (18, 9), 'bottom_right': (22, 13)}, {'top_left': (7, 10), 'bottom_right': (11, 14)}, {'top_left': (7, 25), 'bottom_right': (11, 29)}, {'top_left': (24, 11), 'bottom_right': (28, 15)}]"
30,26,26,4,29,"[(26, 26), (25, 26), (24, 26), (23, 26), (22, 26), (21, 26), (20, 26), (19, 26), (18, 26), (17, 26), (16, 26), (15, 26), (14, 26), (13, 26), (12, 26), (12, 25), (12, 24), (11, 24), (10, 24), (9, 24), (8, 24), (7, 24), (6, 24), (5, 24), (4, 24), (4, 25), (4, 26), (4, 27), (4, 28), (4, 29)]","[{'top_left': (18, 9), 'bottom_right': (22, 13)}, {'top_left': (7, 10), 'bottom_right': (11, 14)}, {'top_left': (7, 25), 'bottom_right': (11, 29)}, {'top_left': (24, 11), 'bottom_right': (28, 15)}]"
30,17,7,24,29,"[(17, 7), (17, 8), (17, 9), (17, 10), (17, 11), (17, 12), (17, 13), (17, 14), (17, 15), (17, 16), (17, 17), (17, 18), (17, 19), (17, 20), (17, 21), (17, 22), (17, 23), (17, 24), (17, 25), (17, 26), (17, 27), (17, 28), (17, 29), (18, 29), (19, 29), (20, 29), (21, 29), (22, 29), (23, 29), (24, 29)]","[{'top_left': (18, 9), 'bottom_right': (22, 13)}, {'top_left': (7, 10), 'bottom_right': (11, 14)}, {'top_left': (7, 25), 'bottom_right': (11, 29)}, {'top_left': (24, 11), 'bottom_right': (28, 15)}]"
30,28,24,6,28,"[(28, 24), (27, 24), (26, 24), (25, 24), (24, 24), (23, 24), (23, 23), (23, 22), (23, 21), (23, 20), (22, 20), (21, 20), (20, 20), (19, 20), (18, 20), (17, 20), (16, 20), (15, 20), (14, 20), (13, 20), (12, 20), (11, 20), (10, 20), (9, 20), (9, 21), (9, 22), (9, 23), (9, 24), (8, 24), (7, 24), (6, 24), (6, 25), (6, 26), (6, 27), (6, 28)]","[{'top_left': (13, 21), 'bottom_right': (17, 25)}, {'top_left': (18, 21), 'bottom_right': (22, 25)}, {'top_left': (4, 19), 'bottom_right': (8, 23)}, {'top_left': (8, 25), 'bottom_right': (12, 29)}]"
30,5,28,14,0,"[(5, 28), (5, 27), (5, 26), (5, 25), (5, 24), (6, 24), (7, 24), (8, 24), (9, 24), (9, 23), (9, 22), (9, 21), (9, 20), (9, 19), (9, 18), (9, 17), (9, 16), (9, 15), (9, 14), (9, 13), (9, 12), (9, 11), (9, 10), (9, 9), (9, 8), (9, 7), (9, 6), (9, 5), (9, 4), (9, 3), (9, 2), (9, 1), (9, 0), (10, 0), (11, 0), (12, 0), (13, 0), (14, 0)]","[{'top_left': (13, 21), 'bottom_right': (17, 25)}, {'top_left': (18, 21), 'bottom_right': (22, 25)}, {'top_left': (4, 19), 'bottom_right': (8, 23)}, {'top_left': (8, 25), 'bottom_right': (12, 29)}]"
30,0,22,5,2,"[(0, 22), (0, 21), (0, 20), (0, 19), (0, 18), (0, 17), (0, 16), (0, 15), (0, 14), (0, 13), (0, 12), (0, 11), (0, 10), (0, 9), (0, 8), (0, 7), (0, 6), (0, 5), (0, 4), (0, 3), (0, 2), (1, 2), (2, 2), (3, 2), (4, 2), (5, 2)]","[{'top_left': (13, 21), 'bottom_right': (17, 25)}, {'top_left': (18, 21), 'bottom_right': (22, 25)}, {'top_left': (4, 19), 'bottom_right': (8, 23)}, {'top_left': (8, 25), 'bottom_right': (12, 29)}]"
30,4,16,27,16,"[(4, 16), (5, 16), (6, 16), (7, 16), (8, 16), (9, 16), (10, 16), (11, 16), (12, 16), (13, 16), (14, 16), (15, 16), (16, 16), (17, 16), (18, 16), (19, 16), (20, 16), (21, 16), (22, 16), (23, 16), (24, 16), (25, 16), (26, 16), (27, 16)]","[{'top_left': (13, 21), 'bottom_right': (17, 25)}, {'top_left': (18, 21), 'bottom_right': (22, 25)}, {'top_left': (4, 19), 'bottom_right': (8, 23)}, {'top_left': (8, 25), 'bottom_right': (12, 29)}]"
30,11,4,12,22,"[(11, 4), (11, 5), (11, 6), (11, 7), (11, 8), (11, 9), (11, 10), (11, 11), (11, 12), (11, 13), (11, 14), (11, 15), (11, 16), (11, 17), (11, 18), (11, 19), (11, 20), (11, 21), (11, 22), (12, 22)]","[{'top_left': (13, 21), 'bottom_right': (17, 25)}, {'top_left': (18, 21), 'bottom_right': (22, 25)}, {'top_left': (4, 19), 'bottom_right': (8, 23)}, {'top_left': (8, 25), 'bottom_right': (12, 29)}]"
30,19,19,3,23,"[(19, 19), (18, 19), (17, 19), (16, 19), (15, 19), (15, 20), (15, 21), (15, 22), (15, 23), (14, 23), (13, 23), (12, 23), (11, 23), (10, 23), (9, 23), (8, 23), (7, 23), (6, 23), (5, 23), (4, 23), (3, 23)]","[{'top_left': (17, 7), 'bottom_right': (21, 11)}, {'top_left': (22, 9), 'bottom_right': (26, 13)}, {'top_left': (3, 10), 'bottom_right': (7, 14)}, {'top_left': (10, 18), 'bottom_right': (14, 22)}]"
30,1,2,23,29,"[(1, 2), (1, 3), (1, 4), (1, 5), (1, 6), (1, 7), (1, 8), (1, 9), (1, 10), (1, 11), (1, 12), (1, 13), (1, 14), (1, 15), (1, 16), (1, 17), (1, 18), (1, 19), (1, 20), (1, 21), (1, 22), (1, 23), (1, 24), (1, 25), (1, 26), (1, 27), (1, 28), (1, 29), (2, 29), (3, 29), (4, 29), (5, 29), (6, 29), (7, 29), (8, 29), (9, 29), (10, 29), (11, 29), (12, 29), (13, 29), (14, 29), (15, 29), (16, 29), (17, 29), (18, 29), (19, 29), (20, 29), (21, 29), (22, 29), (23, 29)]","[{'top_left': (17, 7), 'bottom_right': (21, 11)}, {'top_left': (22, 9), 'bottom_right': (26, 13)}, {'top_left': (3, 10), 'bottom_right': (7, 14)}, {'top_left': (10, 18), 'bottom_right': (14, 22)}]"
30,11,14,29,13,"[(11, 14), (12, 14), (13, 14), (14, 14), (15, 14), (16, 14), (17, 14), (18, 14), (19, 14), (20, 14), (21, 14), (22, 14), (23, 14), (24, 14), (25, 14), (26, 14), (27, 14), (27, 13), (28, 13), (29, 13)]","[{'top_left': (17, 7), 'bottom_right': (21, 11)}, {'top_left': (22, 9), 'bottom_right': (26, 13)}, {'top_left': (3, 10), 'bottom_right': (7, 14)}, {'top_left': (10, 18), 'bottom_right': (14, 22)}]"
30,20,14,23,26,"[(20, 14), (20, 15), (20, 16), (20, 17), (20, 18), (20, 19), (20, 20), (20, 21), (20, 22), (20, 23), (20, 24), (20, 25), (20, 26), (21, 26), (22, 26), (23, 26)]","[{'top_left': (17, 7), 'bottom_right': (21, 11)}, {'top_left': (22, 9), 'bottom_right': (26, 13)}, {'top_left': (3, 10), 'bottom_right': (7, 14)}, {'top_left': (10, 18), 'bottom_right': (14, 22)}]"
30,13,9,24,15,"[(13, 9), (13, 10), (13, 11), (13, 12), (13, 13), (13, 14), (13, 15), (14, 15), (15, 15), (16, 15), (17, 15), (18, 15), (19, 15), (20, 15), (21, 15), (22, 15), (23, 15), (24, 15)]","[{'top_left': (17, 7), 'bottom_right': (21, 11)}, {'top_left': (22, 9), 'bottom_right': (26, 13)}, {'top_left': (3, 10), 'bottom_right': (7, 14)}, {'top_left': (10, 18), 'bottom_right': (14, 22)}]"
30,16,23,18,8,"[(16, 23), (16, 22), (16, 21), (16, 20), (16, 19), (16, 18), (16, 17), (16, 16), (16, 15), (16, 14), (16, 13), (16, 12), (16, 11), (16, 10), (16, 9), (16, 8), (17, 8), (18, 8)]","[{'top_left': (22, 4), 'bottom_right': (26, 8)}, {'top_left': (23, 24), 'bottom_right': (27, 28)}, {'top_left': (18, 16), 'bottom_right': (22, 20)}, {'top_left': (2, 4), 'bottom_right': (6, 8)}]"
30,24,3,7,9,"[(24, 3), (23, 3), (22, 3), (21, 3), (20, 3), (19, 3), (18, 3), (17, 3), (16, 3), (15, 3), (14, 3), (13, 3), (12, 3), (11, 3), (10, 3), (9, 3), (8, 3), (7, 3), (7, 4), (7, 5), (7, 6), (7, 7), (7, 8), (7, 9)]","[{'top_left': (22, 4), 'bottom_right': (26, 8)}, {'top_left': (23, 24), 'bottom_right': (27, 28)}, {'top_left': (18, 16), 'bottom_right': (22, 20)}, {'top_left': (2, 4), 'bottom_right': (6, 8)}]"
30,15,10,1,18,"[(15, 10), (14, 10), (13, 10), (12, 10), (11, 10), (10, 10), (9, 10), (8, 10), (7, 10), (6, 10), (5, 10), (4, 10), (3, 10), (2, 10), (1, 10), (1, 11), (1, 12), (1, 13), (1, 14), (1, 15), (1, 16), (1, 17), (1, 18)]","[{'top_left': (22, 4), 'bottom_right': (26, 8)}, {'top_left': (23, 24), 'bottom_right': (27, 28)}, {'top_left': (18, 16), 'bottom_right': (22, 20)}, {'top_left': (2, 4), 'bottom_right': (6, 8)}]"
30,16,27,29,13,"[(16, 27), (16, 26), (16, 25), (16, 24), (16, 23), (16, 22), (16, 21), (16, 20), (16, 19), (16, 18), (16, 17), (16, 16), (16, 15), (16, 14), (16, 13), (17, 13), (18, 13), (19, 13), (20, 13), (21, 13), (22, 13), (23, 13), (24, 13), (25, 13), (26, 13), (27, 13), (28, 13), (29, 13)]","[{'top_left': (22, 4), 'bottom_right': (26, 8)}, {'top_left': (23, 24), 'bottom_right': (27, 28)}, {'top_left': (18, 16), 'bottom_right': (22, 20)}, {'top_left': (2, 4), 'bottom_right': (6, 8)}]"
30,18,28,19,10,"[(18, 28), (17, 28), (17, 27), (17, 26), (17, 25), (17, 24), (17, 23), (17, 22), (17, 21), (17, 20), (17, 19), (17, 18), (17, 17), (17, 16), (17, 15), (17, 14), (17, 13), (17, 12), (17, 11), (17, 10), (18, 10), (19, 10)]","[{'top_left': (22, 4), 'bottom_right': (26, 8)}, {'top_left': (23, 24), 'bottom_right': (27, 28)}, {'top_left': (18, 16), 'bottom_right': (22, 20)}, {'top_left': (2, 4), 'bottom_right': (6, 8)}]"
30,28,5,9,29,"[(28, 5), (27, 5), (26, 5), (25, 5), (24, 5), (23, 5), (22, 5), (21, 5), (20, 5), (19, 5), (19, 6), (19, 7), (19, 8), (19, 9), (19, 10), (19, 11), (19, 12), (18, 12), (17, 12), (16, 12), (15, 12), (14, 12), (13, 12), (13, 13), (13, 14), (13, 15), (13, 16), (13, 17), (13, 18), (13, 19), (13, 20), (12, 20), (11, 20), (10, 20), (9, 20), (9, 21), (9, 22), (9, 23), (9, 24), (9, 25), (9, 26), (9, 27), (9, 28), (9, 29)]","[{'top_left': (3, 11), 'bottom_right': (7, 15)}, {'top_left': (9, 5), 'bottom_right': (13, 9)}, {'top_left': (8, 15), 'bottom_right': (12, 19)}, {'top_left': (14, 7), 'bottom_right': (18, 11)}]"
30,4,3,6,17,"[(4, 3), (3, 3), (2, 3), (2, 4), (2, 5), (2, 6), (2, 7), (2, 8), (2, 9), (2, 10), (2, 11), (2, 12), (2, 13), (2, 14), (2, 15), (2, 16), (2, 17), (3, 17), (4, 17), (5, 17), (6, 17)]","[{'top_left': (3, 11), 'bottom_right': (7, 15)}, {'top_left': (9, 5), 'bottom_right': (13, 9)}, {'top_left': (8, 15), 'bottom_right': (12, 19)}, {'top_left': (14, 7), 'bottom_right': (18, 11)}]"
30,0,19,28,1,"[(0, 19), (0, 18), (0, 17), (0, 16), (0, 15), (0, 14), (0, 13), (0, 12), (0, 11), (0, 10), (0, 9), (0, 8), (0, 7), (0, 6), (0, 5), (0, 4), (0, 3), (0, 2), (0, 1), (1, 1), (2, 1), (3, 1), (4, 1), (5, 1), (6, 1), (7, 1), (8, 1), (9, 1), (10, 1), (11, 1), (12, 1), (13, 1), (14, 1), (15, 1), (16, 1), (17, 1), (18, 1), (19, 1), (20, 1), (21, 1), (22, 1), (23, 1), (24, 1), (25, 1), (26, 1), (27, 1), (28, 1)]","[{'top_left': (3, 11), 'bottom_right': (7, 15)}, {'top_left': (9, 5), 'bottom_right': (13, 9)}, {'top_left': (8, 15), 'bottom_right': (12, 19)}, {'top_left': (14, 7), 'bottom_right': (18, 11)}]"
30,28,17,17,25,"[(28, 17), (27, 17), (26, 17), (25, 17), (24, 17), (23, 17), (22, 17), (21, 17), (20, 17), (19, 17), (18, 17), (17, 17), (17, 18), (17, 19), (17, 20), (17, 21), (17, 22), (17, 23), (17, 24), (17, 25)]","[{'top_left': (3, 11), 'bottom_right': (7, 15)}, {'top_left': (9, 5), 'bottom_right': (13, 9)}, {'top_left': (8, 15), 'bottom_right': (12, 19)}, {'top_left': (14, 7), 'bottom_right': (18, 11)}]"
30,6,0,15,26,"[(6, 0), (6, 1), (6, 2), (6, 3), (6, 4), (6, 5), (6, 6), (6, 7), (6, 8), (6, 9), (6, 10), (7, 10), (8, 10), (8, 11), (8, 12), (8, 13), (8, 14), (9, 14), (10, 14), (11, 14), (12, 14), (13, 14), (13, 15), (13, 16), (13, 17), (13, 18), (13, 19), (13, 20), (13, 21), (13, 22), (13, 23), (13, 24), (13, 25), (13, 26), (14, 26), (15, 26)]","[{'top_left': (3, 11), 'bottom_right': (7, 15)}, {'top_left': (9, 5), 'bottom_right': (13, 9)}, {'top_left': (8, 15), 'bottom_right': (12, 19)}, {'top_left': (14, 7), 'bottom_right': (18, 11)}]"
30,22,29,27,3,"[(22, 29), (22, 28), (22, 27), (22, 26), (22, 25), (22, 24), (22, 23), (22, 22), (22, 21), (22, 20), (22, 19), (23, 19), (24, 19), (25, 19), (26, 19), (27, 19), (28, 19), (28, 18), (28, 17), (28, 16), (28, 15), (28, 14), (28, 13), (27, 13), (27, 12), (27, 11), (27, 10), (27, 9), (27, 8), (27, 7), (27, 6), (27, 5), (27, 4), (27, 3)]","[{'top_left': (0, 11), 'bottom_right': (4, 15)}, {'top_left': (6, 9), 'bottom_right': (10, 13)}, {'top_left': (18, 13), 'bottom_right': (22, 17)}, {'top_left': (23, 14), 'bottom_right': (27, 18)}]"
30,14,28,13,15,"[(14, 28), (13, 28), (13, 27), (13, 26), (13, 25), (13, 24), (13, 23), (13, 22), (13, 21), (13, 20), (13, 19), (13, 18), (13, 17), (13, 16), (13, 15)]","[{'top_left': (0, 11), 'bottom_right': (4, 15)}, {'top_left': (6, 9), 'bottom_right': (10, 13)}, {'top_left': (18, 13), 'bottom_right': (22, 17)}, {'top_left': (23, 14), 'bottom_right': (27, 18)}]"
30,8,2,27,4,"[(8, 2), (8, 3), (8, 4), (9, 4), (10, 4), (11, 4), (12, 4), (13, 4), (14, 4), (15, 4), (16, 4), (17, 4), (18, 4), (19, 4), (20, 4), (21, 4), (22, 4), (23, 4), (24, 4), (25, 4), (26, 4), (27, 4)]","[{'top_left': (0, 11), 'bottom_right': (4, 15)}, {'top_left': (6, 9), 'bottom_right': (10, 13)}, {'top_left': (18, 13), 'bottom_right': (22, 17)}, {'top_left': (23, 14), 'bottom_right': (27, 18)}]"
30,8,23,21,3,"[(8, 23), (8, 22), (8, 21), (8, 20), (8, 19), (8, 18), (8, 17), (8, 16), (8, 15), (8, 14), (9, 14), (10, 14), (11, 14), (11, 13), (11, 12), (11, 11), (11, 10), (11, 9), (11, 8), (11, 7), (11, 6), (11, 5), (11, 4), (11, 3), (12, 3), (13, 3), (14, 3), (15, 3), (16, 3), (17, 3), (18, 3), (19, 3), (20, 3), (21, 3)]","[{'top_left': (0, 11), 'bottom_right': (4, 15)}, {'top_left': (6, 9), 'bottom_right': (10, 13)}, {'top_left': (18, 13), 'bottom_right': (22, 17)}, {'top_left': (23, 14), 'bottom_right': (27, 18)}]"
30,8,14,20,23,"[(8, 14), (8, 15), (8, 16), (8, 17), (8, 18), (8, 19), (8, 20), (8, 21), (8, 22), (8, 23), (9, 23), (10, 23), (11, 23), (12, 23), (13, 23), (14, 23), (15, 23), (16, 23), (17, 23), (18, 23), (19, 23), (20, 23)]","[{'top_left': (0, 11), 'bottom_right': (4, 15)}, {'top_left': (6, 9), 'bottom_right': (10, 13)}, {'top_left': (18, 13), 'bottom_right': (22, 17)}, {'top_left': (23, 14), 'bottom_right': (27, 18)}]"
30,25,16,10,6,"[(25, 16), (24, 16), (23, 16), (22, 16), (21, 16), (20, 16), (19, 16), (18, 16), (17, 16), (16, 16), (15, 16), (14, 16), (13, 16), (12, 16), (11, 16), (10, 16), (10, 15), (10, 14), (10, 13), (10, 12), (10, 11), (10, 10), (10, 9), (10, 8), (10, 7), (10, 6)]","[{'top_left': (16, 21), 'bottom_right': (20, 25)}, {'top_left': (24, 2), 'bottom_right': (28, 6)}, {'top_left': (22, 22), 'bottom_right': (26, 26)}, {'top_left': (10, 1), 'bottom_right': (14, 5)}]"
30,28,20,1,20,"[(28, 20), (27, 20), (26, 20), (25, 20), (24, 20), (23, 20), (22, 20), (21, 20), (20, 20), (19, 20), (18, 20), (17, 20), (16, 20), (15, 20), (14, 20), (13, 20), (12, 20), (11, 20), (10, 20), (9, 20), (8, 20), (7, 20), (6, 20), (5, 20), (4, 20), (3, 20), (2, 20), (1, 20)]","[{'top_left': (16, 21), 'bottom_right': (20, 25)}, {'top_left': (24, 2), 'bottom_right': (28, 6)}, {'top_left': (22, 22), 'bottom_right': (26, 26)}, {'top_left': (10, 1), 'bottom_right': (14, 5)}]"
30,20,0,7,4,"[(20, 0), (19, 0), (18, 0), (17, 0), (16, 0), (15, 0), (14, 0), (13, 0), (12, 0), (11, 0), (10, 0), (9, 0), (8, 0), (7, 0), (7, 1), (7, 2), (7, 3), (7, 4)]","[{'top_left': (16, 21), 'bottom_right': (20, 25)}, {'top_left': (24, 2), 'bottom_right': (28, 6)}, {'top_left': (22, 22), 'bottom_right': (26, 26)}, {'top_left': (10, 1), 'bottom_right': (14, 5)}]"
30,21,6,8,15,"[(21, 6), (20, 6), (19, 6), (18, 6), (17, 6), (16, 6), (15, 6), (14, 6), (13, 6), (12, 6), (11, 6), (10, 6), (9, 6), (8, 6), (8, 7), (8, 8), (8, 9), (8, 10), (8, 11), (8, 12), (8, 13), (8, 14), (8, 15)]","[{'top_left': (16, 21), 'bottom_right': (20, 25)}, {'top_left': (24, 2), 'bottom_right': (28, 6)}, {'top_left': (22, 22), 'bottom_right': (26, 26)}, {'top_left': (10, 1), 'bottom_right': (14, 5)}]"
30,23,15,9,4,"[(23, 15), (22, 15), (21, 15), (20, 15), (19, 15), (18, 15), (17, 15), (16, 15), (15, 15), (14, 15), (13, 15), (12, 15), (11, 15), (10, 15), (9, 15), (9, 14), (9, 13), (9, 12), (9, 11), (9, 10), (9, 9), (9, 8), (9, 7), (9, 6), (9, 5), (9, 4)]","[{'top_left': (16, 21), 'bottom_right': (20, 25)}, {'top_left': (24, 2), 'bottom_right': (28, 6)}, {'top_left': (22, 22), 'bottom_right': (26, 26)}, {'top_left': (10, 1), 'bottom_right': (14, 5)}]"
30,22,5,1,13,"[(22, 5), (21, 5), (20, 5), (19, 5), (18, 5), (18, 6), (18, 7), (17, 7), (16, 7), (15, 7), (14, 7), (13, 7), (12, 7), (11, 7), (10, 7), (9, 7), (8, 7), (7, 7), (6, 7), (5, 7), (4, 7), (3, 7), (2, 7), (1, 7), (1, 8), (1, 9), (1, 10), (1, 11), (1, 12), (1, 13)]","[{'top_left': (6, 20), 'bottom_right': (10, 24)}, {'top_left': (23, 23), 'bottom_right': (27, 27)}, {'top_left': (6, 0), 'bottom_right': (10, 4)}, {'top_left': (13, 2), 'bottom_right': (17, 6)}]"
30,3,28,28,24,"[(3, 28), (4, 28), (5, 28), (6, 28), (7, 28), (8, 28), (9, 28), (10, 28), (11, 28), (12, 28), (13, 28), (14, 28), (15, 28), (16, 28), (17, 28), (18, 28), (19, 28), (20, 28), (21, 28), (22, 28), (23, 28), (24, 28), (25, 28), (26, 28), (27, 28), (28, 28), (28, 27), (28, 26), (28, 25), (28, 24)]","[{'top_left': (6, 20), 'bottom_right': (10, 24)}, {'top_left': (23, 23), 'bottom_right': (27, 27)}, {'top_left': (6, 0), 'bottom_right': (10, 4)}, {'top_left': (13, 2), 'bottom_right': (17, 6)}]"
30,10,7,21,13,"[(10, 7), (10, 8), (10, 9), (10, 10), (10, 11), (10, 12), (10, 13), (11, 13), (12, 13), (13, 13), (14, 13), (15, 13), (16, 13), (17, 13), (18, 13), (19, 13), (20, 13), (21, 13)]","[{'top_left': (6, 20), 'bottom_right': (10, 24)}, {'top_left': (23, 23), 'bottom_right': (27, 27)}, {'top_left': (6, 0), 'bottom_right': (10, 4)}, {'top_left': (13, 2), 'bottom_right': (17, 6)}]"
30,21,3,11,22,"[(21, 3), (20, 3), (19, 3), (18, 3), (18, 4), (18, 5), (18, 6), (18, 7), (17, 7), (16, 7), (15, 7), (14, 7), (13, 7), (12, 7), (11, 7), (11, 8), (11, 9), (11, 10), (11, 11), (11, 12), (11, 13), (11, 14), (11, 15), (11, 16), (11, 17), (11, 18), (11, 19), (11, 20), (11, 21), (11, 22)]","[{'top_left': (6, 20), 'bottom_right': (10, 24)}, {'top_left': (23, 23), 'bottom_right': (27, 27)}, {'top_left': (6, 0), 'bottom_right': (10, 4)}, {'top_left': (13, 2), 'bottom_right': (17, 6)}]"
30,21,7,0,9,"[(21, 7), (20, 7), (19, 7), (18, 7), (17, 7), (16, 7), (15, 7), (14, 7), (13, 7), (12, 7), (11, 7), (10, 7), (9, 7), (8, 7), (7, 7), (6, 7), (5, 7), (4, 7), (3, 7), (2, 7), (1, 7), (0, 7), (0, 8), (0, 9)]","[{'top_left': (6, 20), 'bottom_right': (10, 24)}, {'top_left': (23, 23), 'bottom_right': (27, 27)}, {'top_left': (6, 0), 'bottom_right': (10, 4)}, {'top_left': (13, 2), 'bottom_right': (17, 6)}]"
30,1,8,15,23,"[(1, 8), (1, 9), (1, 10), (1, 11), (1, 12), (1, 13), (1, 14), (1, 15), (1, 16), (1, 17), (1, 18), (1, 19), (1, 20), (1, 21), (1, 22), (1, 23), (2, 23), (3, 23), (4, 23), (5, 23), (6, 23), (7, 23), (8, 23), (9, 23), (10, 23), (11, 23), (12, 23), (13, 23), (14, 23), (15, 23)]","[{'top_left': (8, 16), 'bottom_right': (12, 20)}, {'top_left': (6, 25), 'bottom_right': (10, 29)}, {'top_left': (13, 1), 'bottom_right': (17, 5)}, {'top_left': (17, 24), 'bottom_right': (21, 28)}]"
30,1,9,14,13,"[(1, 9), (1, 10), (1, 11), (1, 12), (1, 13), (2, 13), (3, 13), (4, 13), (5, 13), (6, 13), (7, 13), (8, 13), (9, 13), (10, 13), (11, 13), (12, 13), (13, 13), (14, 13)]","[{'top_left': (8, 16), 'bottom_right': (12, 20)}, {'top_left': (6, 25), 'bottom_right': (10, 29)}, {'top_left': (13, 1), 'bottom_right': (17, 5)}, {'top_left': (17, 24), 'bottom_right': (21, 28)}]"
30,7,18,28,5,"[(7, 18), (7, 17), (7, 16), (7, 15), (7, 14), (7, 13), (7, 12), (7, 11), (7, 10), (7, 9), (7, 8), (7, 7), (7, 6), (8, 6), (9, 6), (10, 6), (11, 6), (12, 6), (13, 6), (14, 6), (15, 6), (16, 6), (17, 6), (18, 6), (18, 5), (19, 5), (20, 5), (21, 5), (22, 5), (23, 5), (24, 5), (25, 5), (26, 5), (27, 5), (28, 5)]","[{'top_left': (8, 16), 'bottom_right': (12, 20)}, {'top_left': (6, 25), 'bottom_right': (10, 29)}, {'top_left': (13, 1), 'bottom_right': (17, 5)}, {'top_left': (17, 24), 'bottom_right': (21, 28)}]"
30,17,6,24,20,"[(17, 6), (17, 7), (17, 8), (17, 9), (17, 10), (17, 11), (17, 12), (17, 13), (17, 14), (17, 15), (17, 16), (17, 17), (17, 18), (17, 19), (17, 20), (18, 20), (19, 20), (20, 20), (21, 20), (22, 20), (23, 20), (24, 20)]","[{'top_left': (8, 16), 'bottom_right': (12, 20)}, {'top_left': (6, 25), 'bottom_right': (10, 29)}, {'top_left': (13, 1), 'bottom_right': (17, 5)}, {'top_left': (17, 24), 'bottom_right': (21, 28)}]"
30,3,19,19,10,"[(3, 19), (3, 18), (3, 17), (3, 16), (3, 15), (3, 14), (3, 13), (3, 12), (3, 11), (3, 10), (4, 10), (5, 10), (6, 10), (7, 10), (8, 10), (9, 10), (10, 10), (11, 10), (12, 10), (13, 10), (14, 10), (15, 10), (16, 10), (17, 10), (18, 10), (19, 10)]","[{'top_left': (8, 16), 'bottom_right': (12, 20)}, {'top_left': (6, 25), 'bottom_right': (10, 29)}, {'top_left': (13, 1), 'bottom_right': (17, 5)}, {'top_left': (17, 24), 'bottom_right': (21, 28)}]"
30,2,24,22,10,"[(2, 24), (2, 23), (2, 22), (2, 21), (2, 20), (2, 19), (2, 18), (2, 17), (2, 16), (2, 15), (2, 14), (2, 13), (2, 12), (2, 11), (2, 10), (3, 10), (4, 10), (5, 10), (6, 10), (7, 10), (8, 10), (9, 10), (10, 10), (11, 10), (12, 10), (13, 10), (14, 10), (15, 10), (16, 10), (17, 10), (18, 10), (19, 10), (20, 10), (21, 10), (22, 10)]","[{'top_left': (4, 19), 'bottom_right': (8, 23)}, {'top_left': (17, 0), 'bottom_right': (21, 4)}, {'top_left': (23, 0), 'bottom_right': (27, 4)}, {'top_left': (25, 12), 'bottom_right': (29, 16)}]"
30,29,11,24,24,"[(29, 11), (28, 11), (27, 11), (26, 11), (25, 11), (24, 11), (24, 12), (24, 13), (24, 14), (24, 15), (24, 16), (24, 17), (24, 18), (24, 19), (24, 20), (24, 21), (24, 22), (24, 23), (24, 24)]","[{'top_left': (4, 19), 'bottom_right': (8, 23)}, {'top_left': (17, 0), 'bottom_right': (21, 4)}, {'top_left': (23, 0), 'bottom_right': (27, 4)}, {'top_left': (25, 12), 'bottom_right': (29, 16)}]"
30,6,5,26,17,"[(6, 5), (6, 6), (6, 7), (6, 8), (6, 9), (6, 10), (6, 11), (6, 12), (6, 13), (6, 14), (6, 15), (6, 16), (6, 17), (7, 17), (8, 17), (9, 17), (10, 17), (11, 17), (12, 17), (13, 17), (14, 17), (15, 17), (16, 17), (17, 17), (18, 17), (19, 17), (20, 17), (21, 17), (22, 17), (23, 17), (24, 17), (25, 17), (26, 17)]","[{'top_left': (4, 19), 'bottom_right': (8, 23)}, {'top_left': (17, 0), 'bottom_right': (21, 4)}, {'top_left': (23, 0), 'bottom_right': (27, 4)}, {'top_left': (25, 12), 'bottom_right': (29, 16)}]"
30,12,27,22,7,"[(12, 27), (12, 26), (12, 25), (12, 24), (12, 23), (12, 22), (12, 21), (12, 20), (12, 19), (12, 18), (12, 17), (12, 16), (12, 15), (12, 14), (12, 13), (12, 12), (12, 11), (12, 10), (12, 9), (12, 8), (12, 7), (13, 7), (14, 7), (15, 7), (16, 7), (17, 7), (18, 7), (19, 7), (20, 7), (21, 7), (22, 7)]","[{'top_left': (4, 19), 'bottom_right': (8, 23)}, {'top_left': (17, 0), 'bottom_right': (21, 4)}, {'top_left': (23, 0), 'bottom_right': (27, 4)}, {'top_left': (25, 12), 'bottom_right': (29, 16)}]"
30,17,23,7,0,"[(17, 23), (16, 23), (15, 23), (14, 23), (13, 23), (12, 23), (11, 23), (10, 23), (9, 23), (9, 22), (9, 21), (9, 20), (9, 19), (9, 18), (8, 18), (7, 18), (7, 17), (7, 16), (7, 15), (7, 14), (7, 13), (7, 12), (7, 11), (7, 10), (7, 9), (7, 8), (7, 7), (7, 6), (7, 5), (7, 4), (7, 3), (7, 2), (7, 1), (7, 0)]","[{'top_left': (4, 19), 'bottom_right': (8, 23)}, {'top_left': (17, 0), 'bottom_right': (21, 4)}, {'top_left': (23, 0), 'bottom_right': (27, 4)}, {'top_left': (25, 12), 'bottom_right': (29, 16)}]"
30,15,1,5,9,"[(15, 1), (14, 1), (13, 1), (12, 1), (11, 1), (10, 1), (9, 1), (8, 1), (7, 1), (6, 1), (6, 2), (6, 3), (6, 4), (6, 5), (5, 5), (5, 6), (5, 7), (5, 8), (5, 9)]","[{'top_left': (1, 0), 'bottom_right': (5, 4)}, {'top_left': (24, 16), 'bottom_right': (28, 20)}, {'top_left': (3, 16), 'bottom_right': (7, 20)}, {'top_left': (12, 25), 'bottom_right': (16, 29)}]"
30,24,22,7,1,"[(24, 22), (23, 22), (22, 22), (21, 22), (20, 22), (19, 22), (18, 22), (17, 22), (16, 22), (15, 22), (14, 22), (13, 22), (12, 22), (11, 22), (10, 22), (9, 22), (8, 22), (8, 21), (8, 20), (8, 19), (8, 18), (8, 17), (8, 16), (8, 15), (7, 15), (7, 14), (7, 13), (7, 12), (7, 11), (7, 10), (7, 9), (7, 8), (7, 7), (7, 6), (7, 5), (7, 4), (7, 3), (7, 2), (7, 1)]","[{'top_left': (1, 0), 'bottom_right': (5, 4)}, {'top_left': (24, 16), 'bottom_right': (28, 20)}, {'top_left': (3, 16), 'bottom_right': (7, 20)}, {'top_left': (12, 25), 'bottom_right': (16, 29)}]"
30,4,26,23,28,"[(4, 26), (4, 25), (4, 24), (5, 24), (6, 24), (7, 24), (8, 24), (9, 24), (10, 24), (11, 24), (12, 24), (13, 24), (14, 24), (15, 24), (16, 24), (17, 24), (17, 25), (17, 26), (17, 27), (17, 28), (18, 28), (19, 28), (20, 28), (21, 28), (22, 28), (23, 28)]","[{'top_left': (1, 0), 'bottom_right': (5, 4)}, {'top_left': (24, 16), 'bottom_right': (28, 20)}, {'top_left': (3, 16), 'bottom_right': (7, 20)}, {'top_left': (12, 25), 'bottom_right': (16, 29)}]"
30,2,16,23,22,"[(2, 16), (2, 17), (2, 18), (2, 19), (2, 20), (2, 21), (2, 22), (3, 22), (4, 22), (5, 22), (6, 22), (7, 22), (8, 22), (9, 22), (10, 22), (11, 22), (12, 22), (13, 22), (14, 22), (15, 22), (16, 22), (17, 22), (18, 22), (19, 22), (20, 22), (21, 22), (22, 22), (23, 22)]","[{'top_left': (1, 0), 'bottom_right': (5, 4)}, {'top_left': (24, 16), 'bottom_right': (28, 20)}, {'top_left': (3, 16), 'bottom_right': (7, 20)}, {'top_left': (12, 25), 'bottom_right': (16, 29)}]"
30,24,23,13,0,"[(24, 23), (23, 23), (22, 23), (21, 23), (20, 23), (19, 23), (18, 23), (17, 23), (16, 23), (15, 23), (14, 23), (13, 23), (13, 22), (13, 21), (13, 20), (13, 19), (13, 18), (13, 17), (13, 16), (13, 15), (13, 14), (13, 13), (13, 12), (13, 11), (13, 10), (13, 9), (13, 8), (13, 7), (13, 6), (13, 5), (13, 4), (13, 3), (13, 2), (13, 1), (13, 0)]","[{'top_left': (1, 0), 'bottom_right': (5, 4)}, {'top_left': (24, 16), 'bottom_right': (28, 20)}, {'top_left': (3, 16), 'bottom_right': (7, 20)}, {'top_left': (12, 25), 'bottom_right': (16, 29)}]"
30,25,12,6,26,"[(25, 12), (24, 12), (23, 12), (22, 12), (21, 12), (20, 12), (19, 12), (18, 12), (17, 12), (16, 12), (15, 12), (14, 12), (13, 12), (12, 12), (11, 12), (10, 12), (9, 12), (8, 12), (7, 12), (6, 12), (6, 13), (6, 14), (6, 15), (6, 16), (6, 17), (6, 18), (6, 19), (6, 20), (6, 21), (6, 22), (6, 23), (6, 24), (6, 25), (6, 26)]","[{'top_left': (0, 23), 'bottom_right': (4, 27)}, {'top_left': (17, 19), 'bottom_right': (21, 23)}, {'top_left': (4, 3), 'bottom_right': (8, 7)}, {'top_left': (23, 18), 'bottom_right': (27, 22)}]"
30,13,2,7,13,"[(13, 2), (12, 2), (11, 2), (10, 2), (9, 2), (9, 3), (9, 4), (9, 5), (9, 6), (9, 7), (9, 8), (8, 8), (7, 8), (7, 9), (7, 10), (7, 11), (7, 12), (7, 13)]","[{'top_left': (0, 23), 'bottom_right': (4, 27)}, {'top_left': (17, 19), 'bottom_right': (21, 23)}, {'top_left': (4, 3), 'bottom_right': (8, 7)}, {'top_left': (23, 18), 'bottom_right': (27, 22)}]"
30,29,22,17,16,"[(29, 22), (28, 22), (28, 21), (28, 20), (28, 19), (28, 18), (28, 17), (27, 17), (26, 17), (25, 17), (24, 17), (23, 17), (22, 17), (21, 17), (20, 17), (19, 17), (18, 17), (17, 17), (17, 16)]","[{'top_left': (0, 23), 'bottom_right': (4, 27)}, {'top_left': (17, 19), 'bottom_right': (21, 23)}, {'top_left': (4, 3), 'bottom_right': (8, 7)}, {'top_left': (23, 18), 'bottom_right': (27, 22)}]"
30,23,12,11,24,"[(23, 12), (22, 12), (21, 12), (20, 12), (19, 12), (18, 12), (17, 12), (16, 12), (15, 12), (14, 12), (13, 12), (12, 12), (11, 12), (11, 13), (11, 14), (11, 15), (11, 16), (11, 17), (11, 18), (11, 19), (11, 20), (11, 21), (11, 22), (11, 23), (11, 24)]","[{'top_left': (0, 23), 'bottom_right': (4, 27)}, {'top_left': (17, 19), 'bottom_right': (21, 23)}, {'top_left': (4, 3), 'bottom_right': (8, 7)}, {'top_left': (23, 18), 'bottom_right': (27, 22)}]"
30,20,2,3,17,"[(20, 2), (19, 2), (18, 2), (17, 2), (16, 2), (15, 2), (14, 2), (13, 2), (12, 2), (11, 2), (10, 2), (9, 2), (8, 2), (7, 2), (6, 2), (5, 2), (4, 2), (3, 2), (3, 3), (3, 4), (3, 5), (3, 6), (3, 7), (3, 8), (3, 9), (3, 10), (3, 11), (3, 12), (3, 13), (3, 14), (3, 15), (3, 16), (3, 17)]","[{'top_left': (0, 23), 'bottom_right': (4, 27)}, {'top_left': (17, 19), 'bottom_right': (21, 23)}, {'top_left': (4, 3), 'bottom_right': (8, 7)}, {'top_left': (23, 18), 'bottom_right': (27, 22)}]"
30,1,24,15,8,"[(1, 24), (1, 23), (1, 22), (1, 21), (1, 20), (1, 19), (1, 18), (1, 17), (1, 16), (1, 15), (1, 14), (1, 13), (1, 12), (1, 11), (2, 11), (3, 11), (4, 11), (5, 11), (6, 11), (7, 11), (8, 11), (9, 11), (10, 11), (10, 10), (10, 9), (10, 8), (11, 8), (12, 8), (13, 8), (14, 8), (15, 8)]","[{'top_left': (5, 6), 'bottom_right': (9, 10)}, {'top_left': (15, 18), 'bottom_right': (19, 22)}, {'top_left': (4, 12), 'bottom_right': (8, 16)}, {'top_left': (16, 23), 'bottom_right': (20, 27)}]"
30,26,4,1,10,"[(26, 4), (25, 4), (24, 4), (23, 4), (22, 4), (21, 4), (20, 4), (19, 4), (18, 4), (17, 4), (16, 4), (15, 4), (14, 4), (13, 4), (12, 4), (11, 4), (10, 4), (9, 4), (8, 4), (7, 4), (6, 4), (5, 4), (4, 4), (3, 4), (2, 4), (1, 4), (1, 5), (1, 6), (1, 7), (1, 8), (1, 9), (1, 10)]","[{'top_left': (5, 6), 'bottom_right': (9, 10)}, {'top_left': (15, 18), 'bottom_right': (19, 22)}, {'top_left': (4, 12), 'bottom_right': (8, 16)}, {'top_left': (16, 23), 'bottom_right': (20, 27)}]"
30,27,0,8,22,"[(27, 0), (26, 0), (25, 0), (24, 0), (23, 0), (22, 0), (21, 0), (20, 0), (19, 0), (18, 0), (17, 0), (16, 0), (15, 0), (14, 0), (13, 0), (12, 0), (11, 0), (10, 0), (10, 1), (10, 2), (10, 3), (10, 4), (10, 5), (10, 6), (10, 7), (10, 8), (10, 9), (10, 10), (10, 11), (9, 11), (9, 12), (9, 13), (9, 14), (9, 15), (9, 16), (9, 17), (8, 17), (8, 18), (8, 19), (8, 20), (8, 21), (8, 22)]","[{'top_left': (5, 6), 'bottom_right': (9, 10)}, {'top_left': (15, 18), 'bottom_right': (19, 22)}, {'top_left': (4, 12), 'bottom_right': (8, 16)}, {'top_left': (16, 23), 'bottom_right': (20, 27)}]"
30,27,23,23,2,"[(27, 23), (26, 23), (25, 23), (24, 23), (23, 23), (23, 22), (23, 21), (23, 20), (23, 19), (23, 18), (23, 17), (23, 16), (23, 15), (23, 14), (23, 13), (23, 12), (23, 11), (23, 10), (23, 9), (23, 8), (23, 7), (23, 6), (23, 5), (23, 4), (23, 3), (23, 2)]","[{'top_left': (5, 6), 'bottom_right': (9, 10)}, {'top_left': (15, 18), 'bottom_right': (19, 22)}, {'top_left': (4, 12), 'bottom_right': (8, 16)}, {'top_left': (16, 23), 'bottom_right': (20, 27)}]"
30,29,3,13,22,"[(29, 3), (28, 3), (27, 3), (26, 3), (25, 3), (24, 3), (23, 3), (22, 3), (21, 3), (20, 3), (19, 3), (18, 3), (17, 3), (16, 3), (15, 3), (14, 3), (13, 3), (13, 4), (13, 5), (13, 6), (13, 7), (13, 8), (13, 9), (13, 10), (13, 11), (13, 12), (13, 13), (13, 14), (13, 15), (13, 16), (13, 17), (13, 18), (13, 19), (13, 20), (13, 21), (13, 22)]","[{'top_left': (5, 6), 'bottom_right': (9, 10)}, {'top_left': (15, 18), 'bottom_right': (19, 22)}, {'top_left': (4, 12), 'bottom_right': (8, 16)}, {'top_left': (16, 23), 'bottom_right': (20, 27)}]"
